episode_id,podcast_id,podcast_title,episode_title,published_date,relevant_clip_count,max_notable_score,max_confidence,stances,topics,potential_misinformation,corrective_context,politicized,top_candidate_id,top_clip_start_estimated,top_claim_summary
2113,2,The Joe Rogan Experience,#2294 - Dr. Suzanne Humphries,2025-03-26T17:00:00,32,5,0.99,critical;mixed;neutral;supportive,childhood_schedule;conspiracy_or_institutional_trust;covid19;development_or_approval;efficacy_or_immunity;influenza;mandates_or_policy;misinformation_or_fact_checking;mmr_measles;other_vaccine;personal_decision_or_uptake;polio;safety_or_side_effects,True,False,True,episode_2113_clip_1,0.0,"Guest claims vaccines deplete vitamin A, lack proper placebo trials, and suggests polio decline was due to diagnostic changes rather than vaccination."
11765,2,The Joe Rogan Experience,#1717 - Alex Berenson,2021-10-12T17:00:00,32,5,0.99,mixed;supportive,conspiracy_or_institutional_trust;covid19;development_or_approval;efficacy_or_immunity;mandates_or_policy;misinformation_or_fact_checking;personal_decision_or_uptake;safety_or_side_effects,True,True,True,episode_11765_clip_2,321.2,Berenson cites UK/Israel data claiming majority of COVID deaths are among vaccinated; discusses waning efficacy and booster impacts.
11112,2,The Joe Rogan Experience,"#1757 - Dr. Robert Malone, MD",2021-12-31T18:00:00,26,5,0.99,mixed;neutral,childhood_schedule;conspiracy_or_institutional_trust;covid19;development_or_approval;efficacy_or_immunity;mandates_or_policy;misinformation_or_fact_checking;other_vaccine;personal_decision_or_uptake;safety_or_side_effects,True,False,True,episode_11112_clip_10,3570.0,"Speaker compares mortality in vaccinated vs unvaccinated regions, questions VAERS data dismissal, and alleges financial incentives for COVID diagnoses."
8449,2,The Joe Rogan Experience,#1864 - Alex Berenson,2022-08-26T17:00:00,24,5,0.99,mixed;supportive,conspiracy_or_institutional_trust;covid19;development_or_approval;efficacy_or_immunity;mandates_or_policy;misinformation_or_fact_checking;other_vaccine;personal_decision_or_uptake;safety_or_side_effects,True,False,True,episode_8449_clip_1,0.0,Guest claims Twitter banned him for stating vaccines don't stop infection/transmission and shouldn't be mandated.
11285,2,The Joe Rogan Experience,#1747 - Dr. Peter A. McCullough,2021-12-13T18:00:00,23,5,0.98,mixed,access_or_equity;conspiracy_or_institutional_trust;covid19;development_or_approval;efficacy_or_immunity;mandates_or_policy;misinformation_or_fact_checking;safety_or_side_effects,True,False,True,episode_11285_clip_11,5355.0,
7806,2,The Joe Rogan Experience,#1919 - Bret Weinstein,2023-01-04T18:00:00,22,5,0.99,mixed;neutral;supportive,childhood_schedule;conspiracy_or_institutional_trust;covid19;development_or_approval;efficacy_or_immunity;mandates_or_policy;misinformation_or_fact_checking;personal_decision_or_uptake;safety_or_side_effects,True,False,True,episode_7806_clip_1,766.7,Discusses Geert van den Bosch's claim that vaccines aid variant creation and mentions YouTube demonetization.
6882,2,The Joe Rogan Experience,"#1999 - Robert Kennedy, Jr.",2023-06-15T17:00:01,20,5,0.99,mixed;supportive,childhood_schedule;conspiracy_or_institutional_trust;covid19;development_or_approval;efficacy_or_immunity;mandates_or_policy;misinformation_or_fact_checking;safety_or_side_effects,True,False,True,episode_6882_clip_5,1883.1,"Claims DTP vaccine kills African children, vaccines lack placebo trials, and injury rates are vastly underreported."
11753,2,The Joe Rogan Experience,#1718 - Dr. Sanjay Gupta,2021-10-13T17:00:00,19,5,0.99,mixed;neutral,conspiracy_or_institutional_trust;covid19;development_or_approval;efficacy_or_immunity;mandates_or_policy;misinformation_or_fact_checking;personal_decision_or_uptake;safety_or_side_effects,True,True,True,episode_11753_clip_15,7735.0,"Rogan cites friends' adverse reactions (strokes, fluid buildup) and underreporting concerns; Gupta argues for vaccinating vulnerable populations."
1129,2,The Joe Rogan Experience,#2335 - Dr. Mary Talley Bowden,2025-06-10T17:00:00,18,5,0.99,mixed,childhood_schedule;conspiracy_or_institutional_trust;covid19;development_or_approval;efficacy_or_immunity;influenza;mandates_or_policy;misinformation_or_fact_checking;personal_decision_or_uptake;polio;safety_or_side_effects,True,False,True,episode_1129_clip_1,0.0,"Guest argues mRNA vaccines should not be given to pregnant women or children, alleging fraud and corruption drove recommendations."
3909,17,The Tucker Carlson Show,"Bill Gates, Truth About Vaccines, & Big Pharma’s Plot to Destroy Doctors Who Question ”The Science”",2025-09-08T18:30:00,18,5,0.99,critical;mixed,childhood_schedule;conspiracy_or_institutional_trust;covid19;development_or_approval;efficacy_or_immunity;mandates_or_policy;misinformation_or_fact_checking;personal_decision_or_uptake;safety_or_side_effects,True,False,True,episode_3909_clip_7,2975.0,"Guest describes giving saline shots instead of vaccines, claims product data sheets were blank, and alleges animal studies showed 100% mortality."
10715,2,The Joe Rogan Experience,#1780 - Maajid Nawaz,2022-02-19T18:00:00,18,5,0.99,mixed;neutral,childhood_schedule;conspiracy_or_institutional_trust;covid19;efficacy_or_immunity;mandates_or_policy;misinformation_or_fact_checking;safety_or_side_effects,True,True,True,episode_10715_clip_11,7140.0,
12420,2,The Joe Rogan Experience,#1671 - Bret Weinstein & Dr. Pierre Kory,2021-06-22T23:01:17,17,5,0.99,mixed,childhood_schedule;conspiracy_or_institutional_trust;covid19;development_or_approval;efficacy_or_immunity;mandates_or_policy;misinformation_or_fact_checking;personal_decision_or_uptake;safety_or_side_effects,True,True,True,episode_12420_clip_14,8330.0,
19740,2,The Joe Rogan Experience,#1261 - Peter Hotez,2019-03-11T00:00:00,17,5,0.98,mixed;neutral,access_or_equity;childhood_schedule;conspiracy_or_institutional_trust;development_or_approval;efficacy_or_immunity;influenza;mandates_or_policy;misinformation_or_fact_checking;mmr_measles;other_vaccine;personal_decision_or_uptake;polio;safety_or_side_effects,False,True,True,episode_19740_clip_3,463.1,
5703,2,The Joe Rogan Experience,#2101 - Bret Weinstein,2024-02-13T18:00:00,16,5,0.99,mixed,access_or_equity;conspiracy_or_institutional_trust;covid19;development_or_approval;efficacy_or_immunity;influenza;mandates_or_policy;misinformation_or_fact_checking;other_vaccine;personal_decision_or_uptake;safety_or_side_effects,True,False,True,episode_5703_clip_3,6859.9,"Claims WHO treaty proposals aim to mandate vaccines, gene therapy, and lockdowns while censoring dissent, surrendering national sovereignty."
7080,2,The Joe Rogan Experience,#1979 - Dr. Aseem Malhotra,2023-04-29T17:00:00,16,5,0.99,mixed;supportive,conspiracy_or_institutional_trust;covid19;development_or_approval;efficacy_or_immunity;mandates_or_policy;misinformation_or_fact_checking;mmr_measles;personal_decision_or_uptake;safety_or_side_effects,True,False,True,episode_7080_clip_4,3570.0,Guest claims COVID vaccine caused his clinical depression and energy depletion via spike protein toxicity.
6174,17,The Tucker Carlson Show,"Aaron Siri: Everything You Should Know About the Polio Vaccine, & Its Link to the Abortion Industry",2024-12-27T18:32:00,16,5,0.98,supportive,childhood_schedule;conspiracy_or_institutional_trust;covid19;development_or_approval;efficacy_or_immunity;influenza;mandates_or_policy;misinformation_or_fact_checking;mmr_measles;other_vaccine;personal_decision_or_uptake;polio;safety_or_side_effects,True,False,True,episode_6174_clip_1,0.0,Guest claims a specific polio vaccine was licensed based on a 3-day safety trial with no control group using monkey kidney cells.
6320,18,The Megyn Kelly Show,"Incoming HHS Secretary Robert F. Kennedy Jr. Deep Dive, Part 1 - on Fauci, Vaccines, and Big Pharma",2024-11-27T19:00:00,15,5,0.99,mixed;neutral;supportive,childhood_schedule;conspiracy_or_institutional_trust;covid19;development_or_approval;efficacy_or_immunity;influenza;mandates_or_policy;misinformation_or_fact_checking;mmr_measles;other_vaccine;safety_or_side_effects,True,True,True,episode_6320_clip_2,688.8,RFK Jr. claims mercury in vaccines causes brain damage and alleges experts lie about ethyl mercury safety compared to methyl mercury.
9336,2,The Joe Rogan Experience,#1800 - Gavin de Becker,2022-04-01T17:00:00,15,5,0.99,mixed,childhood_schedule;conspiracy_or_institutional_trust;covid19;development_or_approval;efficacy_or_immunity;hpv;influenza;mandates_or_policy;misinformation_or_fact_checking;personal_decision_or_uptake;polio;safety_or_side_effects,True,False,True,episode_9336_clip_1,4409.2,Claims treatments were suppressed to protect vaccine Emergency Use Authorization status and pharma profits.
14136,18,The Megyn Kelly Show,"COVID Child Abuse, Vaccine Truth and Lebron James Backlash with Karol Markowicz, Dr. Monica Gandhi and Dr. Martin Kulldorff | Ep. 171",2021-09-30T19:55:30,15,5,0.99,mixed;neutral,childhood_schedule;conspiracy_or_institutional_trust;covid19;efficacy_or_immunity;influenza;mandates_or_policy;misinformation_or_fact_checking;personal_decision_or_uptake;safety_or_side_effects,True,True,True,episode_14136_clip_12,3570.0,"Debate on whether natural infection provides better immunity than vaccination, citing Israeli study, while another doctor notes mixed data."
14271,18,The Megyn Kelly Show,"COVID Truth on Fauci, Vaccines, and Masks, with Sen. Rand Paul, David Zweig, and Dr. Vinay Prasad | Ep. 156",2021-09-09T19:37:00,15,5,0.98,mixed;neutral,access_or_equity;conspiracy_or_institutional_trust;covid19;development_or_approval;efficacy_or_immunity;mandates_or_policy;misinformation_or_fact_checking;personal_decision_or_uptake;safety_or_side_effects,True,True,True,episode_14271_clip_11,3642.0,Discusses myocarditis risk in young males from vaccines and questions CDC data aggregation methods.
23085,68,Huberman Lab,Improving Science & Restoring Trust in Public Health | Dr. Jay Bhattacharya,2025-06-09T08:00:00,15,5,0.98,mixed;neutral,childhood_schedule;conspiracy_or_institutional_trust;covid19;development_or_approval;efficacy_or_immunity;influenza;mandates_or_policy;misinformation_or_fact_checking;mmr_measles;polio;safety_or_side_effects,True,True,True,episode_23085_clip_1,0.0,"Guest advocates against lockdowns, mask mandates, and vaccine mandates, citing loss of public trust."
12875,18,The Megyn Kelly Show,"Fauci, Vaccines, and Big Pharma's Power | Robert F. Kennedy, Jr. Interview, Part 1 | Ep. 282",2022-03-21T18:00:00,14,5,0.99,mixed,access_or_equity;childhood_schedule;conspiracy_or_institutional_trust;covid19;development_or_approval;efficacy_or_immunity;influenza;misinformation_or_fact_checking;mmr_measles;other_vaccine;safety_or_side_effects,True,True,True,episode_12875_clip_12,5063.2,"RFK Jr. alleges Fauci funded gain-of-function research to develop bioweapons that escaped labs, leading to the pandemic via the Wuhan lab."
8897,18,The Megyn Kelly Show,"Truth About the HPV Vaccine: A Megyn Kelly Show Debate and Discussion, with Dr. Kristen Walsh and Allison Krug | Ep. 565",2023-06-05T19:40:06,14,5,0.98,mixed;neutral,conspiracy_or_institutional_trust;development_or_approval;efficacy_or_immunity;hpv;mandates_or_policy;misinformation_or_fact_checking;personal_decision_or_uptake;safety_or_side_effects,True,True,False,episode_8897_clip_5,1190.0,"Guest cites mass litigation over Gardasil deaths, questions aluminum adjuvant safety, and critiques trial design using active comparators instead of saline."
11442,2,The Joe Rogan Experience,#1737 - Tim Pool,2021-11-22T18:00:00,14,5,0.98,critical;mixed;neutral,access_or_equity;childhood_schedule;conspiracy_or_institutional_trust;covid19;development_or_approval;efficacy_or_immunity;influenza;mandates_or_policy;misinformation_or_fact_checking;personal_decision_or_uptake;safety_or_side_effects,True,False,True,episode_11442_clip_2,1785.0,"Discussion of suspended mandates, vaccine injury lawsuits, musician fired for medical exemption, and superiority of natural immunity."
14037,2,The Joe Rogan Experience,#1582 - Alex Berenson,2020-12-23T18:00:00,14,5,0.98,mixed,access_or_equity;conspiracy_or_institutional_trust;covid19;development_or_approval;efficacy_or_immunity;mandates_or_policy;misinformation_or_fact_checking;personal_decision_or_uptake;safety_or_side_effects,True,True,True,episode_14037_clip_1,2544.0,"Guest claims 17% serious side effects, questions mRNA safety for young people, and states he will not vaccinate himself or his children."
11703,2,The Joe Rogan Experience,#1721 - Michael Malice,2021-10-19T17:00:00,13,5,0.99,mixed;neutral,childhood_schedule;conspiracy_or_institutional_trust;covid19;efficacy_or_immunity;mandates_or_policy;misinformation_or_fact_checking;personal_decision_or_uptake;safety_or_side_effects,True,False,True,episode_11703_clip_4,1507.0,Speakers allege media and pharma companies demonize ivermectin due to profit motives and claim an mRNA creator opposed pandemic use.
15740,2,The Joe Rogan Experience,#1451 - Dr. Peter Hotez,2020-04-01T00:00:00,13,5,0.99,neutral,access_or_equity;covid19;development_or_approval;efficacy_or_immunity;influenza;misinformation_or_fact_checking;other_vaccine;safety_or_side_effects,False,True,False,episode_15740_clip_9,2975.0,Comparison of flu and COVID-19 lethality; explains partial flu vaccine protection and seasonality.
10732,2,The Joe Rogan Experience,#1779 - Michael Osterholm,2022-02-18T18:00:00,13,5,0.98,mixed;neutral,access_or_equity;covid19;development_or_approval;efficacy_or_immunity;mandates_or_policy;misinformation_or_fact_checking;personal_decision_or_uptake;safety_or_side_effects,False,True,True,episode_10732_clip_3,2975.0,
14226,18,The Megyn Kelly Show,"Left Turns on Nicki Minaj, Fauci’s New Title and Immigration Madness with Kmele Foster, Matt Welch, and Michael Moynihan | Ep. 161",2021-09-16T19:34:35,13,5,0.98,mixed;neutral,access_or_equity;conspiracy_or_institutional_trust;covid19;efficacy_or_immunity;mandates_or_policy;misinformation_or_fact_checking;mmr_measles;personal_decision_or_uptake;safety_or_side_effects,True,True,True,episode_14226_clip_1,8.6,Discussion of Nicki Minaj's tweet citing a cousin's friend's impotence after vaccination and the subsequent media backlash.
2434,2,The Joe Rogan Experience,#2277 - Woody Harrelson,2025-02-22T18:00:00,12,5,0.99,mixed;supportive,childhood_schedule;conspiracy_or_institutional_trust;covid19;development_or_approval;efficacy_or_immunity;influenza;mandates_or_policy;misinformation_or_fact_checking;other_vaccine;safety_or_side_effects,True,False,True,episode_2434_clip_2,656.6,"Speakers allege vaccine side effects, cover-ups, non-sterilizing nature encouraging variants, and criticize mandates and media narratives."
5398,17,The Tucker Carlson Show,"Dr. Patrick Soon-Shiong: You’re Being Lied to About Cancer, How It’s Caused, and How to Stop It",2025-03-26T18:42:00,12,5,0.99,mixed,conspiracy_or_institutional_trust;covid19;development_or_approval;efficacy_or_immunity;hpv;misinformation_or_fact_checking;other_vaccine;polio;safety_or_side_effects,True,False,True,episode_5398_clip_1,686.8,Guest suggests mRNA vaccines and infection may cause cancer via immune suppression and spike protein persistence in tissues.
6216,17,The Tucker Carlson Show,"Jenner Furst: Secret Chinese Biotech Programs, and the Documentary That Could Put Dr. Fauci in Jail",2024-12-20T19:15:00,12,5,0.99,mixed;supportive,conspiracy_or_institutional_trust;covid19;development_or_approval;efficacy_or_immunity;mandates_or_policy;misinformation_or_fact_checking;other_vaccine;safety_or_side_effects,True,False,True,episode_6216_clip_1,38.0,"Guest claims 99% of people were poisoned by COVID policies, 20 million killed, and that global powers benefited from the division."
7433,2,The Joe Rogan Experience,#1949 - Russell Brand,2023-03-02T18:00:00,12,5,0.99,mixed,access_or_equity;conspiracy_or_institutional_trust;covid19;development_or_approval;efficacy_or_immunity;influenza;mandates_or_policy;misinformation_or_fact_checking;personal_decision_or_uptake;polio;safety_or_side_effects,True,False,True,episode_7433_clip_6,3122.4,
11631,2,The Joe Rogan Experience,#1725 - Bridget Phetasy,2021-10-26T17:00:00,12,5,0.98,mixed;neutral,conspiracy_or_institutional_trust;covid19;development_or_approval;efficacy_or_immunity;mandates_or_policy;misinformation_or_fact_checking;personal_decision_or_uptake;safety_or_side_effects,True,True,True,episode_11631_clip_10,12223.7,"Speakers debunk ivermectin overdose stories, criticize media lies, and express skepticism about pharmaceutical profits."
13598,18,The Megyn Kelly Show,"Real COVID Risk to Kids and Biden's Lagging Leadership, with Charles C.W. Cooke and David Wallace-Wells | Ep. 221",2021-12-14T19:00:00,12,5,0.98,mixed;neutral,access_or_equity;covid19;development_or_approval;efficacy_or_immunity;mandates_or_policy;personal_decision_or_uptake;safety_or_side_effects,True,True,True,episode_13598_clip_10,4760.0,"Host critiques a NYC PSA linking teen vaccination to social participation, citing parental concerns about myocarditis."
1353,2,The Joe Rogan Experience,#2325 - Aaron Rodgers,2025-05-21T17:00:00,12,5,0.95,mixed,childhood_schedule;conspiracy_or_institutional_trust;covid19;development_or_approval;efficacy_or_immunity;influenza;mandates_or_policy;misinformation_or_fact_checking;mmr_measles;polio;safety_or_side_effects,True,False,True,episode_1353_clip_1,1190.0,"Speakers discuss removing boosters from schedules, allege 470,000 vaccine deaths in Florida, and claim COVID is not dangerous to children."
4203,2,The Joe Rogan Experience,#2198 - Bret Weinstein,2024-09-04T17:00:00,11,5,0.99,mixed,childhood_schedule;conspiracy_or_institutional_trust;covid19;development_or_approval;efficacy_or_immunity;influenza;mandates_or_policy;misinformation_or_fact_checking;other_vaccine;polio;safety_or_side_effects,True,False,True,episode_4203_clip_10,8330.0,"Discussion claims manufacturers knew of harms, misled on legal status, and are developing self-replicating mRNA vaccines."
4558,17,The Tucker Carlson Show,RFK Jr. Provides an Update on His Mission to End Skyrocketing Autism and Declassifying Kennedy Files,2025-06-30T18:36:00,11,5,0.99,mixed,childhood_schedule;conspiracy_or_institutional_trust;covid19;development_or_approval;efficacy_or_immunity;hpv;mandates_or_policy;misinformation_or_fact_checking;personal_decision_or_uptake;safety_or_side_effects,True,False,True,episode_4558_clip_1,351.8,RFK Jr. alleges CDC used fraudulent techniques to hide a link between vaccines and autism and ignored recommended studies.
4844,17,The Tucker Carlson Show,"Sen. Ron Johnson: What’s Really in the “Big Beautiful Bill,” and Uncovering the Truth About 9-11",2025-05-28T23:00:00,11,5,0.99,critical;mixed;supportive,childhood_schedule;conspiracy_or_institutional_trust;covid19;development_or_approval;efficacy_or_immunity;mandates_or_policy;misinformation_or_fact_checking;safety_or_side_effects,True,False,True,episode_4844_clip_5,5010.4,
6460,2,The Joe Rogan Experience,#2037 - Alex Berenson,2023-09-20T17:00:00,11,5,0.99,mixed;supportive,conspiracy_or_institutional_trust;covid19;development_or_approval;efficacy_or_immunity;mandates_or_policy;misinformation_or_fact_checking;safety_or_side_effects,True,False,True,episode_6460_clip_11,10115.0,"Speaker advises against mRNA vaccines for children, claims public health officials are ignoring better outcomes elsewhere, and cites vitamin D benefits."
6700,2,The Joe Rogan Experience,#2016 - Patrick Bet-David,2023-08-03T17:00:00,11,5,0.99,mixed,childhood_schedule;conspiracy_or_institutional_trust;covid19;efficacy_or_immunity;mandates_or_policy;misinformation_or_fact_checking;personal_decision_or_uptake;safety_or_side_effects,True,False,True,episode_6700_clip_9,6668.1,"Speakers discuss a book alleging vaccine experimentation on foster children, lack of safety trials for mandated vaccines, and downplaying of myocarditis risks."
11853,2,The Joe Rogan Experience,#1711 - Patrick Bet-David,2021-09-23T17:00:00,11,5,0.99,mixed,conspiracy_or_institutional_trust;covid19;efficacy_or_immunity;mandates_or_policy;misinformation_or_fact_checking;personal_decision_or_uptake;safety_or_side_effects,True,False,True,episode_11853_clip_3,3602.2,"Speakers discuss vaccine mandates, social credit systems, and share anecdotes about a vaccinated father and an unvaccinated friend contracting COVID."
13439,18,The Megyn Kelly Show,"Fauci's ""Noble Lie,"" Natural Immunity, and China's Latest Crackdown, with Sen. Rand Paul, Josh Rogin, and Dr. Aaron Kheriaty | Ep. 234",2022-01-05T20:33:45,11,5,0.99,mixed,childhood_schedule;conspiracy_or_institutional_trust;covid19;efficacy_or_immunity;mandates_or_policy;misinformation_or_fact_checking;personal_decision_or_uptake;safety_or_side_effects,True,False,True,episode_13439_clip_8,3570.0,Guest argues hybrid immunity lacks clinical benefit over natural immunity alone and suggests vaccines may impair immunity in previously infected individuals.
20374,53,The Diary Of A CEO with Steven Bartlett,"The Doctor That Got Banned For Speaking Out: “We've Been Lied To About Medication & COVID!”, “After 2021 Heart Attacks Increased 25%!” Dr Aseem Malhotra",2024-07-25T05:00:00,11,5,0.99,critical;mixed,conspiracy_or_institutional_trust;covid19;development_or_approval;efficacy_or_immunity;influenza;mandates_or_policy;misinformation_or_fact_checking;mmr_measles;personal_decision_or_uptake;safety_or_side_effects,True,False,True,episode_20374_clip_7,2380.0,"Speaker concludes COVID vaccines had a catastrophic net negative effect, while acknowledging personal severe illness from unvaccinated COVID cases."
6335,2,The Joe Rogan Experience,#2049- Coleman Hughes,2023-10-20T17:00:00,11,5,0.98,mixed;neutral,access_or_equity;childhood_schedule;conspiracy_or_institutional_trust;covid19;development_or_approval;efficacy_or_immunity;mandates_or_policy;misinformation_or_fact_checking;other_vaccine;personal_decision_or_uptake;safety_or_side_effects,True,True,True,episode_6335_clip_7,2975.0,"Discussion on fact-checking RFK Jr.'s claims, specifically debunking a statistic about DTP vaccine deaths in the 1970s while criticizing lack of journalistic scrutiny."
11025,2,The Joe Rogan Experience,#1762 - Josh Szeps,2022-01-12T18:00:00,11,5,0.98,mixed;neutral,access_or_equity;conspiracy_or_institutional_trust;covid19;efficacy_or_immunity;mandates_or_policy;misinformation_or_fact_checking;personal_decision_or_uptake;safety_or_side_effects,True,True,True,episode_11025_clip_1,3.9,"Debate over Omicron severity, vaccine efficacy against infection vs. hospitalization, and Australian restrictions."
11721,2,The Joe Rogan Experience,#1720 - Tony Hinchcliffe & Brian Redban,2021-10-15T17:00:00,11,5,0.98,mixed;neutral,conspiracy_or_institutional_trust;covid19;development_or_approval;efficacy_or_immunity;mandates_or_policy;misinformation_or_fact_checking;personal_decision_or_uptake;safety_or_side_effects,True,False,True,episode_11721_clip_11,12016.4,"Speakers debate hospitalization rates by status, cite undercover videos of scientists, and discuss censorship of vaccine criticism."
13153,18,The Megyn Kelly Show,"Biden's COVID Gaslighting, Anti-Science Masking, and Trucker Crackdown, with Ben Shapiro, Ezra Levant and Rob Astorino | Ep. 258",2022-02-09T20:22:59,11,5,0.98,mixed,access_or_equity;childhood_schedule;conspiracy_or_institutional_trust;covid19;efficacy_or_immunity;mandates_or_policy;misinformation_or_fact_checking;personal_decision_or_uptake;safety_or_side_effects,True,True,True,episode_13153_clip_8,3222.8,"Speaker claims children face negligible COVID risk, cites low death counts, and argues cloth masks and vaccines are unnecessary for kids."
11197,2,The Joe Rogan Experience,#1752 - Tim Dillon,2021-12-24T04:49:50,11,5,0.95,mixed;neutral,conspiracy_or_institutional_trust;covid19;development_or_approval;efficacy_or_immunity;mandates_or_policy;misinformation_or_fact_checking;personal_decision_or_uptake;safety_or_side_effects,True,False,True,episode_11197_clip_1,595.0,"Speakers question vaccine efficacy against variants, allege shifting goalposts on protection claims, and discuss potential underreporting of adverse events."
13699,18,The Megyn Kelly Show,"Fauci, Cuomo, Hunter, and Omicron, with Sen. Rand Paul, Miranda Devine, Dr. Jay Bhattacharya, and Dr. David Dowdy | Ep. 212",2021-12-01T19:53:00,11,5,0.95,mixed;neutral,access_or_equity;childhood_schedule;conspiracy_or_institutional_trust;covid19;development_or_approval;efficacy_or_immunity;mandates_or_policy;personal_decision_or_uptake;safety_or_side_effects,True,True,True,episode_13699_clip_11,5355.0,"Experts explain declining vaccine efficacy against infection over time, persistent protection against severe disease, and blood type myths."
5335,17,The Tucker Carlson Show,Dr. Mary Talley Bowden: How Vaccines Got Politicized and the Medical Industry Lost All Credibility,2025-04-02T19:01:00,10,5,0.99,mixed,childhood_schedule;conspiracy_or_institutional_trust;covid19;development_or_approval;efficacy_or_immunity;influenza;mandates_or_policy;misinformation_or_fact_checking;personal_decision_or_uptake;safety_or_side_effects,True,False,True,episode_5335_clip_1,0.0,
6575,2,The Joe Rogan Experience,#2025 - Dave Smith,2023-08-24T17:00:00,10,5,0.99,neutral;supportive,conspiracy_or_institutional_trust;covid19;development_or_approval;efficacy_or_immunity;mandates_or_policy;misinformation_or_fact_checking;other_vaccine;personal_decision_or_uptake;safety_or_side_effects,True,True,True,episode_6575_clip_6,6672.1,"Speakers link increased all-cause mortality to vaccines, claim infection immunity is superior, and criticize mandates for young people."
8438,2,The Joe Rogan Experience,#1865 - Aaron Rodgers,2022-08-27T17:00:00,10,5,0.99,mixed,conspiracy_or_institutional_trust;covid19;development_or_approval;efficacy_or_immunity;mandates_or_policy;misinformation_or_fact_checking;personal_decision_or_uptake;safety_or_side_effects,True,True,True,episode_8438_clip_1,0.0,"Rodgers details avoiding mRNA vaccines due to PEG allergy, using an alternative protocol, and disputing transmission claims."
8745,17,The Tucker Carlson Show,Dr. Michael Nehls,2024-04-09T00:00:00,10,5,0.99,mixed,conspiracy_or_institutional_trust;covid19;mandates_or_policy;misinformation_or_fact_checking;safety_or_side_effects,True,False,True,episode_8745_clip_2,397.9,Guest claims spike protein from virus and mRNA vaccines shuts down nerve cell production causing depression.
11935,2,The Joe Rogan Experience,#1705 - Bret Weinstein & Heather Heying,2021-09-09T17:00:00,10,5,0.99,mixed;neutral;supportive,childhood_schedule;conspiracy_or_institutional_trust;covid19;development_or_approval;efficacy_or_immunity;misinformation_or_fact_checking;personal_decision_or_uptake;safety_or_side_effects,True,False,True,episode_11935_clip_9,8330.0,"Claims narrow-target vaccines deployed during a pandemic create evolutionary pressure for variants, causing immune escape and reduced efficacy."
15201,18,The Megyn Kelly Show,"COVID Vaccines, Masks and Schools, with Alex Berenson and Dr. Jay Bhattacharya | Ep. 57",2021-01-29T10:00:00,10,5,0.99,mixed;neutral,access_or_equity;childhood_schedule;covid19;development_or_approval;efficacy_or_immunity;mandates_or_policy;misinformation_or_fact_checking;personal_decision_or_uptake;safety_or_side_effects,True,True,True,episode_15201_clip_11,5446.6,"Guest lists unknowns about mRNA vaccines: impact on severe disease, death, mutations, long-term effects, and cites rising Israeli cases post-vaccination."
15434,18,The Megyn Kelly Show,"COVID Truth on Lockdowns, Vaccines and Schools, with the Great Barrington Declaration Doctors | Ep. 34",2020-12-07T10:00:00,10,5,0.99,mixed;neutral,access_or_equity;childhood_schedule;conspiracy_or_institutional_trust;covid19;development_or_approval;efficacy_or_immunity;mandates_or_policy;personal_decision_or_uptake;safety_or_side_effects,False,False,True,episode_15434_clip_12,4760.0,"Discussion covers vaccine development speed, safety, efficacy, and debates over mandatory vaccination for businesses versus federal mandates."
11412,18,The Megyn Kelly Show,"Robert F. Kennedy, Jr. on COVID Orthodoxy, Fauci's Legacy, and War in Ukraine | Ep. 419",2022-10-25T18:00:00,10,5,0.98,mixed;supportive,childhood_schedule;conspiracy_or_institutional_trust;covid19;development_or_approval;efficacy_or_immunity;mandates_or_policy;misinformation_or_fact_checking;safety_or_side_effects,True,False,True,episode_11412_clip_4,1190.0,"Asserts vaccines do not prevent transmission, cause myocarditis and death, and that clinical trial data showing higher mortality was ignored."
11137,2,The Joe Rogan Experience,#1756 - John Abramson,2021-12-30T18:00:00,10,5,0.95,mixed,access_or_equity;conspiracy_or_institutional_trust;covid19;development_or_approval;efficacy_or_immunity;mandates_or_policy;misinformation_or_fact_checking;personal_decision_or_uptake;safety_or_side_effects,True,True,True,episode_11137_clip_1,2554.3,Speakers allege the Biden administration blocked monoclonal antibodies to force vaccination and claim ivermectin is effective but suppressed due to cost.
338,2,The Joe Rogan Experience,"Fight Companion - September 6, 2025",2025-09-07T00:42:00,9,5,0.99,mixed;neutral,childhood_schedule;conspiracy_or_institutional_trust;covid19;efficacy_or_immunity;misinformation_or_fact_checking;mmr_measles;other_vaccine;personal_decision_or_uptake;safety_or_side_effects,True,False,True,episode_338_clip_2,4209.4,"Speakers debate MMR-autism links, Hep B timing, lack of placebo trials, and attribute disease decline to sanitation over vaccines."
4276,19,Pod Save America,Are RFK Jr. & MAHA Coming for Your Vaccine?,2025-06-29T07:05:00,9,5,0.99,mixed;neutral,childhood_schedule;conspiracy_or_institutional_trust;covid19;efficacy_or_immunity;influenza;mandates_or_policy;misinformation_or_fact_checking;mmr_measles;personal_decision_or_uptake;safety_or_side_effects,True,True,True,episode_4276_clip_1,0.0,Discussion of RFK Jr. replacing ACIP members with anti-vax advocates and concerns about pharmaceutical influence.
4717,2,The Joe Rogan Experience,#2168 - Tyler Fischer,2024-06-25T17:00:00,9,5,0.99,mixed;supportive,conspiracy_or_institutional_trust;covid19;efficacy_or_immunity;mandates_or_policy;misinformation_or_fact_checking;personal_decision_or_uptake;safety_or_side_effects,True,False,True,episode_4717_clip_1,1887.8,"Speaker claims segregation based on medicine, exaggerated death tolls, and cites natural immunity over vaccination."
8387,17,The Tucker Carlson Show,"Aaron Rodgers: Epstein’s Death, Psychedelics, Fake Vax Cards in the NFL, and Pat Tillman",2024-05-14T18:00:00,9,5,0.99,mixed,access_or_equity;childhood_schedule;conspiracy_or_institutional_trust;covid19;development_or_approval;mandates_or_policy;misinformation_or_fact_checking;personal_decision_or_uptake;safety_or_side_effects,True,False,True,episode_8387_clip_1,0.0,"Speakers discuss COVID vaccine mandates, alleged lies about safety, and cite a study claiming 44% miscarriage rate among vaccinated pregnant women."
11202,18,The Megyn Kelly Show,"Elon's Free Speech Quest, and Vaccine Mandate Reality, with Vivek Ramaswamy, Ken Mauer, and Jason Phillips | Ep. 439",2022-11-21T20:20:01,9,5,0.99,mixed,conspiracy_or_institutional_trust;covid19;efficacy_or_immunity;mandates_or_policy;personal_decision_or_uptake;safety_or_side_effects,True,False,True,episode_11202_clip_5,3778.8,Discussion highlights class discrimination in mandates and notes expired vaccine efficacy requiring boosters.
11401,2,The Joe Rogan Experience,#1740 - Jocko Willink,2021-11-26T18:00:00,9,5,0.99,mixed,access_or_equity;conspiracy_or_institutional_trust;covid19;development_or_approval;efficacy_or_immunity;mandates_or_policy;misinformation_or_fact_checking;personal_decision_or_uptake;safety_or_side_effects,True,False,True,episode_11401_clip_7,8330.0,"Speaker argues vaccine mandates are illogical, claims vaccines offer inferior protection to natural immunity, and cites breakthrough infections."
11517,2,The Joe Rogan Experience,#1732 - Ben Shapiro,2021-11-10T18:00:00,9,5,0.99,mixed;neutral,childhood_schedule;conspiracy_or_institutional_trust;covid19;development_or_approval;efficacy_or_immunity;mandates_or_policy;misinformation_or_fact_checking;personal_decision_or_uptake;safety_or_side_effects,True,False,True,episode_11517_clip_4,1190.0,"Discusses underreported vaccine adverse reactions, relative risks for different age groups, and ignored alternative treatments."
4787,18,The Megyn Kelly Show,"Inside Story of Bondi's Epstein Files Fail, and the Secret to Solving Cancer, with Liz Wheeler and Dr. Patrick Soon-Shiong | Ep. 1105",2025-07-10T19:19:51,9,5,0.98,mixed;neutral,conspiracy_or_institutional_trust;covid19;development_or_approval;efficacy_or_immunity;safety_or_side_effects,True,False,True,episode_4787_clip_10,5144.3,Guest theorizes that both the virus and the vaccine cause persistent spike proteins leading to aggressive cancers in youth.
7066,19,Pod Save America,“Joe vs. the Fall-cano.”,2021-09-20T21:32:00,9,5,0.98,mixed;neutral,access_or_equity;conspiracy_or_institutional_trust;covid19;development_or_approval;efficacy_or_immunity;mandates_or_policy;misinformation_or_fact_checking;personal_decision_or_uptake;safety_or_side_effects,False,False,True,episode_7066_clip_2,595.0,
8803,2,The Joe Rogan Experience,#1837 - Gina Carano,2022-06-28T17:00:00,9,5,0.98,mixed,conspiracy_or_institutional_trust;covid19;development_or_approval;efficacy_or_immunity;mandates_or_policy;misinformation_or_fact_checking;personal_decision_or_uptake;safety_or_side_effects,True,False,True,episode_8803_clip_4,2380.0,"Debate on vaccine efficacy, mandates as abuse of power, leaky vaccines causing variants, and personal infection experiences."
11236,18,The Megyn Kelly Show,"Trump Makes it Official, and Defeating the Censors, with Alex Berenson, Michael Brendan Dougherty, and Jason Miller | Ep. 436",2022-11-16T20:26:57,9,5,0.98,mixed;neutral;supportive,conspiracy_or_institutional_trust;covid19;efficacy_or_immunity;mandates_or_policy;misinformation_or_fact_checking;personal_decision_or_uptake;safety_or_side_effects,True,False,True,episode_11236_clip_5,3570.0,"Speaker argues COVID vaccines lack benefit for healthy people under 50, claims they don't work against Omicron, alleges underreporting of myocarditis, and cites international policy shifts."
11243,2,The Joe Rogan Experience,#1749 - Shane Dorian,2021-12-21T18:00:00,9,5,0.98,mixed;supportive,childhood_schedule;conspiracy_or_institutional_trust;covid19;development_or_approval;efficacy_or_immunity;hpv;mandates_or_policy;misinformation_or_fact_checking;safety_or_side_effects,True,False,True,episode_11243_clip_7,9520.0,"Anecdotes about myocarditis in vaccinated friends, claims of government overreach allowing imprisonment without trial, and coerced vaccination in schools."
12043,2,The Joe Rogan Experience,#1697 - Zuby,2021-08-18T17:00:00,9,5,0.98,mixed,conspiracy_or_institutional_trust;covid19;development_or_approval;efficacy_or_immunity;influenza;mandates_or_policy;misinformation_or_fact_checking;personal_decision_or_uptake;safety_or_side_effects,True,True,True,episode_12043_clip_4,1803.4,"Discusses mRNA as genetic therapy, ongoing trials, adverse reactions, and natural immunity being ignored."
13373,18,The Megyn Kelly Show,"Arrogance of the Elites and Our Alarming Digital Future, with Chris Arnade, David Zweig, and Tracey Follows | Ep. 240",2022-01-13T20:20:04,9,5,0.98,mixed,conspiracy_or_institutional_trust;covid19;efficacy_or_immunity;mandates_or_policy;misinformation_or_fact_checking;personal_decision_or_uptake;safety_or_side_effects,False,True,True,episode_13373_clip_2,826.6,Host states her healthy children do not need the vaccine while citing data on low hospitalization risks for kids.
13408,18,The Megyn Kelly Show,"CDC Damage Control and Teachers Refusing to Teach, with Matt Taibbi, Phil Kerpen and Corey DeAngelis | Ep. 237",2022-01-10T20:35:25,9,5,0.98,mixed,access_or_equity;childhood_schedule;conspiracy_or_institutional_trust;covid19;efficacy_or_immunity;influenza;mandates_or_policy;misinformation_or_fact_checking;safety_or_side_effects,True,True,True,episode_13408_clip_3,595.0,"Speakers argue vaccine mandates lack justification as Omicron reduces transmission prevention, citing data suggesting vaccinated individuals may face higher infection risks after 60-90 days."
6963,19,Pod Save America,“Darkest before the Omicron.”,2021-11-30T08:01:00,9,5,0.95,mixed;neutral,access_or_equity;conspiracy_or_institutional_trust;covid19;development_or_approval;efficacy_or_immunity;mandates_or_policy;misinformation_or_fact_checking;personal_decision_or_uptake;safety_or_side_effects,False,True,True,episode_6963_clip_7,1785.0,Dr. Jha argues boosters are necessary despite efficacy hits and criticizes delayed approval messaging.
13386,2,The Joe Rogan Experience,#1617 - Mike Baker,2021-03-10T18:00:00,9,5,0.95,mixed;neutral,conspiracy_or_institutional_trust;covid19;efficacy_or_immunity;misinformation_or_fact_checking;personal_decision_or_uptake;safety_or_side_effects,True,True,True,episode_13386_clip_1,1044.7,Discussion of a doctor's death post-vaccination and allegations that Google censors search results about it.
13664,18,The Megyn Kelly Show,"NBA's China Hypocrisy on Human Rights and COVID Reality, with Enes Kanter Freedom and David Leonhardt | Ep. 215",2021-12-06T20:24:12,9,5,0.95,mixed,childhood_schedule;conspiracy_or_institutional_trust;covid19;development_or_approval;efficacy_or_immunity;mandates_or_policy;personal_decision_or_uptake;safety_or_side_effects,True,False,True,episode_13664_clip_5,2975.0,"Discussion on Omicron severity, low COVID risk to children, and debate over mandating vaccines for ages 5-11 versus parental choice."
14328,28,REAL AF with Andy Frisella,"463. Andy & DJ CTI: Non-Citizen Voting, U.S. Sending Abrams Tanks To Ukraine & Project Veritas Sting Video",2023-01-27T10:00:00,9,5,0.95,mixed;supportive,conspiracy_or_institutional_trust;development_or_approval;mandates_or_policy;misinformation_or_fact_checking;personal_decision_or_uptake;safety_or_side_effects,True,False,True,episode_14328_clip_3,791.0,Speakers describe vaccine rollout as part of a coordinated global coup to enforce poverty and elite control.
4655,2,The Joe Rogan Experience,#2173 - Jimmy Dore,2024-07-04T17:00:00,8,5,0.99,mixed;supportive,conspiracy_or_institutional_trust;covid19;development_or_approval;efficacy_or_immunity;mandates_or_policy;misinformation_or_fact_checking;personal_decision_or_uptake;safety_or_side_effects,True,False,True,episode_4655_clip_4,6926.2,"Speaker alleges medical journals are corrupted, studies on ivermectin were rigged, and questions vaccinating those with prior infection while citing stroke risks."
6313,18,The Megyn Kelly Show,"Part 2 - Robert F. Kennedy Jr. Deep Dive, on The JFK Assassination, Growing up Kennedy, His Marriage",2024-11-29T19:00:00,8,5,0.99,mixed;supportive,conspiracy_or_institutional_trust;covid19;development_or_approval;efficacy_or_immunity;mandates_or_policy;misinformation_or_fact_checking;personal_decision_or_uptake;safety_or_side_effects,True,False,True,episode_6313_clip_1,150.6,"Speaker denies spreading vaccine misinformation, claiming censorship targets policy criticism rather than false facts."
6661,17,The Tucker Carlson Show,"Jimmy Dore: Trump’s MSG Rally, WaPo Refusing to Endorse Kamala, & Why Trump Winning Is Essential",2024-10-28T23:48:00,8,5,0.99,supportive,conspiracy_or_institutional_trust;covid19;development_or_approval;efficacy_or_immunity;mandates_or_policy;misinformation_or_fact_checking;safety_or_side_effects,True,False,True,episode_6661_clip_5,5950.0,"Speakers allege Bill Gates profited from Pfizer, then criticized vaccines before promoting new ones, and claim vaccines were not infection-blocking."
13919,18,The Megyn Kelly Show,"Free Speech Under Fire and Vaccine Mandates, with Michael Knowles and John Kass | Ep. 191",2021-10-28T19:04:08,8,5,0.99,mixed;supportive,conspiracy_or_institutional_trust;covid19;development_or_approval;efficacy_or_immunity;mandates_or_policy;personal_decision_or_uptake;safety_or_side_effects,True,False,True,episode_13919_clip_4,2380.0,"Speakers question mandating vaccines for low-risk children, citing side effects like myocarditis, moral objections to fetal cell lines, and calling the rollout an experiment."
14634,28,REAL AF with Andy Frisella,"414. Andy, Louis Uridel & DJ CTI: Judge Seals Uvalde Autopsies, John Kerry's Climate Strategy & Social Jet Lag?",2022-11-12T10:00:00,8,5,0.99,mixed,conspiracy_or_institutional_trust;covid19;development_or_approval;efficacy_or_immunity;mandates_or_policy;misinformation_or_fact_checking;safety_or_side_effects,True,False,True,episode_14634_clip_2,2128.6,"Speakers claim the vaccine is unproven, ineffective, coerced in violation of the Nuremberg Code, and caused harm."
14867,18,The Megyn Kelly Show,"COVID Truth, on the Wuhan Lab, Herd Immunity, Vaccines and Variants, with Josh Rogin and Dr. Marty Makary | Ep. 89",2021-04-14T08:00:00,8,5,0.99,mixed;neutral,childhood_schedule;covid19;development_or_approval;efficacy_or_immunity;mandates_or_policy;misinformation_or_fact_checking;personal_decision_or_uptake;safety_or_side_effects,False,True,True,episode_14867_clip_3,3089.3,"Expert clarifies variant study, asserts vaccines prevent severe disease/death, and debates masking post-vaccination."
3972,2,The Joe Rogan Experience,"#2210 - Calley  Means & Casey Means, MD",2024-10-08T17:00:00,8,5,0.98,mixed,childhood_schedule;conspiracy_or_institutional_trust;efficacy_or_immunity;influenza;mandates_or_policy;misinformation_or_fact_checking;personal_decision_or_uptake;polio;safety_or_side_effects,True,False,True,episode_3972_clip_4,3450.2,
6012,2,The Joe Rogan Experience,#2082 - Dr. Debra Soh,2024-01-03T18:00:00,8,5,0.98,supportive,conspiracy_or_institutional_trust;covid19;development_or_approval;efficacy_or_immunity;mandates_or_policy;misinformation_or_fact_checking;other_vaccine;safety_or_side_effects,True,False,True,episode_6012_clip_7,6545.0,"Claims updated COVID shots are dangerous, cites anecdotal pacemaker cases, and alleges VAERS underreporting."
6919,19,Pod Save America,“Happy Birthday to Coup.”,2022-01-04T08:01:00,8,5,0.98,mixed;neutral,conspiracy_or_institutional_trust;covid19;development_or_approval;efficacy_or_immunity;mandates_or_policy;misinformation_or_fact_checking;personal_decision_or_uptake;safety_or_side_effects,False,True,True,episode_6919_clip_2,1785.0,"Expert discusses Omicron severity, breakthrough infections, and how high vaccination rates in SF reduced hospitalizations."
8029,2,The Joe Rogan Experience,#1898 - Neal Brennan,2022-11-15T18:00:00,8,5,0.98,mixed;neutral,conspiracy_or_institutional_trust;covid19;development_or_approval;efficacy_or_immunity;mandates_or_policy;misinformation_or_fact_checking;personal_decision_or_uptake;safety_or_side_effects,True,True,True,episode_8029_clip_1,630.7,"Discussion claims hospital staff quit due to mandates, asserting natural immunity is superior and vaccine science is lacking."
8899,17,The Tucker Carlson Show,Dr. Pierre Kory,2024-03-13T23:00:00,8,5,0.98,critical;mixed,conspiracy_or_institutional_trust;covid19;development_or_approval;efficacy_or_immunity;misinformation_or_fact_checking;personal_decision_or_uptake;safety_or_side_effects,True,False,True,episode_8899_clip_1,0.0,"Claims COVID vaccines caused massive excess mortality and disability, especially among young, healthy, employed white-collar workers, citing temporal association."
9235,17,The Tucker Carlson Show,Alex Berenson,2024-01-12T00:00:00,8,5,0.98,critical,childhood_schedule;conspiracy_or_institutional_trust;covid19;development_or_approval;efficacy_or_immunity;influenza;mandates_or_policy;misinformation_or_fact_checking;safety_or_side_effects,True,False,True,episode_9235_clip_1,0.0,"Guest claims mRNA vaccines are ineffective, cause IgG4 antibodies, were rushed without safety data, and mandates were a political diversion."
10675,30,Candace,Candace Owens x Russell Brand | Candace Ep 206,2025-06-25T20:00:00,8,5,0.98,mixed,childhood_schedule;conspiracy_or_institutional_trust;covid19;efficacy_or_immunity;hpv;mandates_or_policy;misinformation_or_fact_checking;personal_decision_or_uptake;safety_or_side_effects,True,False,True,episode_10675_clip_1,1060.7,"Speaker identifies as anti-vax, claims COVID jab was harmful, and states their children are unvaccinated due to distrust."
12861,18,The Megyn Kelly Show,"The JFK Assassination, Growing up Kennedy, and His Marriage | Robert F. Kennedy, Jr. Interview, Part 2 | Ep. 283",2022-03-22T18:00:00,8,5,0.98,mixed,childhood_schedule;conspiracy_or_institutional_trust;covid19;efficacy_or_immunity;mandates_or_policy;misinformation_or_fact_checking;personal_decision_or_uptake;safety_or_side_effects,True,True,True,episode_12861_clip_3,595.0,"Speaker questions why countries with low vaccination rates had lower death rates, suggesting unproven treatments like ivermectin as causes."
13040,18,The Megyn Kelly Show,"Parents Fighting Back and COVID Policy Hypocrisy, with Dr. Joseph Ladapo and Brian Echevarria",2022-02-23T20:15:00,8,5,0.98,mixed,conspiracy_or_institutional_trust;covid19;development_or_approval;efficacy_or_immunity;mandates_or_policy;misinformation_or_fact_checking;personal_decision_or_uptake;safety_or_side_effects,True,False,True,episode_13040_clip_6,4165.0,Guest admits vaccines reduce severe illness but claims initial transmission promises failed and injuries are being ignored by officials.
14054,18,The Megyn Kelly Show,"Moms Fighting Back Over Masking Kids and CRT, with Maud Maron, Natalya Murakhver, and Jenin Younes | Ep. 180",2021-10-13T19:31:13,8,5,0.98,mixed,childhood_schedule;conspiracy_or_institutional_trust;covid19;development_or_approval;efficacy_or_immunity;mandates_or_policy;misinformation_or_fact_checking;safety_or_side_effects,True,False,True,episode_14054_clip_7,4165.0,"Speakers argue natural immunity is superior to vaccine immunity, cite disputed efficacy stats, and claim mandates ignore science while causing myocarditis in young men."
14244,2,The Joe Rogan Experience,#1566 - Nicholas Christakis,2020-11-18T18:00:00,8,5,0.98,neutral,access_or_equity;covid19;development_or_approval;efficacy_or_immunity;misinformation_or_fact_checking;personal_decision_or_uptake;safety_or_side_effects,False,True,False,episode_14244_clip_2,2411.7,"Guest details mRNA vaccine mechanisms, compares them to traditional methods, and discusses uncertainty regarding long-term immunity duration compared to smallpox."
14296,18,The Megyn Kelly Show,"Michael Shermer on COVID Hysteria, the Religion of Wokeism, and Cults | Ep. 153",2021-09-02T08:00:00,8,5,0.98,mixed;neutral,conspiracy_or_institutional_trust;covid19;efficacy_or_immunity;mandates_or_policy;misinformation_or_fact_checking;mmr_measles;personal_decision_or_uptake;safety_or_side_effects,True,True,True,episode_14296_clip_2,1190.0,Speaker opposes school vaccine mandate for teens citing heart inflammation risks and family history.
14448,18,The Megyn Kelly Show,"Cuomo and COVID, with Janice Dean and Dr. Martin Kulldorff | Ep. 139",2021-08-03T20:38:00,8,5,0.96,mixed,childhood_schedule;conspiracy_or_institutional_trust;covid19;efficacy_or_immunity;mandates_or_policy;misinformation_or_fact_checking;personal_decision_or_uptake;safety_or_side_effects,False,True,True,episode_14448_clip_2,2380.0,
11983,2,The Joe Rogan Experience,#1701 - Dr. Rhonda Patrick,2021-08-25T17:00:00,8,5,0.95,mixed;supportive,covid19;development_or_approval;efficacy_or_immunity;misinformation_or_fact_checking;personal_decision_or_uptake;safety_or_side_effects,False,True,False,episode_11983_clip_2,8019.6,"Discussion lists common vaccine misinformation claims (infertility, ADE) and acknowledges rare adverse reactions exist."
7148,19,Pod Save America,“CPAC: The Fascist & The Furious” (with Katie Porter & Dr. Vivek Murthy),2021-07-12T22:30:00,7,5,1.0,neutral,childhood_schedule;conspiracy_or_institutional_trust;covid19;development_or_approval;efficacy_or_immunity;mandates_or_policy;misinformation_or_fact_checking;personal_decision_or_uptake;safety_or_side_effects,False,True,True,episode_7148_clip_7,3570.0,"Dr. Murthy discusses booster criteria, waning immunity, J&J efficacy against Delta, and strategies to increase uptake."
2643,2,The Joe Rogan Experience,#2265 - Kurt Metzger,2025-01-30T18:00:00,7,5,0.99,mixed,conspiracy_or_institutional_trust;covid19;development_or_approval;efficacy_or_immunity;mandates_or_policy;misinformation_or_fact_checking;safety_or_side_effects,True,True,True,episode_2643_clip_2,2380.0,"Speakers allege vaccines cause autism, mandates are a money grab, and authorities intentionally avoid cures to sell treatments."
3732,2,The Joe Rogan Experience,#2225 - Dave Smith,2024-11-07T18:00:00,7,5,0.99,mixed,childhood_schedule;conspiracy_or_institutional_trust;covid19;efficacy_or_immunity;mandates_or_policy;misinformation_or_fact_checking;safety_or_side_effects,True,False,True,episode_3732_clip_2,4798.7,"Speakers debate autism diagnosis increases, vaccine liability protection, and logic flaws in pandemic vaccine mandates."
3818,2,The Joe Rogan Experience,"Fight Companion - October 26, 2024",2024-10-27T02:00:00,7,5,0.99,mixed,conspiracy_or_institutional_trust;covid19;development_or_approval;efficacy_or_immunity;influenza;misinformation_or_fact_checking;mmr_measles;polio;safety_or_side_effects,True,False,True,episode_3818_clip_2,7257.3,
4337,8,The MeidasTouch Podcast,"Meidas Health, Episode 14: The President of the American Academy of Pediatrics",2025-08-31T23:00:00,7,5,0.99,mixed,access_or_equity;childhood_schedule;conspiracy_or_institutional_trust;covid19;efficacy_or_immunity;influenza;mandates_or_policy;misinformation_or_fact_checking;safety_or_side_effects,False,True,True,episode_4337_clip_1,115.4,"AAP President discusses administrative firings at CDC, cancellation of research funding, and the spread of disinformation linking vaccines to autism."
5281,2,The Joe Rogan Experience,#2132 - Andrew Schulz,2024-04-06T17:00:00,7,5,0.99,mixed,childhood_schedule;conspiracy_or_institutional_trust;covid19;efficacy_or_immunity;mandates_or_policy;misinformation_or_fact_checking;personal_decision_or_uptake;safety_or_side_effects,True,False,True,episode_5281_clip_1,1409.9,Speakers allege pharmaceutical ad revenue causes media to suppress vaccine injury discussions and autism links.
5737,2,The Joe Rogan Experience,#2099 - Aaron Rodgers,2024-02-07T18:00:00,7,5,0.99,mixed,conspiracy_or_institutional_trust;covid19;efficacy_or_immunity;misinformation_or_fact_checking;personal_decision_or_uptake;safety_or_side_effects,True,False,True,episode_5737_clip_3,1278.4,"Speakers allege media suppression, vaccine injuries, increased mortality, and pharma control."
5915,18,The Megyn Kelly Show,"Shocking Revolving Door at FDA and Pfizer, and How to Live Forever, with Dr. Aseem Malhotra and Bryan Johnson | Ep. 1014",2025-02-26T20:28:45,7,5,0.99,mixed,conspiracy_or_institutional_trust;covid19;development_or_approval;efficacy_or_immunity;mandates_or_policy;misinformation_or_fact_checking;safety_or_side_effects,True,False,True,episode_5915_clip_2,604.0,"Guest claims COVID vaccines caused more harm than good, citing unverified death estimates and long-term autoimmune issues."
7940,18,The Megyn Kelly Show,"Rise of Alternative Media as Corporate Press Implodes, with Glenn Greenwald, Rumble CEO Chris Pavlovski, and Entrepreneur Omeed Malik",2024-01-29T19:26:51,7,5,0.99,mixed,conspiracy_or_institutional_trust;covid19;efficacy_or_immunity;mandates_or_policy;misinformation_or_fact_checking;safety_or_side_effects,True,False,True,episode_7940_clip_3,2975.0,Kelly and Greenwald discuss Moderna surveilling critics and an alleged NIH report linking COVID vaccines to autoimmune issues.
8236,18,The Megyn Kelly Show,"Disgusting Pro-Hamas Displays, and COVID Vaccine Consequences, with Konstantin Kisin and ""Shot Dead"" Documentary Director | Ep. 668",2023-11-13T20:30:53,7,5,0.99,mixed;supportive,childhood_schedule;conspiracy_or_institutional_trust;covid19;development_or_approval;efficacy_or_immunity;misinformation_or_fact_checking;personal_decision_or_uptake;safety_or_side_effects,True,False,True,episode_8236_clip_1,3040.1,"Interview promotes documentary alleging COVID vaccines caused deaths in children, citing lack of informed consent and data burial."
8707,17,The Tucker Carlson Show,Naomi Wolf,2024-04-12T03:45:00,7,5,0.99,mixed;supportive,conspiracy_or_institutional_trust;covid19;efficacy_or_immunity;mandates_or_policy;misinformation_or_fact_checking;safety_or_side_effects,True,True,True,episode_8707_clip_2,242.8,Guest claims mRNA injections cause menstrual dysregulation leading to a significant drop in live births and describes being deplatformed for reporting it.
9266,17,The Tucker Carlson Show,Brett Weinstein,2024-01-06T00:00:00,7,5,0.99,critical,childhood_schedule;conspiracy_or_institutional_trust;covid19;development_or_approval;efficacy_or_immunity;mandates_or_policy;misinformation_or_fact_checking;safety_or_side_effects,True,False,True,episode_9266_clip_3,998.6,"Hypothesizes pharma used emergency to bypass safety tests for profit, citing truncated trials and a claimed 1-in-800 serious adverse event rate."
13465,18,The Megyn Kelly Show,"COVID Truth and Propaganda, and a Trans Swimmer Update, with Dr. Jay Bhattacharya, Cynthia Millen, and Nancy Hogshead-Makar | Ep. 232",2022-01-03T20:24:30,7,5,0.99,mixed,conspiracy_or_institutional_trust;covid19;efficacy_or_immunity;mandates_or_policy;personal_decision_or_uptake;safety_or_side_effects,True,False,True,episode_13465_clip_2,415.3,
13567,18,The Megyn Kelly Show,"Social Justice Consequences and a Vaccine Injury Story, with Allie Beth Stuckey, Andrew Branca, and Kyle Warner | Ep. 223",2021-12-16T20:00:40,7,5,0.99,mixed,covid19;development_or_approval;mandates_or_policy;personal_decision_or_uptake;safety_or_side_effects,True,False,True,episode_13567_clip_3,3023.5,
13976,18,The Megyn Kelly Show,"Vaccine Freedom, China's Military Might, and Woke Media, with Allison Williams, Sen. Josh Hawley, and Batya Ungar-Sargon | Ep. 186",2021-10-21T19:05:23,7,5,0.99,mixed,conspiracy_or_institutional_trust;covid19;development_or_approval;efficacy_or_immunity;mandates_or_policy;personal_decision_or_uptake;safety_or_side_effects,True,True,True,episode_13976_clip_2,274.1,"Guest explains refusing vaccine due to pregnancy concerns, limited data, and lack of long-term safety studies for fertility."
14456,18,The Megyn Kelly Show,"Sean Parnell on Fighting For America, Running For Political Office, and How Military Combat Changes You | Ep. 138",2021-08-02T19:29:06,7,5,0.99,mixed,childhood_schedule;conspiracy_or_institutional_trust;covid19;development_or_approval;efficacy_or_immunity;mandates_or_policy;misinformation_or_fact_checking;personal_decision_or_uptake;safety_or_side_effects,True,True,True,episode_14456_clip_5,2558.7,"Host critiques CDC mask guidance reversals for vaccinated people, alleging broken promises and questioning the necessity of mandates."
6064,18,The Megyn Kelly Show,"RFK Jr. Spars with Dem Senators Trying to Smear Him at Confirmation Hearing, with Michael Knowles and Link Lauren | Ep. 994",2025-01-29T22:48:03,7,5,0.98,mixed,childhood_schedule;conspiracy_or_institutional_trust;covid19;efficacy_or_immunity;hpv;mandates_or_policy;misinformation_or_fact_checking;mmr_measles;personal_decision_or_uptake;safety_or_side_effects,True,True,True,episode_6064_clip_1,82.4,"Discussion of RFK Jr.'s hearing, focusing on 'unvaxed' merchandise, skepticism of childhood vaccine timing, and allegations of pharma corruption."
7308,19,Pod Save America,“Beat the Press.”,2021-03-15T22:00:00,7,5,0.98,mixed;neutral,access_or_equity;conspiracy_or_institutional_trust;covid19;development_or_approval;efficacy_or_immunity;mandates_or_policy;misinformation_or_fact_checking;personal_decision_or_uptake,False,True,True,episode_7308_clip_2,595.0,Debate over Trump's credit for vaccine development versus Biden's distribution success and strategies for hesitant voters.
9040,8,The MeidasTouch Podcast,"Meidas Health, Episode 7: Misinformation, MAHA, Measles, and the Future of Medicine (with Drs. Peter Hotez and Sapna Singh)",2025-05-26T22:30:00,7,5,0.98,mixed;neutral;supportive,childhood_schedule;conspiracy_or_institutional_trust;covid19;development_or_approval;efficacy_or_immunity;misinformation_or_fact_checking;mmr_measles;other_vaccine;personal_decision_or_uptake;polio;safety_or_side_effects,False,True,True,episode_9040_clip_1,209.0,
11720,18,The Megyn Kelly Show,"Harry and Meghan's Selfishness, and Media Smears, with Nigel Farage and Joseph Arthur | Ep. 390",2022-09-13T19:17:38,7,5,0.98,mixed;supportive,conspiracy_or_institutional_trust;covid19;development_or_approval;mandates_or_policy;misinformation_or_fact_checking;personal_decision_or_uptake;safety_or_side_effects,True,False,True,episode_11720_clip_6,4858.4,"Speaker denies being anti-vax but claims COVID shots are untested experimental technology, not traditional vaccines, and alleges media fabrication."
11960,2,The Joe Rogan Experience,#1703 - Tom Segura,2021-09-07T17:00:00,7,5,0.98,mixed;neutral,conspiracy_or_institutional_trust;covid19;efficacy_or_immunity;mandates_or_policy;misinformation_or_fact_checking;safety_or_side_effects,True,False,True,episode_11960_clip_1,91.9,"Speakers discuss ivermectin efficacy, allege a conspiracy to suppress treatments to protect vaccine emergency use authorization."
12961,2,The Joe Rogan Experience,#1639 - Dave Smith,2021-04-23T17:00:00,7,5,0.98,mixed,childhood_schedule;conspiracy_or_institutional_trust;covid19;efficacy_or_immunity;influenza;mandates_or_policy;misinformation_or_fact_checking;personal_decision_or_uptake;safety_or_side_effects,True,False,True,episode_12961_clip_7,7140.0,"Host discusses J&J blood clot risks, questions vaccine safety narratives, advises healthy young people against vaccination, and refuses to vaccinate children."
13640,18,The Megyn Kelly Show,"Fauci's COVID Responsibility and Gun vs. Criminal Culture, with Peter Navarro and Dana Loesch | Ep. 217",2021-12-08T19:00:00,7,5,0.98,mixed;neutral,access_or_equity;childhood_schedule;conspiracy_or_institutional_trust;covid19;development_or_approval;efficacy_or_immunity;mandates_or_policy;misinformation_or_fact_checking;personal_decision_or_uptake;safety_or_side_effects,True,False,True,episode_13640_clip_4,1200.3,"Guest alleges Pfizer manipulated data for political reasons, calls vaccines 'leaky' and mutation-inducing, and promotes therapeutics over vaccination for low-risk groups."
13819,18,The Megyn Kelly Show,"Explosive Rittenhouse Trial Moments and COVID Testing and Vaccines, with Robert Gruler, Dr. Michael Mina, and Brian Dressen | Ep. 201",2021-11-11T20:34:20,7,5,0.98,mixed;neutral,conspiracy_or_institutional_trust;covid19;development_or_approval;efficacy_or_immunity;mandates_or_policy;misinformation_or_fact_checking;personal_decision_or_uptake;safety_or_side_effects,True,True,True,episode_13819_clip_4,3570.0,"Guest claims FDA trials for children were underpowered, risks outweigh benefits, and NIH is covering up vaccine injuries."
14260,18,The Megyn Kelly Show,"9/11 20 Years Later and Biden's Vaccine Mandate, with Rep. Dan Crenshaw, Debra Burlingame, Frank Siller, and Shannen Coffin | Ep. 157",2021-09-10T20:19:07,7,5,0.98,mixed,conspiracy_or_institutional_trust;covid19;efficacy_or_immunity;mandates_or_policy;personal_decision_or_uptake;safety_or_side_effects,True,True,True,episode_14260_clip_1,0.0,
15401,24,The Shawn Ryan Show,"#47 The Canadian Gov does NOT want you to see this. / Special Ops Sniper Refuses COVID Vaccine, Gets Fired",2023-02-13T11:00:00,7,5,0.98,mixed,conspiracy_or_institutional_trust;covid19;efficacy_or_immunity;influenza;mandates_or_policy;misinformation_or_fact_checking;personal_decision_or_uptake;safety_or_side_effects,True,False,True,episode_15401_clip_3,595.0,Guest claims COVID death statistics were fudged and compares the vaccine to the flu shot which he avoids.
15653,2,The Joe Rogan Experience,#1457 - Tim Dillon,2020-04-14T00:00:00,7,5,0.98,mixed;neutral,access_or_equity;conspiracy_or_institutional_trust;covid19;hpv;mandates_or_policy;misinformation_or_fact_checking;personal_decision_or_uptake;safety_or_side_effects,True,True,True,episode_15653_clip_2,2497.5,"Speakers debate Bill Gates' motives, citing alleged adverse reactions and deaths from HPV vaccines in India and Colombia."
7261,2,The Joe Rogan Experience,#1963 - Michael Shellenberger,2023-03-30T17:00:00,7,5,0.97,mixed;supportive,conspiracy_or_institutional_trust;covid19;efficacy_or_immunity;mandates_or_policy;misinformation_or_fact_checking;safety_or_side_effects,True,False,True,episode_7261_clip_4,3570.0,"Claims vaccines were not tested to stop transmission, mandates are unjustified, and deaths occurred post-vaccination."
11298,2,The Joe Rogan Experience,#1746 - Blaire White,2021-12-10T18:00:00,7,5,0.97,mixed,access_or_equity;conspiracy_or_institutional_trust;covid19;efficacy_or_immunity;mandates_or_policy;misinformation_or_fact_checking;personal_decision_or_uptake;safety_or_side_effects,True,False,True,episode_11298_clip_8,5606.6,"Discussion links Tuskegee study to Black vaccine hesitancy, critiques vaccine passports as segregation, and debates treatment efficacy."
14726,18,The Megyn Kelly Show,"Lara Logan on Overcoming Trauma, Political Operatives in the Media, and Dangers of Technology | Ep. 105",2021-05-21T08:00:00,7,5,0.97,mixed,conspiracy_or_institutional_trust;covid19;development_or_approval;efficacy_or_immunity;mandates_or_policy;misinformation_or_fact_checking;personal_decision_or_uptake;safety_or_side_effects,True,False,True,episode_14726_clip_5,2380.0,"Speakers allege Fauci lied about masks and lab origins, and that effective treatments were suppressed."
5421,17,The Tucker Carlson Show,Captain Sherry Walker Reveals the Real Reason for All These Plane Crashes,2025-03-24T18:24:00,7,5,0.95,mixed,conspiracy_or_institutional_trust;covid19;development_or_approval;efficacy_or_immunity;mandates_or_policy;misinformation_or_fact_checking;personal_decision_or_uptake;safety_or_side_effects,True,False,True,episode_5421_clip_1,2380.0,"Guest alleges the FDA and air surgeon rushed COVID vaccine approval for pilots without studying altitude effects, calling it criminal."
11534,2,The Joe Rogan Experience,#1731 - Theo Von,2021-11-08T18:00:00,7,5,0.95,mixed;neutral,conspiracy_or_institutional_trust;covid19;development_or_approval;efficacy_or_immunity;mandates_or_policy;misinformation_or_fact_checking;personal_decision_or_uptake;polio;safety_or_side_effects,True,True,True,episode_11534_clip_6,5950.0,"Speaker claims Aaron Rodgers has a legitimate allergy to propylene glycol in vaccines, citing CDC guidelines, and argues for monoclonal antibodies over mandates."
12322,2,The Joe Rogan Experience,#1679 - Adam Curry,2021-07-06T17:00:00,7,5,0.95,mixed;supportive,conspiracy_or_institutional_trust;covid19;development_or_approval;efficacy_or_immunity;mandates_or_policy;misinformation_or_fact_checking;safety_or_side_effects,True,True,True,episode_12322_clip_3,2643.2,"Discusses hypothetical high death rates from rushed vaccines, mRNA technology origins, and lack of long-term studies."
14674,28,REAL AF with Andy Frisella,"407. Andy & DJ CTI: Brazilian Election, Declaring Amnesty & Elon Musk's Twitter Acquisition",2022-11-02T09:00:00,7,5,0.95,supportive,conspiracy_or_institutional_trust;covid19;efficacy_or_immunity;mandates_or_policy;misinformation_or_fact_checking;personal_decision_or_uptake;safety_or_side_effects,True,False,True,episode_14674_clip_1,1210.4,"Speaker alleges crimes against humanity via vaccine mandates, lies about death counts, and suppression of therapeutics."
5023,17,The Tucker Carlson Show,"Tucker and Bret Weinstein Debate Evolution, God’s Existence, Israel, and Will AI Gain Consciousness?",2025-05-07T20:37:00,6,5,0.99,mixed;neutral,childhood_schedule;conspiracy_or_institutional_trust;covid19;development_or_approval;efficacy_or_immunity;mandates_or_policy;misinformation_or_fact_checking;safety_or_side_effects,True,False,True,episode_5023_clip_3,6860.8,"Claims mRNA shots lack targeting, cause immune attacks on healthy tissues, and should not be given to children."
5331,8,The MeidasTouch Podcast,"Meidas Health, Episode 13: Trump's First Surgeon General Speaks Out",2025-08-17T00:00:00,6,5,0.99,mixed;supportive,conspiracy_or_institutional_trust;covid19;development_or_approval;efficacy_or_immunity;mandates_or_policy;misinformation_or_fact_checking;mmr_measles;polio;safety_or_side_effects,False,True,True,episode_5331_clip_1,30.4,Critique of current leadership spreading vaccine misinformation and dismantling health infrastructure.
6199,19,Pod Save America,Trump's Perfect Interview (plus Jake Tapper!),2023-06-22T21:10:47,6,5,0.99,mixed,childhood_schedule;conspiracy_or_institutional_trust;covid19;efficacy_or_immunity;misinformation_or_fact_checking;mmr_measles;personal_decision_or_uptake;polio;safety_or_side_effects,True,True,True,episode_6199_clip_4,2090.1,"Details RFK Jr.'s debunked claims on vaccines, autism, and Wi-Fi dangers."
6777,19,Pod Save America,"""Jackasses v Jackson.""",2022-03-22T07:00:00,6,5,0.99,neutral,access_or_equity;covid19;efficacy_or_immunity;mandates_or_policy;other_vaccine;personal_decision_or_uptake;safety_or_side_effects,False,False,True,episode_6777_clip_2,1785.0,
6909,2,The Joe Rogan Experience,#1996 - Andy Stumpf,2023-06-08T17:00:58,6,5,0.99,supportive,conspiracy_or_institutional_trust;covid19;development_or_approval;efficacy_or_immunity;misinformation_or_fact_checking;personal_decision_or_uptake;safety_or_side_effects,True,False,True,episode_6909_clip_1,6664.0,"Speakers claim COVID vaccines are ineffective, cause injury, and that studies show increased infection risk with more doses."
7642,17,The Tucker Carlson Show,"Dave Smith: Tim Walz, Trump vs. Rogan, and Who Is Really Running the Country?",2024-08-13T17:30:00,6,5,0.99,mixed;supportive,conspiracy_or_institutional_trust;covid19;efficacy_or_immunity;mandates_or_policy;personal_decision_or_uptake;safety_or_side_effects,True,False,True,episode_7642_clip_4,5746.3,"Speakers claim vaccines are poison, ineffective, increase infection risk, and share anecdotes of avoiding vaccines and staying healthy."
8519,24,The Shawn Ryan Show,"#163 Gary Brecka - Biohacking Secrets to Longevity, Aging Myths and the Science of Nutrition",2025-01-27T11:00:00,6,5,0.99,supportive,childhood_schedule;conspiracy_or_institutional_trust;covid19;development_or_approval;efficacy_or_immunity;misinformation_or_fact_checking;personal_decision_or_uptake;safety_or_side_effects,True,False,True,episode_8519_clip_2,2520.7,"Alleges newborns receive unnecessary Hepatitis B vaccines, links increased vaccine schedules to autism and chronic disease pandemics."
12167,18,The Megyn Kelly Show,"Free Speech Pushback, the Gift of Fear, and Dangers of Fame, with Gavin de Becker | Ep. 348",2022-06-30T19:07:24,6,5,0.99,mixed,childhood_schedule;conspiracy_or_institutional_trust;covid19;development_or_approval;hpv;mandates_or_policy;misinformation_or_fact_checking;personal_decision_or_uptake;safety_or_side_effects,True,True,True,episode_12167_clip_1,1785.0,
12473,28,REAL AF with Andy Frisella,"671. Andy & DJ CTI: Migrants Have Rights To Own Guns, Missouri Says Biden Admin Censored Speech & Police Accuse Bolsonaro Of Fraud",2024-03-20T09:00:00,6,5,0.99,mixed,conspiracy_or_institutional_trust;covid19;efficacy_or_immunity;mandates_or_policy;misinformation_or_fact_checking;safety_or_side_effects,True,False,True,episode_12473_clip_3,2975.0,Speakers allege the government censored effective therapeutics like ivermectin to maintain a state of emergency and force vaccine compliance.
13769,18,The Megyn Kelly Show,"COVID Lockdown Reality and MSNBC Banned from Rittenhouse Courtroom, with Dr. Scott Atlas, Robert Barnes, and Dan Abrams | Ep. 206",2021-11-18T19:56:56,6,5,0.99,mixed;neutral,covid19;efficacy_or_immunity;mandates_or_policy;misinformation_or_fact_checking;personal_decision_or_uptake;safety_or_side_effects,True,False,True,episode_13769_clip_5,4165.0,"Guest claims vaccines lose efficacy against infection after months, natural immunity is superior, and booster safety data is lacking."
14099,18,The Megyn Kelly Show,"Getting Real About How COVID Started and COVID Vaccines, with Josh Rogin and Scott Gottlieb | Ep. 175",2021-10-06T19:16:23,6,5,0.99,mixed,access_or_equity;childhood_schedule;conspiracy_or_institutional_trust;covid19;efficacy_or_immunity;mandates_or_policy;misinformation_or_fact_checking;personal_decision_or_uptake;safety_or_side_effects,False,True,True,episode_14099_clip_4,3570.0,"Debate over school mandates, dosing flexibility, and whether adult trial data applies to children."
14111,18,The Megyn Kelly Show,"Tech Censorship, Media Malpractice, and Woke Icons, with Victor Davis Hanson, John Stossel, and Ben Smith | Ep. 174",2021-10-05T19:41:32,6,5,0.99,mixed;neutral,access_or_equity;conspiracy_or_institutional_trust;covid19;efficacy_or_immunity;mandates_or_policy;misinformation_or_fact_checking;safety_or_side_effects,True,False,True,episode_14111_clip_6,3570.0,"Argues natural immunity may surpass vaccine protection, questions pediatric vaccination necessity, and critiques mandatory vaccination policies."
15976,28,REAL AF with Andy Frisella,"272. Andy, Mike Yoder & DJ CTI: Elon Musk's Twitter Shares, Texas Transporting Migrants To DC & California DA's Warning",2022-04-08T09:00:09,6,5,0.99,mixed;supportive,conspiracy_or_institutional_trust;covid19;development_or_approval;mandates_or_policy;misinformation_or_fact_checking;personal_decision_or_uptake;safety_or_side_effects,True,False,True,episode_15976_clip_3,2380.0,Speakers allege a 2016 document shows pandemic planning was profit-driven and that Big Pharma holds more power than the government.
19668,55,3 Takeaways™,Former Secretary of Health and Human Services Alex Azar Details Previously Unknown Reasons For The Stunning Success of Operation Warp Speed (#174),2023-12-05T06:00:00,6,5,0.99,neutral,covid19;development_or_approval;efficacy_or_immunity;mandates_or_policy;safety_or_side_effects,False,False,False,episode_19668_clip_5,1785.0,"Details Operation Warp Speed's portfolio approach, funding mechanisms, and decision to manufacture vaccines at risk before trial completion."
1672,2,The Joe Rogan Experience,#2313 - Jillian Michaels,2025-04-30T17:00:00,6,5,0.98,mixed,conspiracy_or_institutional_trust;covid19;development_or_approval;efficacy_or_immunity;misinformation_or_fact_checking;other_vaccine;safety_or_side_effects,True,False,True,episode_1672_clip_1,124.6,
3517,2,The Joe Rogan Experience,#2237 - Mike Benz,2024-12-03T18:00:00,6,5,0.98,mixed,conspiracy_or_institutional_trust;covid19;efficacy_or_immunity;misinformation_or_fact_checking;safety_or_side_effects,False,False,True,episode_3517_clip_2,4408.8,Discussion of NSF-funded projects developing technology to flag claims about vaccine immune suppression and natural immunity.
3956,2,The Joe Rogan Experience,#2211 - Michael Shellenberger,2024-10-09T17:00:00,6,5,0.98,mixed,childhood_schedule;conspiracy_or_institutional_trust;covid19;efficacy_or_immunity;misinformation_or_fact_checking;safety_or_side_effects,True,False,True,episode_3956_clip_3,1893.0,"Questions if vaccines reduced death, cites comorbidities, ventilator deaths, all-cause mortality, and compares to polio vaccine history."
4117,8,The MeidasTouch Podcast,"Meidas Health, Episode 15: Dr. Demetre Daskalakis Speaks Out After CDC Resignation",2025-09-03T23:00:00,6,5,0.98,neutral,access_or_equity;conspiracy_or_institutional_trust;covid19;efficacy_or_immunity;influenza;mandates_or_policy;misinformation_or_fact_checking;mmr_measles;other_vaccine;personal_decision_or_uptake;safety_or_side_effects,True,True,True,episode_4117_clip_5,1190.0,Explains how ACIP recommendations affect insurance coverage and access via Vaccines for Children program.
5255,2,The Joe Rogan Experience,#2134 - Paul Stamets,2024-04-11T17:00:00,6,5,0.98,mixed,covid19;development_or_approval;efficacy_or_immunity;influenza;personal_decision_or_uptake;safety_or_side_effects,True,False,False,episode_5255_clip_4,1559.4,Claims a study showed mushroom supplements reduced adverse effects of mRNA vaccines in a 90-person group.
5986,2,The Joe Rogan Experience,#2084 - Jim Breuer,2024-01-09T21:26:14,6,5,0.98,mixed;neutral;supportive,conspiracy_or_institutional_trust;covid19;development_or_approval;efficacy_or_immunity;misinformation_or_fact_checking;personal_decision_or_uptake;safety_or_side_effects,True,False,True,episode_5986_clip_4,3385.4,"Discusses a study on PhD hesitancy, political hypocrisy regarding vaccines, and defends hydroxychloroquine efficacy against a cited death toll."
7121,19,Pod Save America,“The Fear Olympics.”,2021-08-02T21:25:00,6,5,0.98,mixed;neutral,access_or_equity;conspiracy_or_institutional_trust;covid19;development_or_approval;efficacy_or_immunity;mandates_or_policy;misinformation_or_fact_checking;personal_decision_or_uptake;safety_or_side_effects,True,True,True,episode_7121_clip_2,1785.0,"Discussion of breakthrough infections, transmission rates, CDC data leaks, and booster shots for the elderly and immunocompromised."
9127,18,The Megyn Kelly Show,"RFK Announces Presidential Run, and Actress Compares Christians to Taliban, with Alex Berenson, Isabel Brown, and Will Witt | Ep. 533",2023-04-20T19:26:36,6,5,0.98,mixed,conspiracy_or_institutional_trust;covid19;efficacy_or_immunity;misinformation_or_fact_checking;safety_or_side_effects,True,True,True,episode_9127_clip_2,716.3,"Speakers link excess mortality in vaccinated countries to mRNA vaccines, urging investigation into long-term immune changes and vaccine injury."
10929,18,The Megyn Kelly Show,"Best of 2022: Memorable Moments Featuring Malcolm Gladwell, RFK Jr., Goldie Hawn, and More | Ep. 461",2022-12-29T19:00:00,6,5,0.98,mixed;supportive,conspiracy_or_institutional_trust;covid19;efficacy_or_immunity;mandates_or_policy;misinformation_or_fact_checking;personal_decision_or_uptake;safety_or_side_effects,True,True,True,episode_10929_clip_2,1475.6,RFK Jr. claims countries focusing on vaccines had higher death rates and suggests legal rights were suspended unfairly.
11919,2,The Joe Rogan Experience,#1706 - Billy Corben,2021-09-14T17:00:00,6,5,0.98,mixed;neutral,access_or_equity;childhood_schedule;conspiracy_or_institutional_trust;covid19;development_or_approval;efficacy_or_immunity;misinformation_or_fact_checking;personal_decision_or_uptake;polio;safety_or_side_effects,True,False,True,episode_11919_clip_3,595.0,
12060,2,The Joe Rogan Experience,#1696 - Lex Fridman,2021-08-17T17:00:00,6,5,0.98,mixed,conspiracy_or_institutional_trust;covid19;efficacy_or_immunity;mandates_or_policy;misinformation_or_fact_checking;personal_decision_or_uptake;safety_or_side_effects,True,True,True,episode_12060_clip_1,4348.1,"Discussion on vaccine passports as social control, lack of long-term data, and distrust in pharmaceutical companies."
13756,28,REAL AF with Andy Frisella,"535. Andy & DJ CTI: Biden Admin Improperly Censoring Social Media Users, Hunter Biden Corrupt Foreign Bank Ties & Taiwan Independence",2023-06-20T09:00:00,6,5,0.98,critical,conspiracy_or_institutional_trust;covid19;mandates_or_policy;misinformation_or_fact_checking;safety_or_side_effects,True,False,True,episode_13756_clip_3,1454.5,"Speaker cites a disputed statistic claiming COVID vaccination increases myocarditis risk by 13,200%, while noting CDC counter-claims."
13866,18,The Megyn Kelly Show,"Tuesday's Red Wave and the Kyle Rittenhouse Trial, with Victor Davis Hanson, Jonna Spilbor, and Arthur Aidala | Ep. 196",2021-11-04T18:54:37,6,5,0.98,mixed,access_or_equity;covid19;efficacy_or_immunity;mandates_or_policy;safety_or_side_effects,True,False,True,episode_13866_clip_4,1957.3,Guest shares anecdote of high natural antibody levels and questions necessity of boosters for recovered individuals.
13989,18,The Megyn Kelly Show,"Havana Syndrome and Vaccinating Young Kids, with Glenn Greenwald, David Zweig, and Marc Polymeropoulos | Ep. 185",2021-10-20T19:02:53,6,5,0.98,mixed,childhood_schedule;conspiracy_or_institutional_trust;covid19;efficacy_or_immunity;mandates_or_policy;misinformation_or_fact_checking;personal_decision_or_uptake;safety_or_side_effects,True,True,True,episode_13989_clip_5,1785.0,Host and guest debate vaccine incentives for low-risk children and accuse officials of misinformation regarding mask relief.
14152,2,The Joe Rogan Experience,#1573 - Matthew Yglesias,2020-12-03T18:00:00,6,5,0.98,mixed;neutral,access_or_equity;childhood_schedule;conspiracy_or_institutional_trust;covid19;development_or_approval;efficacy_or_immunity;misinformation_or_fact_checking;personal_decision_or_uptake;safety_or_side_effects,True,True,False,episode_14152_clip_6,7140.0,"Host plays full Bill Gates interview to prove economic return refers to societal benefit, not personal profit, debunking a conspiracy."
14753,28,REAL AF with Andy Frisella,"396. Andy, Hany Rambod & DJ CTI: PayPal Offering Bribes, Video Games Could Trigger Heart Attacks & Agency Offered Steele $1 Million To Corroborate",2022-10-14T09:00:00,6,5,0.98,critical;mixed,childhood_schedule;conspiracy_or_institutional_trust;covid19;development_or_approval;efficacy_or_immunity;misinformation_or_fact_checking;personal_decision_or_uptake;safety_or_side_effects,True,False,True,episode_14753_clip_5,4760.0,"Speakers allege vaccines cause permanent heart damage requiring lifelong medication from the same manufacturers, calling it a crime against humanity."
7092,19,Pod Save America,“The Media’s Afghanistan Amnesia.”,2021-08-24T02:36:49,6,5,0.97,mixed;neutral,conspiracy_or_institutional_trust;covid19;mandates_or_policy;misinformation_or_fact_checking;personal_decision_or_uptake,False,True,True,episode_7092_clip_4,2079.7,"Discussion on Trump's mixed vaccine message, anti-vax sentiment, and strategies to encourage uptake."
4942,2,The Joe Rogan Experience,#2153 - Dave Smith,2024-05-21T17:00:00,6,5,0.96,mixed,conspiracy_or_institutional_trust;covid19;development_or_approval;efficacy_or_immunity;mandates_or_policy;misinformation_or_fact_checking;personal_decision_or_uptake;safety_or_side_effects,True,False,True,episode_4942_clip_3,1190.0,Speakers assert natural immunity is superior and describe societal pressure to vaccinate as a 'mind virus'.
13992,2,The Joe Rogan Experience,#1585 - Michael Kosta,2020-12-28T18:00:00,6,5,0.96,mixed;neutral,conspiracy_or_institutional_trust;covid19;development_or_approval;efficacy_or_immunity;influenza;personal_decision_or_uptake;safety_or_side_effects,False,False,False,episode_13992_clip_5,6591.7,"Praises mRNA vaccine development speed but discusses Pfizer's history, profits, and potential side effects for a small percentage."
15485,2,The Joe Rogan Experience,#1474 - Dr. Rhonda Patrick,2020-05-14T00:00:00,6,5,0.96,neutral,covid19;development_or_approval;efficacy_or_immunity;influenza;safety_or_side_effects,False,False,False,episode_15485_clip_4,1190.0,"Explains antibody-dependent enhancement (ADE) risks in vaccine development, citing historical RSV issues and current coronavirus concerns."
6937,19,Pod Save America,“Fox’s Insurrection Group Chat.”,2021-12-16T22:32:00,6,5,0.95,mixed;neutral,access_or_equity;conspiracy_or_institutional_trust;covid19;efficacy_or_immunity;mandates_or_policy;misinformation_or_fact_checking;personal_decision_or_uptake;safety_or_side_effects,False,False,True,episode_6937_clip_7,3570.0,"Discussion on global vaccine distribution hurdles, domestic hesitancy, and the shift toward accepting infection-derived immunity for some."
8294,2,The Joe Rogan Experience,#1875 - Dave Smith,2022-09-28T17:00:00,6,5,0.95,mixed,conspiracy_or_institutional_trust;covid19;efficacy_or_immunity;mandates_or_policy;misinformation_or_fact_checking;personal_decision_or_uptake;safety_or_side_effects,True,False,True,episode_8294_clip_2,1449.4,
8538,18,The Megyn Kelly Show,"Legacy Media Constraints, and COVID Gaslighting Continues, with Bari Weiss, Nellie Bowles, and David Zweig | Ep. 621",2023-09-06T19:56:24,6,5,0.95,mixed,conspiracy_or_institutional_trust;covid19;efficacy_or_immunity;mandates_or_policy;misinformation_or_fact_checking;safety_or_side_effects,True,True,True,episode_8538_clip_1,2695.0,"Speaker regrets COVID vaccination, links it to autoimmune issues, and criticizes CDC for downplaying myocarditis."
10698,18,The Megyn Kelly Show,"Pelosi Bodycam Footage Revealed, and Pfizer Exec Caught on Tape, with Michael Knowles and Mike Baker | Ep. 481",2023-01-27T20:09:36,6,5,0.95,mixed,conspiracy_or_institutional_trust;covid19;development_or_approval;efficacy_or_immunity;mandates_or_policy;misinformation_or_fact_checking;safety_or_side_effects,True,False,True,episode_10698_clip_1,118.5,Speakers analyze a Pfizer executive's alleged admission of mutating COVID to create new vaccines and lying to the public.
11560,24,The Shawn Ryan Show,#117 Robert F. Kennedy Jr. - CIA Propaganda & Information Manipulation,2024-06-17T10:00:00,6,5,0.95,mixed,childhood_schedule;conspiracy_or_institutional_trust;covid19;development_or_approval;efficacy_or_immunity;mandates_or_policy;misinformation_or_fact_checking;safety_or_side_effects,True,False,True,episode_11560_clip_2,6787.9,Guest alleges CDC hid data linking vaccines to autism since 2001 and claims injured individuals are gaslighted by authorities.
14160,18,The Megyn Kelly Show,"Missing Migrants, Mask Mutiny, and the Hunter Biden Email Coverup with Robby Soave and Sohrab Ahmari | Ep. 168",2021-09-27T19:40:40,6,5,0.95,mixed,access_or_equity;conspiracy_or_institutional_trust;covid19;efficacy_or_immunity;mandates_or_policy;personal_decision_or_uptake;safety_or_side_effects,True,False,True,episode_14160_clip_1,669.1,"Hosts criticize vaccine mandates for workers while noting migrants aren't tested or vaccinated, questioning policy consistency."
14669,2,The Joe Rogan Experience,#1533 - Adam Curry,2020-09-08T16:16:24,6,5,0.95,mixed;neutral;supportive,conspiracy_or_institutional_trust;covid19;development_or_approval;efficacy_or_immunity;mandates_or_policy;misinformation_or_fact_checking;mmr_measles;personal_decision_or_uptake;safety_or_side_effects,True,True,True,episode_14669_clip_7,11305.0,"Claims mRNA vaccines alter DNA, are unproven, and describes a financial conspiracy involving pharma and lack of liability."
2039,8,The MeidasTouch Podcast,MeidasTouch Full Podcast - 9/23/25,2025-09-23T09:00:00,5,5,0.99,mixed,conspiracy_or_institutional_trust;covid19;efficacy_or_immunity;misinformation_or_fact_checking;mmr_measles;personal_decision_or_uptake;polio;safety_or_side_effects,False,True,True,episode_2039_clip_1,64.1,Host critiques Trump's claims linking Tylenol and vaccines to autism and firing of CDC experts.
2847,2,The Joe Rogan Experience,#2255 - Mark Zuckerberg,2025-01-10T18:00:00,5,5,0.99,mixed,conspiracy_or_institutional_trust;covid19;development_or_approval;efficacy_or_immunity;mandates_or_policy;misinformation_or_fact_checking;personal_decision_or_uptake;safety_or_side_effects,True,False,True,episode_2847_clip_2,639.0,"Asserts government suppressed metabolic health info and vitamin regimens to force vaccine uptake, citing high survival rates."
3597,16,The Charlie Kirk Show,"The Democrats' Terrible, Horrible, Unfathomably Awful New Fight Song",2025-08-29T02:45:00,5,5,0.99,mixed;neutral;supportive,childhood_schedule;conspiracy_or_institutional_trust;covid19;efficacy_or_immunity;mandates_or_policy;misinformation_or_fact_checking;mmr_measles;safety_or_side_effects,True,False,True,episode_3597_clip_5,1584.5,"Guest claims childhood diseases like measles are not deadly, herd immunity is a myth, and government vaccine mandates could kill children."
4881,19,Pod Save America,Joe and Mika Do the Trump Dance,2024-11-19T08:30:00,5,5,0.99,mixed,access_or_equity;conspiracy_or_institutional_trust;efficacy_or_immunity;misinformation_or_fact_checking;mmr_measles;personal_decision_or_uptake;polio;safety_or_side_effects,False,True,True,episode_4881_clip_4,3197.3,
6051,18,The Megyn Kelly Show,"Tulsi vs. the Establishment, Kash on Hot Seat, and RFK's Final Push, with Glenn Greenwald, Calley Means, and More | Ep. 996",2025-01-30T23:00:00,5,5,0.99,mixed,childhood_schedule;conspiracy_or_institutional_trust;covid19;mandates_or_policy;misinformation_or_fact_checking;mmr_measles;safety_or_side_effects,True,False,True,episode_6051_clip_3,5016.7,Argues Hep B vaccine at birth is unnecessary if mother is negative; claims RFK Jr. seeks to restore trust via open inquiry rather than dogma.
6843,19,Pod Save America,"""Hangin' with Mike Pence.""",2022-02-10T23:40:00,5,5,0.99,mixed;neutral,access_or_equity;covid19;efficacy_or_immunity;mandates_or_policy;misinformation_or_fact_checking;personal_decision_or_uptake;safety_or_side_effects,False,True,True,episode_6843_clip_2,1290.4,
7074,19,Pod Save America,“Sick of vaxxing nicely.”,2021-09-13T21:55:00,5,5,0.99,mixed;neutral,covid19;efficacy_or_immunity;mandates_or_policy;misinformation_or_fact_checking;personal_decision_or_uptake,False,True,True,episode_7074_clip_1,0.0,
7102,19,Pod Save America,“The Taliban takes Afghanistan.”,2021-08-16T21:39:00,5,5,0.99,mixed,conspiracy_or_institutional_trust;covid19;mandates_or_policy;misinformation_or_fact_checking;mmr_measles;personal_decision_or_uptake;polio;safety_or_side_effects,True,True,True,episode_7102_clip_3,3570.0,"Clip includes claims that vaccines caused case spikes and are for social control, followed by rebuttal."
7224,19,Pod Save America,“Cheney Reaction.”,2021-05-13T21:00:00,5,5,0.99,mixed;neutral,conspiracy_or_institutional_trust;covid19;mandates_or_policy;misinformation_or_fact_checking;safety_or_side_effects,True,True,True,episode_7224_clip_3,1496.7,"Hosts debunk Tucker Carlson's claim linking vaccine deaths to VAERS data, explaining the difference between correlation and causation."
7959,17,The Tucker Carlson Show,Tucker Carlson Responds to Julian Assange’s Release During Australia Speech,2024-07-03T17:00:00,5,5,0.99,mixed,conspiracy_or_institutional_trust;covid19;development_or_approval;efficacy_or_immunity;influenza;mandates_or_policy;misinformation_or_fact_checking;safety_or_side_effects,True,False,True,episode_7959_clip_2,2234.3,"Carlson claims every vaccine causes injuries, cites personal anecdote, and alleges media silence due to corruption."
8608,18,The Megyn Kelly Show,"Sage Steele Speaks Out For First Time About Her ESPN Exit, Being Stabbed in the Back, and Fighting For What's Right | Ep. 610",2023-08-17T18:00:15,5,5,0.99,mixed,covid19;efficacy_or_immunity;mandates_or_policy;personal_decision_or_uptake;safety_or_side_effects,False,False,True,episode_8608_clip_2,3039.0,"Steele describes emotional distress over mandated vaccination, citing experimental status and safety concerns."
8991,18,The Megyn Kelly Show,"Trump Wins CNN Town Hall, and if Tucker Got Fired Over Big Pharma, with Robert F. Kennedy Jr. and Charles C.W. Cooke | Ep. 548",2023-05-11T19:01:00,5,5,0.99,mixed,conspiracy_or_institutional_trust;misinformation_or_fact_checking;mmr_measles;personal_decision_or_uptake;safety_or_side_effects,True,False,True,episode_8991_clip_3,595.0,"RFK Jr. asserts a scientific link between vaccines and autism, claiming CDC and WHO are captive agencies suppressing this data."
11744,30,Candace,Neil Oliver Interviews Candace Owens,2024-10-10T20:00:00,5,5,0.99,supportive,conspiracy_or_institutional_trust;covid19;hpv;mandates_or_policy;misinformation_or_fact_checking;mmr_measles;personal_decision_or_uptake;safety_or_side_effects,True,False,True,episode_11744_clip_3,1376.6,"Alleges global elites knowingly created viruses, compelled children to take vaccines causing myocarditis, and censored safety data."
11748,30,Candace,This Is Why I Choose Not To Vaccinate My Kids | Candace Ep 82,2024-10-09T20:00:00,5,5,0.99,supportive,conspiracy_or_institutional_trust;covid19;efficacy_or_immunity;hpv;mandates_or_policy;misinformation_or_fact_checking;other_vaccine;personal_decision_or_uptake;safety_or_side_effects,True,False,True,episode_11748_clip_1,161.7,"Speaker attributes Gardasil to a seizure, claims data manipulation, and states this led to refusing all vaccines for children."
11946,30,Candace,Diddy Arrested: One Freak Off Too Many. | Candace Ep 66,2024-09-17T21:24:00,5,5,0.99,supportive,conspiracy_or_institutional_trust;covid19;hpv;misinformation_or_fact_checking;mmr_measles;other_vaccine;personal_decision_or_uptake;safety_or_side_effects,True,False,True,episode_11946_clip_3,1785.0,"Host identifies as anti-vax, cites personal Gardasil injury, and claims vaccines cause autism and childhood cancers."
13553,28,REAL AF with Andy Frisella,"555. Andy & DJ CTI: IL Gov. Signs Law Allowing Illegal Aliens To Police Americans, Hunter Biden's Former Business Partner Interviewed & Rand Paul Says Email Shows Fauci Lied",2023-08-01T09:00:00,5,5,0.99,mixed;supportive,conspiracy_or_institutional_trust;covid19;development_or_approval;efficacy_or_immunity;misinformation_or_fact_checking;safety_or_side_effects,True,True,True,episode_13553_clip_1,3085.2,"Claims vaccine shedding is real, citing a study and alleging Pfizer knew, while criticizing CDC denial and societal treatment of the unvaccinated."
14478,18,The Megyn Kelly Show,"COVID Confusion and Olympics Storylines, with Dr. Joel Zinberg and Juliet Huddy | Ep. 135",2021-07-27T20:49:16,5,5,0.99,mixed;neutral,childhood_schedule;conspiracy_or_institutional_trust;covid19;development_or_approval;efficacy_or_immunity;influenza;mandates_or_policy;misinformation_or_fact_checking;personal_decision_or_uptake;safety_or_side_effects,False,True,True,episode_14478_clip_2,595.0,"Guest compares COVID mortality to flu, argues vaccines remain effective against severe disease despite infection rate drops."
5486,18,The Megyn Kelly Show,"Fighting the Swamp and Conflicts of Interest, Truth About DOGE Cuts, and Finding Autism Cause, with FDA Commissioner Dr. Marty Makary | Ep. 1051",2025-04-17T18:00:00,5,5,0.98,mixed;neutral,conspiracy_or_institutional_trust;covid19;development_or_approval;misinformation_or_fact_checking;personal_decision_or_uptake;safety_or_side_effects,True,True,True,episode_5486_clip_3,2468.5,Discusses autism rise and RFK Kennedy's stance; mentions aluminum in vaccines as a potential factor to investigate alongside other environmental causes.
5571,18,The Megyn Kelly Show,"Ending Chronic Disease, Forces Fighting RFK and MAHA, and Power of Functional Medicine, with Dr. Mark Hyman | Ep. 1044",2025-04-08T19:15:54,5,5,0.98,mixed,conspiracy_or_institutional_trust;covid19;efficacy_or_immunity;mandates_or_policy;mmr_measles;safety_or_side_effects,True,False,True,episode_5571_clip_5,4923.1,Guest claims young adults face higher myocarditis risk from COVID vaccines than infection and criticizes stifled debate.
6353,18,The Megyn Kelly Show,"Mace's Quest to Protect Women's Spaces, and RFK vs. Corporate Media and the Swamp, with Casey Means and Vinay Prasad | Ep. 949",2024-11-20T20:05:59,5,5,0.98,mixed,childhood_schedule;conspiracy_or_institutional_trust;covid19;development_or_approval;efficacy_or_immunity;mandates_or_policy;misinformation_or_fact_checking;mmr_measles;safety_or_side_effects,True,True,True,episode_6353_clip_1,1876.4,"Guest argues COVID mandates harmed young men via myocarditis, claims safety signals were suppressed, and supports removing liability shields for vaccine makers."
7094,2,The Joe Rogan Experience,#1977 - Dave Smith,2023-04-27T17:00:00,5,5,0.98,mixed;neutral,conspiracy_or_institutional_trust;covid19;efficacy_or_immunity;mandates_or_policy;misinformation_or_fact_checking;personal_decision_or_uptake;safety_or_side_effects,True,False,True,episode_7094_clip_2,2016.5,"Speakers allege officials lied about transmission, tested vaccines on foster children, and silenced dissenting scientists."
7115,17,The Tucker Carlson Show,"Jesse Kelly & Nicole Shanahan: Transhumanism, Kamala’s Plan to Take Your Guns, and How to Save Texas",2024-09-19T17:15:00,5,5,0.98,mixed,conspiracy_or_institutional_trust;covid19;development_or_approval;efficacy_or_immunity;mandates_or_policy;misinformation_or_fact_checking;personal_decision_or_uptake;safety_or_side_effects,True,False,True,episode_7115_clip_2,1266.4,Speaker asserts official claims that vaccines are safe and effective are false and part of a broader deception.
7288,8,The MeidasTouch Podcast,"Meidas Health, Episode 10: The Calming Voices of Expertise",2025-07-06T23:00:00,5,5,0.98,mixed;neutral,access_or_equity;childhood_schedule;conspiracy_or_institutional_trust;covid19;efficacy_or_immunity;influenza;mandates_or_policy;misinformation_or_fact_checking;other_vaccine;safety_or_side_effects,False,True,True,episode_7288_clip_3,595.0,"Speakers discuss concerns that ACIP policy changes under new leadership may undermine vaccine access, insurance coverage, and trust in CDC recommendations."
7426,19,Pod Save America,“Drunk on Coup-laid.”,2020-12-14T22:10:22,5,5,0.98,neutral,access_or_equity;conspiracy_or_institutional_trust;covid19;development_or_approval;efficacy_or_immunity;mandates_or_policy;misinformation_or_fact_checking;personal_decision_or_uptake;safety_or_side_effects,False,True,True,episode_7426_clip_2,294.3,"Discussion on vaccine efficacy (95%), development speed, and political interference concerns."
8501,17,The Tucker Carlson Show,One America News host Dan Ball explains why Democrats in Congress are trying to shut his network down.,2024-05-01T23:00:00,5,5,0.98,supportive,conspiracy_or_institutional_trust;covid19;efficacy_or_immunity;misinformation_or_fact_checking;safety_or_side_effects,True,True,True,episode_8501_clip_3,453.2,Ball claims more people are injured/killed by vaccines than COVID and promotes unproven treatments.
10466,28,REAL AF with Andy Frisella,"885. Andy & DJ CTI: Trump Confronting South African President, Gunned-Down Israeli Embassy Staffer & US Officials Delayed Warning Public About Heart Inflammation Risks",2025-05-23T09:00:00,5,5,0.98,supportive,conspiracy_or_institutional_trust;covid19;development_or_approval;misinformation_or_fact_checking;safety_or_side_effects,True,False,True,episode_10466_clip_2,4760.0,"Speakers claim COVID vaccines were an intentional depopulation effort, cite high miscarriage rates, and allege legal reclassification to avoid liability."
10478,18,The Megyn Kelly Show,"Lab Leak Reality, Woody Harrelson's Pharma Joke, and Media Malpractice, with Adam Carolla and Dr. Drew | Ep. 501",2023-02-27T20:03:38,5,5,0.98,mixed,conspiracy_or_institutional_trust;covid19;efficacy_or_immunity;mandates_or_policy;misinformation_or_fact_checking;safety_or_side_effects,True,False,True,episode_10478_clip_3,1785.0,"Claims Lancet study shows natural immunity reduces risk by 88% versus vaccines, questioning mandates for children."
10965,8,The MeidasTouch Podcast,"Meidas Health, Episode 2: Dr. Gupta and Former FDA Commissioner Dr. Robert Califf",2025-04-06T23:00:00,5,5,0.98,neutral;supportive,conspiracy_or_institutional_trust;covid19;development_or_approval;efficacy_or_immunity;hpv;influenza;misinformation_or_fact_checking;mmr_measles;polio;safety_or_side_effects,False,True,True,episode_10965_clip_4,1785.0,"Explains measles and polio require high vaccination rates to prevent outbreaks, cites vaccine efficacy rates, and urges vaccination for exposed individuals."
11322,2,The Joe Rogan Experience,#1745 - Matt Taibbi,2021-12-07T18:00:00,5,5,0.98,mixed,access_or_equity;conspiracy_or_institutional_trust;covid19;development_or_approval;efficacy_or_immunity;misinformation_or_fact_checking;safety_or_side_effects,True,False,True,episode_11322_clip_5,10390.3,"Discussion on manipulative pharma advertising, suppression of therapeutic questions, patent waivers for global access, and low infection rates in Africa."
11835,18,The Megyn Kelly Show,"Good Riddance Fauci, and Meghan Markle's Smug Podcast, with Bethany Mandel, Karol Markowicz, and Dan Wootton | Ep. 379",2022-08-24T19:08:05,5,5,0.98,mixed,conspiracy_or_institutional_trust;efficacy_or_immunity;mandates_or_policy;misinformation_or_fact_checking;personal_decision_or_uptake;safety_or_side_effects,True,False,True,episode_11835_clip_1,125.5,"Accuses Fauci of lying about masks, natural immunity, and gain-of-function research funding."
12469,2,The Joe Rogan Experience,#1668 - Krystal Ball & Saagar Enjeti,2021-06-16T17:00:00,5,5,0.98,mixed;neutral,access_or_equity;conspiracy_or_institutional_trust;covid19;development_or_approval;efficacy_or_immunity;mandates_or_policy;misinformation_or_fact_checking,True,True,True,episode_12469_clip_2,8690.4,"Speakers argue mRNA tech was publicly funded, criticize patent monopolies hindering distribution, and mention J&J production failures."
13127,18,The Megyn Kelly Show,"Parents Pushed to Breaking Points, COVID Child Abuse, and Why the Corporate Press Hates Joe Rogan, with Dave Smith | Ep. 260",2022-02-11T20:12:05,5,5,0.98,mixed,conspiracy_or_institutional_trust;covid19;efficacy_or_immunity;mandates_or_policy;safety_or_side_effects,True,False,True,episode_13127_clip_2,171.4,"Speakers argue mandates lack public health necessity, citing Israel data and natural immunity superiority."
13493,28,REAL AF with Andy Frisella,"563. Andy & DJ CTI: Natural Disasters, COVID Booster Shot & Hunter Biden's Prosecutor",2023-08-22T09:00:00,5,5,0.98,mixed,conspiracy_or_institutional_trust;covid19;development_or_approval;efficacy_or_immunity;misinformation_or_fact_checking;safety_or_side_effects,True,False,True,episode_13493_clip_3,1785.0,"Hosts claim boosters were pre-made alongside variants, allege bioweapon development, and question safety testing and cardiac side effects."
14870,28,REAL AF with Andy Frisella,"381. Andy, Linda Catalina & DJ CTI: Putin: ""Not A Bluff,"" Atlanta Fed Announces Negative 3rd Quarter & Man Ran Down Teen He Thought Was Republican Extremist",2022-09-22T09:00:42,5,5,0.98,mixed;supportive,conspiracy_or_institutional_trust;mandates_or_policy;misinformation_or_fact_checking;personal_decision_or_uptake;safety_or_side_effects,True,False,True,episode_14870_clip_5,5971.3,Notes many Republicans got vaccinated despite leadership stance; calls vaccine part of crimes against humanity while urging noncompliance.
15085,18,The Megyn Kelly Show,"Ben Shapiro on Firing Fauci, Uncanceling Carano, and Ditching California | Ep. 68",2021-02-24T10:00:00,5,5,0.98,mixed,access_or_equity;childhood_schedule;conspiracy_or_institutional_trust;covid19;efficacy_or_immunity;mandates_or_policy;personal_decision_or_uptake;safety_or_side_effects,False,True,True,episode_15085_clip_2,595.0,"Speaker refuses to vaccinate young children, citing low risk and insufficient testing, while supporting adult vaccination."
15397,2,The Joe Rogan Experience,#1479 - David Pakman,2020-05-22T00:00:00,5,5,0.98,mixed,access_or_equity;conspiracy_or_institutional_trust;covid19;development_or_approval;efficacy_or_immunity;mandates_or_policy;misinformation_or_fact_checking;personal_decision_or_uptake;safety_or_side_effects,True,True,True,episode_15397_clip_2,4989.4,"Speakers discuss mRNA vaccine novelty, potential for wealthy early access, and safety concerns regarding new technology."
15447,2,The Joe Rogan Experience,#1475 - Bridget Phetasy,2020-05-16T00:00:00,5,5,0.98,mixed,childhood_schedule;conspiracy_or_institutional_trust;covid19;development_or_approval;efficacy_or_immunity;hpv;influenza;mandates_or_policy;misinformation_or_fact_checking;mmr_measles;polio,True,False,True,episode_15447_clip_5,8925.0,"Speakers debate anti-vax sentiments, Bill Gates conspiracies, and the necessity of extensive childhood vaccine schedules including HPV."
8049,17,The Tucker Carlson Show,"Neil Oliver: How Banks Took Over Empires, and the Truth About WWII, Brexit, & COVID",2024-06-20T17:00:00,5,5,0.97,mixed,conspiracy_or_institutional_trust;covid19;development_or_approval;efficacy_or_immunity;mandates_or_policy;misinformation_or_fact_checking;safety_or_side_effects,True,False,True,episode_8049_clip_4,7140.0,Speakers assert mRNA vaccines are gene therapy that changes DNA and were known to be unsafe and ineffective.
8636,8,The MeidasTouch Podcast,"Meidas Health, Episode 8: The Nation’s Top Doctors Rise Up (Ft. Drs. Annie Andrews and Sean O'Leary)",2025-06-07T23:00:00,5,5,0.97,neutral,access_or_equity;childhood_schedule;conspiracy_or_institutional_trust;covid19;efficacy_or_immunity;mandates_or_policy;mmr_measles;safety_or_side_effects,False,True,True,episode_8636_clip_4,1785.0,"Expert argues vaccines are not appropriate for 'shared decision making' as benefits outweigh risks, criticizing recent ACIP terminology changes."
837,2,The Joe Rogan Experience,#2349 - Danny Jones,2025-07-15T17:00:00,5,5,0.95,mixed;supportive,conspiracy_or_institutional_trust;covid19;development_or_approval;efficacy_or_immunity;misinformation_or_fact_checking;polio;safety_or_side_effects,True,False,True,episode_837_clip_3,10544.8,"Speakers allege Pfizer vaccines contained DNA plasmid contamination and SV40 virus causing cancer, citing an unverified analysis by Kevin McKeonan."
7576,17,The Tucker Carlson Show,"Calley & Casey Means: The Truth About Ozempic, the Pill, and How Big Pharma Keeps You Sick",2024-08-16T17:15:00,5,5,0.95,neutral;supportive,childhood_schedule;conspiracy_or_institutional_trust;covid19;mandates_or_policy;misinformation_or_fact_checking;personal_decision_or_uptake;safety_or_side_effects,True,False,True,episode_7576_clip_1,1394.8,"Speakers argue Hepatitis B vaccines given at birth are unnecessary for infants, driven by pharma profits, and contain toxic ingredients like aluminum."
9041,2,The Joe Rogan Experience,#1817 - Hotep Jesus,2022-05-12T17:00:00,5,5,0.95,mixed;supportive,conspiracy_or_institutional_trust;covid19;development_or_approval;efficacy_or_immunity;mandates_or_policy;misinformation_or_fact_checking;other_vaccine;safety_or_side_effects,True,False,True,episode_9041_clip_1,1247.0,
11389,2,The Joe Rogan Experience,#1741 - Ted Nugent,2021-11-30T18:00:00,5,5,0.95,mixed,conspiracy_or_institutional_trust;covid19;development_or_approval;efficacy_or_immunity;mandates_or_policy;misinformation_or_fact_checking;personal_decision_or_uptake;safety_or_side_effects,True,False,True,episode_11389_clip_5,12495.0,Speakers claim FDA sought 55 years to withhold vaccine data via FOIA and allege conflicts of interest between Reuters and Pfizer.
12202,2,The Joe Rogan Experience,#1687 - Jimmy Dore,2021-07-27T17:00:00,5,5,0.95,mixed,conspiracy_or_institutional_trust;covid19;development_or_approval;efficacy_or_immunity;misinformation_or_fact_checking;safety_or_side_effects,True,False,True,episode_12202_clip_2,6701.9,Speaker details persistent side effects after Moderna vaccination and argues White House misled public about FDA approval status.
13057,18,The Megyn Kelly Show,"Putin Exploits Biden's Weakness and Canada's Authoritarian Crackdown, with Eric Bolling, Charles Cooke, and Jamil Jivani | Ep. 266",2022-02-22T20:20:30,5,5,0.95,critical,conspiracy_or_institutional_trust;covid19;efficacy_or_immunity;mandates_or_policy;misinformation_or_fact_checking,True,False,True,episode_13057_clip_1,2380.0,"Panel alleges CDC hid data to push vaccines, claims financial ties between Pharma and Democrats drove mandates."
13300,18,The Megyn Kelly Show,"Media's Failed Pushback on Power and Ridiculous COVID Restrictions, with Nick Gillespie and Tara Henley | Ep. 246",2022-01-24T20:24:57,5,5,0.95,mixed;neutral,conspiracy_or_institutional_trust;covid19;development_or_approval;efficacy_or_immunity;mandates_or_policy;misinformation_or_fact_checking;personal_decision_or_uptake;safety_or_side_effects,True,True,True,episode_13300_clip_2,881.1,"Speaker claims personal immunity after infection and vaccination, critiques mandates, and discusses institutional distrust regarding vaccine safety and efficacy."
13607,18,The Megyn Kelly Show,"COVID Hysteria Aimed at Kids, New Proposed Gun Laws, and Cuomo Latest, with Janice Dean, Bethany Mandel, and John Lott Jr. | Ep. 220",2021-12-13T19:58:56,5,5,0.95,mixed,covid19;efficacy_or_immunity;mandates_or_policy;personal_decision_or_uptake;safety_or_side_effects,True,False,True,episode_13607_clip_3,3570.0,"Speaker questions vaccine safety citing myocarditis risks, criticizes CDC/FDA processes, and rejects mandates for low-risk children."
13936,2,The Joe Rogan Experience,#1588 - Lawrence Wright,2021-01-05T18:00:00,5,5,0.95,mixed;neutral,access_or_equity;conspiracy_or_institutional_trust;covid19;development_or_approval;influenza;mandates_or_policy;personal_decision_or_uptake;polio;safety_or_side_effects,True,False,True,episode_13936_clip_4,7947.6,"Recounts 1976 swine flu vaccine causing Guillain-Barré cases and deaths, leading to program cancellation and lasting distrust."
14204,18,The Megyn Kelly Show,"The Naked Hypocrisy of the Emmys, Crazy Mask Policies, and the LuLaRoe ‘Cult’ with Leonydus Johnson, Roberta Blevins and Derryl Trujillo | Ep. 163",2021-09-20T20:24:35,5,5,0.95,critical,access_or_equity;childhood_schedule;covid19;efficacy_or_immunity;mandates_or_policy;personal_decision_or_uptake;safety_or_side_effects,True,False,True,episode_14204_clip_2,237.5,"Guest claims COVID poses no risk to children and mask mandates are harmful control tactics, not science-based."
19061,52,Matt and Shane's Secret Podcast,Ep 477 - Father God (feat. Cole Beasley),2024-01-17T22:22:00,5,5,0.95,mixed,covid19;efficacy_or_immunity;mandates_or_policy;personal_decision_or_uptake;safety_or_side_effects,True,False,True,episode_19061_clip_3,1016.5,Claims vaccinated teammates tested positive while he was sidelined; mentions pharmaceutical profits and mail-in voting.
6511,2,The Joe Rogan Experience,#2032 - BJ Penn & Tulsi Gabbard,2023-09-07T17:00:00,5,5,0.9,critical;neutral,conspiracy_or_institutional_trust;covid19;efficacy_or_immunity;mandates_or_policy;safety_or_side_effects,True,False,True,episode_6511_clip_5,8503.4,Speaker hopes vaccine manufacturers are imprisoned for creating a 'myocarditis shot' during a planned pandemic.
931,2,The Joe Rogan Experience,#2344 - Amjad Masad,2025-07-02T17:00:00,4,5,0.99,mixed,conspiracy_or_institutional_trust;covid19;development_or_approval;efficacy_or_immunity;mandates_or_policy;misinformation_or_fact_checking;safety_or_side_effects,True,False,True,episode_931_clip_2,3180.6,"Speakers claim vaccines don't stop spread, cause heart conditions in young men, and were pushed for profit via coercion."
1801,2,The Joe Rogan Experience,#2307 - Tim Dillon,2025-04-19T17:00:00,4,5,0.99,mixed;supportive,conspiracy_or_institutional_trust;development_or_approval;misinformation_or_fact_checking;personal_decision_or_uptake;safety_or_side_effects,True,False,True,episode_1801_clip_3,2380.0,"The speaker argues podcasters were right to question experimental vaccines for pregnant women and children, alleging mainstream media caused strokes and myocarditis."
2419,2,The Joe Rogan Experience,#2278 - Chase Hughes,2025-02-25T18:00:00,4,5,0.99,mixed,conspiracy_or_institutional_trust;covid19;efficacy_or_immunity;mandates_or_policy;misinformation_or_fact_checking;personal_decision_or_uptake;safety_or_side_effects,True,False,True,episode_2419_clip_3,8487.1,"Speakers criticize media mockery of unvaccinated deaths, allege COVID was a gain-of-function lab leak, and describe pandemic response as a psyop."
4028,19,Pod Save America,"Kimmel Wins, Tylenol Loses",2025-09-23T07:05:00,4,5,0.99,mixed,childhood_schedule;conspiracy_or_institutional_trust;covid19;efficacy_or_immunity;mandates_or_policy;misinformation_or_fact_checking;mmr_measles;safety_or_side_effects,True,True,True,episode_4028_clip_3,3212.7,"Discussion of ACIP changing MMRV schedule to separate shots, potentially reducing uptake, and debunking Tylenol-autism links."
4040,19,Pod Save America,Trump Cancels Kimmel,2025-09-19T07:05:00,4,5,0.99,mixed,access_or_equity;childhood_schedule;conspiracy_or_institutional_trust;covid19;mandates_or_policy;misinformation_or_fact_checking;mmr_measles;personal_decision_or_uptake;safety_or_side_effects,True,True,True,episode_4040_clip_2,3276.8,"Report on CDC panel limiting MMRV shots and potentially dropping Hep B recommendations, sparking concern over rising measles and eroding trust."
4087,19,Pod Save America,Trump's Very Convincing Body Double,2025-09-05T07:05:00,4,5,0.99,mixed,access_or_equity;conspiracy_or_institutional_trust;covid19;development_or_approval;efficacy_or_immunity;influenza;mandates_or_policy;misinformation_or_fact_checking;mmr_measles;polio;safety_or_side_effects,True,True,True,episode_4087_clip_1,81.7,"Discussion of RFK Jr. as HHS Secretary, firing CDC staff, questioning vaccine efficacy, and promoting conspiracy theories."
4214,18,The Megyn Kelly Show,"Establishment Meltdown Over RFK, New Lisa Cook Questions, and Being a ""Lion"" Instead of a ""Scavenger,"" with Ben Shapiro",2025-09-02T19:22:17,4,5,0.99,mixed,childhood_schedule;conspiracy_or_institutional_trust;covid19;development_or_approval;efficacy_or_immunity;mandates_or_policy;misinformation_or_fact_checking;safety_or_side_effects,True,False,True,episode_4214_clip_2,4165.0,"Debate on mRNA vaccine research funding, transmissibility claims, and risk assessment for different age groups."
6900,2,The Joe Rogan Experience,#1997 - Cameron Hanes,2023-06-13T17:00:33,4,5,0.99,mixed,conspiracy_or_institutional_trust;covid19;efficacy_or_immunity;mandates_or_policy;misinformation_or_fact_checking;safety_or_side_effects,True,False,True,episode_6900_clip_2,8330.0,"Speakers question vaccine efficacy citing anecdotal breakthrough cases, allege rising cancer rates, and claim data concealment."
7098,19,Pod Save America,“Third shot’s the charm.”,2021-08-19T20:41:00,4,5,0.99,neutral,access_or_equity;childhood_schedule;covid19;development_or_approval;efficacy_or_immunity;personal_decision_or_uptake;safety_or_side_effects,False,True,False,episode_7098_clip_4,3570.0,"Discussion of J&J boosters, pediatric vaccine timelines, and global vaccine distribution strategies."
7128,19,Pod Save America,"""Panic! At The Delta.""",2021-07-26T22:01:00,4,5,0.99,neutral,conspiracy_or_institutional_trust;covid19;development_or_approval;efficacy_or_immunity;mandates_or_policy;misinformation_or_fact_checking;personal_decision_or_uptake;safety_or_side_effects,False,True,True,episode_7128_clip_2,595.0,
7138,19,Pod Save America,“Is Facebook killing people?” (with Sen. Brian Schatz),2021-07-19T21:19:00,4,5,0.99,neutral,access_or_equity;conspiracy_or_institutional_trust;covid19;development_or_approval;mandates_or_policy;misinformation_or_fact_checking;mmr_measles;personal_decision_or_uptake;safety_or_side_effects,False,True,True,episode_7138_clip_1,0.0,
8388,18,The Megyn Kelly Show,"America's Vulnerabilities, Anti-Semitism Reality, and Trauma of War, with Glenn Beck, Dr. Drew, and Eli Lake | Ep. 645",2023-10-11T19:32:44,4,5,0.99,mixed,conspiracy_or_institutional_trust;covid19;efficacy_or_immunity;mandates_or_policy;misinformation_or_fact_checking;safety_or_side_effects,True,True,True,episode_8388_clip_3,4760.0,"Guests discuss permanent heart damage from vaccine-induced myocarditis, excess deaths, menstrual changes, and advise faking vaccine cards."
8597,2,The Joe Rogan Experience,#1852 - Sam Tripoli,2022-08-03T17:00:00,4,5,0.99,mixed;neutral,conspiracy_or_institutional_trust;covid19;development_or_approval;efficacy_or_immunity;mandates_or_policy;other_vaccine;personal_decision_or_uptake;safety_or_side_effects,False,False,True,episode_8597_clip_3,12780.2,"Debate on vaccine efficacy in stopping spread, adverse effects, booster requirements, and informed consent."
11125,24,The Shawn Ryan Show,"#125 Gina Carano - Disney Crumbles After Mandalorian Star Uses Beep, Bop, Boop for Pronouns",2024-08-12T10:00:00,4,5,0.99,mixed,conspiracy_or_institutional_trust;covid19;mandates_or_policy;misinformation_or_fact_checking;personal_decision_or_uptake;safety_or_side_effects,True,False,True,episode_11125_clip_3,9525.2,"Guest links forced vaccinations to Satanic influence, criticizes ADHD meds and climate change efforts as playing God."
11185,30,Candace,BANNED! My Interview With Tristan Tate,2024-12-23T21:00:00,4,5,0.99,mixed,conspiracy_or_institutional_trust;covid19;hpv;misinformation_or_fact_checking;personal_decision_or_uptake;polio;safety_or_side_effects,True,False,True,episode_11185_clip_1,2383.1,"Guest describes leaving the 'cult of science,' claims Gardasil caused seizures, and contrasts modern vaccines with Jonas Salk's polio vaccine."
11869,18,The Megyn Kelly Show,"Political Hypocrisy, Trump Obsession, and Intel Community Absurdity, with the Ruthless Podcast Hosts | Ep. 376",2022-08-18T19:41:21,4,5,0.99,mixed,childhood_schedule;conspiracy_or_institutional_trust;covid19;efficacy_or_immunity;mandates_or_policy;safety_or_side_effects,True,False,True,episode_11869_clip_4,4312.4,Argues childhood vaccine mandates are absurd due to low risk to kids and lack of long-term safety data.
12014,2,The Joe Rogan Experience,#1699 - Meghan Murphy,2021-08-20T17:00:00,4,5,0.99,mixed,conspiracy_or_institutional_trust;covid19;efficacy_or_immunity;mandates_or_policy;personal_decision_or_uptake;safety_or_side_effects,True,False,True,episode_12014_clip_1,3055.9,"Speakers criticize vaccine mandates, claim natural immunity is ignored, assert mRNA vaccines are gene therapy with waning efficacy, and promote ivermectin."
12131,28,REAL AF with Andy Frisella,"720. Andy & DJ CTI: Fauci Testifies On COVID-19 Origins, Jury Selection Kicks Off In Hunter Biden's Federal Gun Crime Trial & Caitlin Clark Gets Hit",2024-06-04T09:00:00,4,5,0.99,mixed,conspiracy_or_institutional_trust;covid19;development_or_approval;efficacy_or_immunity;mandates_or_policy;misinformation_or_fact_checking;personal_decision_or_uptake;safety_or_side_effects,True,False,True,episode_12131_clip_3,1190.0,"Clips contrast media calling unvaccinated a threat with hosts alleging government propaganda, Fauci's profit, and vaccine-induced myocarditis."
13076,18,The Megyn Kelly Show,"San Fran Recalls Progressive School Board and More Cuomo CNN Drama, with Josh Holmes and Comfortably Smug of the Ruthless Podcast | Ep. 264",2022-02-17T19:00:00,4,5,0.99,mixed,covid19;efficacy_or_immunity;mandates_or_policy;personal_decision_or_uptake;safety_or_side_effects,True,False,True,episode_13076_clip_2,915.1,
13165,18,The Megyn Kelly Show,"Big Tech Turns Against Free Speech and Fighting the COVID Ruling Class, with David Sacks | Ep. 257",2022-02-08T20:15:45,4,5,0.99,mixed,conspiracy_or_institutional_trust;covid19;development_or_approval;efficacy_or_immunity;mandates_or_policy;misinformation_or_fact_checking;personal_decision_or_uptake,True,False,True,episode_13165_clip_4,3755.0,"Argues vaccines cannot stop transmission, making mandates unjustified, and attributes hesitancy to earned distrust of officials."
13849,18,The Megyn Kelly Show,"Don Lemon's Accuser Speaks Out and the Mediocrity of the Elites, with Dustin Hice and Emily Jashinsky | Ep. 198",2021-11-08T20:04:27,4,5,0.99,mixed,childhood_schedule;covid19;mandates_or_policy;misinformation_or_fact_checking;safety_or_side_effects,False,False,True,episode_13849_clip_4,5355.0,"Hosts criticize mandating vaccines for young children, citing lack of permanent authorization and adequate testing."
13895,18,The Megyn Kelly Show,"VA Gov Race Ramifications and Texas Abortion Case Before SCOTUS, with Rich Lowry and Alan Dershowitz | Ep. 193",2021-11-01T19:11:45,4,5,0.99,mixed,covid19;efficacy_or_immunity;mandates_or_policy;personal_decision_or_uptake;safety_or_side_effects,False,False,True,episode_13895_clip_4,3225.7,"Host cites Lancet study claiming vaccinated are as infectious as unvaccinated, questioning mandate justification."
14002,28,REAL AF with Andy Frisella,"503. Andy & DJ CTI: Fox Pays $800M To Settle Dominion Defamation Suit, China Developed Vaccine Before Outbreak & Robert Kennedy Jr. Launches 2024 Presidential Campaign",2023-04-21T09:00:00,4,5,0.99,mixed;supportive,conspiracy_or_institutional_trust;covid19;development_or_approval;efficacy_or_immunity;mandates_or_policy;misinformation_or_fact_checking;polio;safety_or_side_effects,True,False,True,episode_14002_clip_1,1785.0,"Claims China developed vaccines before the outbreak, suggesting a coordinated global conspiracy involving US funding and depopulation goals."
14217,18,The Megyn Kelly Show,The Russiagate ‘Scandal’ and Media’s Shaming of the Unvaccinated with Glenn Greenwald | Ep. 162,2021-09-17T19:45:39,4,5,0.99,mixed,conspiracy_or_institutional_trust;covid19;efficacy_or_immunity;mandates_or_policy;misinformation_or_fact_checking;personal_decision_or_uptake;safety_or_side_effects,True,False,True,episode_14217_clip_2,2975.0,Speaker questions vaccinating children due to low death rates and unknown long-term risks while supporting adult vaccination based on personal choice.
15862,28,REAL AF with Andy Frisella,"287. Andy & DJ CTI: Dave Chappelle Attacked On Stage, Roe V. Wade & CDC Cellphone Data Tracking",2022-05-05T09:00:46,4,5,0.99,mixed;neutral;supportive,conspiracy_or_institutional_trust;covid19;efficacy_or_immunity;mandates_or_policy;misinformation_or_fact_checking;personal_decision_or_uptake;safety_or_side_effects,True,False,True,episode_15862_clip_4,1785.0,"Speakers claim vaccines lacked proof of efficacy, increased sickness, caused hidden deaths, and that effective therapeutics were suppressed."
16183,28,REAL AF with Andy Frisella,"242. Andy & DJ CTI: Crypto Regulations, New Supreme Court Judge & Joy Behar's Vacation",2022-02-26T10:00:10,4,5,0.99,mixed,conspiracy_or_institutional_trust;covid19;efficacy_or_immunity;mandates_or_policy;misinformation_or_fact_checking;personal_decision_or_uptake;safety_or_side_effects,True,False,True,episode_16183_clip_3,1785.0,
16359,28,REAL AF with Andy Frisella,"215. Andy, DJ & Tommy Vext CTI: Hillary Clinton 2024?, Nike Firing Employees? & The Future Of Fitness?",2022-01-15T10:00:00,4,5,0.99,supportive,access_or_equity;conspiracy_or_institutional_trust;covid19;efficacy_or_immunity;mandates_or_policy;misinformation_or_fact_checking;personal_decision_or_uptake;safety_or_side_effects,True,False,True,episode_16359_clip_4,1790.6,"Discusses Nike firing unvaccinated staff, claims vaccine mandates are unconstitutional and vaccines ineffective, alleging hospitals fill with vaccinated patients."
20323,53,The Diary Of A CEO with Steven Bartlett,"The Professor Banned From Speaking Out: ""We Need To Start Preparing! The Terrifying Lessons Of Covid We’re Ignoring!"" - Bret Weinstein",2024-08-15T05:00:00,4,5,0.99,mixed,conspiracy_or_institutional_trust;covid19;development_or_approval;efficacy_or_immunity;misinformation_or_fact_checking;safety_or_side_effects,True,False,True,episode_20323_clip_3,6813.0,"Alleges vaccines caused adverse events and early deaths, and that the virus originated from a lab weapons program."
310,2,The Joe Rogan Experience,#2376 - Brigham Buhler,2025-09-09T17:00:00,4,5,0.98,mixed,conspiracy_or_institutional_trust;covid19;development_or_approval;efficacy_or_immunity;mandates_or_policy;misinformation_or_fact_checking;mmr_measles;personal_decision_or_uptake;polio;safety_or_side_effects,True,False,True,episode_310_clip_1,2506.9,"Speakers question vaccine mandates, cite autism rates, and allege CDC/industry corruption regarding disease eradication."
3847,18,The Megyn Kelly Show,"Trump Brings Peace Between Israel and Hamas, and Potential Cancer Cure, with Buck Sexton and Dr. Patrick Soon-Shiong  |  Ep.1168",2025-10-09T18:21:15,4,5,0.98,mixed,conspiracy_or_institutional_trust;covid19;development_or_approval;efficacy_or_immunity;misinformation_or_fact_checking;safety_or_side_effects,True,False,True,episode_3847_clip_1,3768.2,"Guest claims his T-cell vaccine cleared COVID while others failed, alleges FDA blocked further trials, and links virus/vaccines to cancer."
4379,2,The Joe Rogan Experience,#2189 - Dennis Quaid,2024-08-15T17:00:00,4,5,0.98,mixed;neutral,conspiracy_or_institutional_trust;covid19;efficacy_or_immunity;misinformation_or_fact_checking;safety_or_side_effects,True,True,True,episode_4379_clip_2,3423.0,"Alleges mRNA vaccines cause excess deaths and 'turbo cancers' by altering DNA, citing insurance data and Dr. McCullough."
5475,17,The Tucker Carlson Show,"Clayton Morris: Truth About the USS Liberty, Europe’s Self-Destruction, & Is Brigitte Macron a Man?",2025-03-14T18:31:00,4,5,0.98,mixed,conspiracy_or_institutional_trust;covid19;development_or_approval;efficacy_or_immunity;mandates_or_policy;misinformation_or_fact_checking;personal_decision_or_uptake;safety_or_side_effects,True,False,True,episode_5475_clip_4,5147.8,"Speakers claim mRNA vaccines lacked human trials, alter genes, and that hidden tech could regrow limbs."
5851,18,The Megyn Kelly Show,"Andrew Schulz on Why Trump Dominates Culture and Politics, Becoming a Dad, and Dating Red Flags | Ep. 1020",2025-03-06T20:30:07,4,5,0.98,mixed;neutral,childhood_schedule;conspiracy_or_institutional_trust;covid19;efficacy_or_immunity;hpv;misinformation_or_fact_checking;personal_decision_or_uptake;safety_or_side_effects,True,False,True,episode_5851_clip_1,1190.0,"Guest admits to obtaining a fake vaccine booster for work, expresses regret over real vaccination, and cites eroded trust in health officials."
5996,2,The Joe Rogan Experience,#2083 - Taylor Sheridan,2024-01-04T18:00:00,4,5,0.98,neutral;supportive,conspiracy_or_institutional_trust;covid19;development_or_approval;efficacy_or_immunity;mandates_or_policy;misinformation_or_fact_checking;other_vaccine;safety_or_side_effects,True,False,True,episode_5996_clip_4,9808.0,"Asserts masks reduce oxygen and increase CO2, government paid media to attack anti-vaxxers, and pandemic response was a politicized hoax."
7607,17,The Tucker Carlson Show,"Rob Schneider: SNL Glory Days, Losing Friends Over Politics, and His Response to Daughter Elle King",2024-08-15T17:15:00,4,5,0.98,mixed,childhood_schedule;conspiracy_or_institutional_trust;efficacy_or_immunity;mandates_or_policy;misinformation_or_fact_checking;mmr_measles;safety_or_side_effects,True,False,True,episode_7607_clip_1,854.7,"Speaker alleges pharmaceutical industry controls medical boards, mandates injurious drugs, and links vaccines to chronic illness and autism."
10850,30,Candace,Harvey Weinstein Calls Out Justin Baldoni | #MAHA Gaslighting Begins | Candace Ep 174,2025-04-09T21:44:00,4,5,0.98,mixed,childhood_schedule;conspiracy_or_institutional_trust;misinformation_or_fact_checking;mmr_measles;other_vaccine;safety_or_side_effects,True,False,True,episode_10850_clip_1,1900.2,The speaker claims RFK Jr. reversed his stance on MMR vaccines from warning of government panic for profit to promoting them during an outbreak.
11472,2,The Joe Rogan Experience,#1735 - Peter Attia,2021-11-17T18:00:00,4,5,0.98,mixed,covid19;development_or_approval;efficacy_or_immunity;influenza;mmr_measles;personal_decision_or_uptake;safety_or_side_effects,True,False,False,episode_11472_clip_1,9585.5,"Discusses a freediver's myocarditis post-vaccination, questions risk-reward for children, and critiques science advocacy versus nuance."
12555,2,The Joe Rogan Experience,#1662 - Tom Papa,2021-06-05T17:00:00,4,5,0.98,mixed;neutral,conspiracy_or_institutional_trust;covid19;efficacy_or_immunity;mandates_or_policy;misinformation_or_fact_checking;safety_or_side_effects,True,True,True,episode_12555_clip_2,5129.6,"Debate over breakthrough case definitions, comorbidity counting methods for deaths, and whether vaccinated people die with rather than from COVID."
13185,24,The Shawn Ryan Show,"#87 Michael Shellenberger - Elon Musk, Twitter Files and Media Collapse | Part 2",2023-12-06T11:00:00,4,5,0.98,mixed;supportive,conspiracy_or_institutional_trust;covid19;efficacy_or_immunity;misinformation_or_fact_checking;safety_or_side_effects,True,True,True,episode_13185_clip_3,3056.3,Discusses vaccine benefits for elderly versus myocarditis risks in youth and censorship of safety data.
14237,18,The Megyn Kelly Show,"The COVID Numbers Game and the Toxicity of Big Tech with Dr. Jay Bhattacharya, Vivek Ramaswamy, and Prof. Scott Galloway | Ep. 160",2021-09-15T19:48:03,4,5,0.98,mixed,conspiracy_or_institutional_trust;covid19;efficacy_or_immunity;mandates_or_policy;misinformation_or_fact_checking;personal_decision_or_uptake;safety_or_side_effects,True,False,True,episode_14237_clip_3,595.0,"Guest argues natural immunity is superior to vaccine immunity, claims vaccines do not prevent transmission after a few months, and asserts public health agencies are lying to manipulate uptake."
14288,18,The Megyn Kelly Show,"Afghanistan, Abortion, and COVID, with Lara Logan, Charles C.W. Cooke, and Alan Dershowitz | Ep. 154",2021-09-07T20:19:53,4,5,0.98,mixed,conspiracy_or_institutional_trust;covid19;development_or_approval;efficacy_or_immunity;mandates_or_policy;misinformation_or_fact_checking;personal_decision_or_uptake,True,True,True,episode_14288_clip_3,779.1,
14382,28,REAL AF with Andy Frisella,"457. Andy & DJ CTI: House Passes Bill Nixing Funding For IRS Agents, Swiss Army Sends Soldiers To Guard Davos & Classified Biden Documents",2023-01-13T10:00:00,4,5,0.98,mixed;supportive,conspiracy_or_institutional_trust;covid19;development_or_approval;mandates_or_policy;misinformation_or_fact_checking;safety_or_side_effects,True,False,True,episode_14382_clip_1,451.6,Speakers cite anecdotal sudden deaths and excess mortality data to argue vaccines are causing widespread fatalities.
14485,18,The Megyn Kelly Show,"Ben Shapiro on DeSantis, Biden, and Our Authoritarian Moment in America | Ep. 134",2021-07-26T19:40:00,4,5,0.98,mixed,access_or_equity;childhood_schedule;conspiracy_or_institutional_trust;covid19;development_or_approval;efficacy_or_immunity;mandates_or_policy;personal_decision_or_uptake;safety_or_side_effects,True,False,True,episode_14485_clip_3,595.0,
15506,28,REAL AF with Andy Frisella,"324. Andy & DJ CTI: Biden's Voicemail To Hunter, Hutchinson's Jan 6th Testimony & Serious Adverse Events",2022-07-01T09:00:19,4,5,0.98,mixed,conspiracy_or_institutional_trust;covid19;efficacy_or_immunity;mandates_or_policy;personal_decision_or_uptake;safety_or_side_effects,True,False,True,episode_15506_clip_1,1628.7,"Claims Pfizer vaccine causes five serious adverse events per hospitalization prevented, citing emerging data on harms."
16024,28,REAL AF with Andy Frisella,"265. Andy & DJ CTI: Disney's Secret Agenda, CDC Normalizing Blood Clots & World Government Summit",2022-03-31T09:00:42,4,5,0.98,mixed;supportive,conspiracy_or_institutional_trust;covid19;misinformation_or_fact_checking;safety_or_side_effects,True,False,True,episode_16024_clip_3,1892.0,Speakers claim vaccination is the common denominator in recent deaths of young healthy people and allege data concealment by authorities.
6222,2,The Joe Rogan Experience,#2061 - Whitney Cummings,2023-11-10T18:00:00,4,5,0.96,neutral;supportive,conspiracy_or_institutional_trust;covid19;efficacy_or_immunity;mandates_or_policy;misinformation_or_fact_checking;other_vaccine;safety_or_side_effects,True,False,True,episode_6222_clip_3,2975.0,Claims pregnancy at 40 is a vaccine injury; alleges placental hardening and fertility issues from vaccines.
6652,18,The Megyn Kelly Show,"Rob Schneider on Beating a Culture of Censorship, and Jesse Kelly on Kamala's Failed Border Policies | Ep. 900",2024-09-27T20:21:28,4,5,0.96,mixed,childhood_schedule;conspiracy_or_institutional_trust;hpv;mandates_or_policy;misinformation_or_fact_checking;other_vaccine;personal_decision_or_uptake;safety_or_side_effects,True,False,True,episode_6652_clip_3,6912.7,"Claims pharmaceutical industry pushes cradle-to-grave drugging, citing Hepatitis B vaccine given to babies for profit."
14415,18,The Megyn Kelly Show,"Dr. Drew Pinsky on COVID Hysteria, The Rise of Narcissism, and Marriage and Parenting | Ep. 141",2021-08-06T08:00:00,4,5,0.96,mixed,access_or_equity;conspiracy_or_institutional_trust;covid19;development_or_approval;efficacy_or_immunity;mandates_or_policy;misinformation_or_fact_checking;personal_decision_or_uptake;safety_or_side_effects,True,True,True,episode_14415_clip_4,5355.0,"Speaker claims his son suffered a severe vaccine reaction after being forced to vaccinate despite prior infection, citing a doctor's warning about adverse reactions in naturally immune individuals."
2320,2,The Joe Rogan Experience,#2284 - Ian Carroll,2025-03-05T18:00:00,4,5,0.95,mixed;supportive,conspiracy_or_institutional_trust;covid19;efficacy_or_immunity;misinformation_or_fact_checking;mmr_measles;safety_or_side_effects,True,False,True,episode_2320_clip_2,6053.0,Claims COVID lockdowns and vaccines were promoted via information warfare to generate profit for specific groups.
3616,16,The Charlie Kirk Show,How MAHA Was Born And Where It's Going Next,2025-08-25T23:44:23,4,5,0.95,mixed;neutral;supportive,childhood_schedule;conspiracy_or_institutional_trust;covid19;mandates_or_policy;safety_or_side_effects,True,False,True,episode_3616_clip_2,657.1,"Speaker claims children receive over 90 vaccines, alleges food pyramids were bought by industry, and links birth control to autoimmune diseases."
4693,18,The Megyn Kelly Show,"Was Air India Crash Deliberate, and Previewing Next Epstein Shoe to Drop, with Fifth Column and Aviation Experts | Ep. 1110",2025-07-17T19:52:25,4,5,0.95,mixed,conspiracy_or_institutional_trust;covid19;misinformation_or_fact_checking;personal_decision_or_uptake;safety_or_side_effects,False,True,True,episode_4693_clip_2,6858.9,Discussion of an op-ed about shunning unvaccinated family members and the social divide over COVID vaccination.
6677,2,The Joe Rogan Experience,"Fight Companion - August 5, 2023",2023-08-06T06:54:02,4,5,0.95,critical;mixed,conspiracy_or_institutional_trust;covid19;mandates_or_policy;misinformation_or_fact_checking;safety_or_side_effects,True,False,True,episode_6677_clip_3,856.5,"Speakers discuss an alleged uptick in sudden deaths and cancers, questioning if mRNA vaccines are the cause."
7870,2,The Joe Rogan Experience,#1912 - Steven Rinella,2022-12-20T18:00:00,4,5,0.95,mixed;neutral,conspiracy_or_institutional_trust;covid19;development_or_approval;efficacy_or_immunity;mandates_or_policy;misinformation_or_fact_checking;safety_or_side_effects,True,False,True,episode_7870_clip_2,11715.6,"Speaker alleges mandates caused injuries, businesses are being sued, and pharma companies hide negative data while lacking long-term safety studies."
11227,2,The Joe Rogan Experience,#1750 - Ari Shaffir & Tony Hinchcliffe,2021-12-22T18:00:00,4,5,0.95,mixed;neutral,conspiracy_or_institutional_trust;covid19;development_or_approval;efficacy_or_immunity;misinformation_or_fact_checking;personal_decision_or_uptake;safety_or_side_effects,True,True,True,episode_11227_clip_4,10892.5,"Speaker recounts using ivermectin and monoclonal antibodies after vaccination, claiming rapid recovery and advocating for alternative treatments."
11528,28,REAL AF with Andy Frisella,"793. Andy & DJ CTI: Hurricane Milton Could Change Florida's Coastline, 60 Minutes Editing Kamala's Answer & Wave Of Heart Attacks",2024-10-10T09:00:00,4,5,0.95,supportive,conspiracy_or_institutional_trust;covid19;mandates_or_policy;misinformation_or_fact_checking;safety_or_side_effects,True,False,True,episode_11528_clip_1,2380.0,"Alleges Bill Gates is using vaccines, weather manipulation, and global organizations to control the population."
12221,2,The Joe Rogan Experience,#1686 - Ari Shaffir,2021-07-22T17:00:00,4,5,0.95,mixed;neutral,conspiracy_or_institutional_trust;covid19;development_or_approval;efficacy_or_immunity;misinformation_or_fact_checking;safety_or_side_effects,True,False,True,episode_12221_clip_2,3315.7,Speaker alleges vaccine announcement was politically timed and discusses gain-of-function research and lab leak theories.
12445,28,REAL AF with Andy Frisella,"675. Andy, Ian Smith & DJ CTI: Trump's New $175M Bond, Yellowstone Star Kicked Off Flight & Torture In Putin's Prisons",2024-03-26T09:00:00,4,5,0.95,mixed;neutral,conspiracy_or_institutional_trust;covid19;mandates_or_policy;misinformation_or_fact_checking;personal_decision_or_uptake;safety_or_side_effects,True,False,True,episode_12445_clip_2,2530.4,Speakers speculate that rising cancer rates and myocarditis cases are linked to vaccines and may be blamed on political figures.
14153,18,The Megyn Kelly Show,Tulsi Gabbard on the Afghanistan Withdrawal Hearing and the ‘Woke-ification’ of the Military | Ep. 169,2021-09-28T20:11:27,4,5,0.95,mixed,childhood_schedule;conspiracy_or_institutional_trust;covid19;development_or_approval;efficacy_or_immunity;influenza;mandates_or_policy;personal_decision_or_uptake,True,False,True,episode_14153_clip_3,4760.0,"Guest argues mandates remove choice and ignore natural immunity, citing government lies and politicization as drivers of distrust."
14649,18,The Megyn Kelly Show,"The COVID Cover-Up, with Josh Rogin, David Marcus, and Richard Muller | Ep. 114",2021-06-11T08:00:00,4,5,0.95,mixed;neutral,covid19;efficacy_or_immunity;mandates_or_policy;misinformation_or_fact_checking;personal_decision_or_uptake;safety_or_side_effects,True,True,True,episode_14649_clip_4,5147.3,Speakers attribute vaccine hesitancy to political messaging and describe pediatric vaccination as unjustified and experimental.
15720,28,REAL AF with Andy Frisella,"300. Andy, Cameron Hanes, Sal & DJ CTI: Trump-Russia Lies Approved By Hillary, Elon Musk's Sex Accuser & Biden-Backed W.H.O. Treaty",2022-05-21T09:00:23,4,5,0.95,mixed,conspiracy_or_institutional_trust;covid19;development_or_approval;mandates_or_policy;misinformation_or_fact_checking,True,False,True,episode_15720_clip_3,6385.7,Speakers claim monkeypox and coronavirus were intentionally reintroduced from labs and that WHO treaties enable global enforcement of mandates.
9341,18,The Megyn Kelly Show,"Democrats Against Journalism, and COVID Truth Revealed, with Stu Burguiere, Dave Marcus, David Zweig, and Isabel Oakeshott | Ep. 509",2023-03-10T20:03:05,4,5,0.9,mixed,conspiracy_or_institutional_trust;covid19;development_or_approval;misinformation_or_fact_checking;safety_or_side_effects,True,False,True,episode_9341_clip_2,1453.9,Speakers claim NGOs pressured platforms to suppress truthful commentary on vaccine negative consequences to protect uptake.
2285,8,The MeidasTouch Podcast,Meidas Health EMERGENCY Episode:  Mass Chaos as Trump Panel Blows Up,2025-09-20T23:30:00,3,5,0.99,mixed;neutral,childhood_schedule;conspiracy_or_institutional_trust;covid19;efficacy_or_immunity;mandates_or_policy;misinformation_or_fact_checking;mmr_measles;safety_or_side_effects,True,True,True,episode_2285_clip_1,106.8,"Speakers discuss ACIP panel changes, alleged removal of MMR and COVID vaccine recommendations, and confusion over shared clinical decision-making."
4106,19,Pod Save America,RFK Jr. Decapitates the CDC,2025-08-29T07:05:00,3,5,0.99,mixed,childhood_schedule;conspiracy_or_institutional_trust;covid19;efficacy_or_immunity;mandates_or_policy;misinformation_or_fact_checking;mmr_measles;safety_or_side_effects,True,True,True,episode_4106_clip_1,135.9,"Discussion of RFK Jr. limiting COVID vaccine eligibility, firing CDC leadership, and stacking panels with anti-vax advocates."
4169,19,Pod Save America,Trump Goes Bananas,2025-08-08T07:05:00,3,5,0.99,mixed,conspiracy_or_institutional_trust;covid19;development_or_approval;efficacy_or_immunity;influenza;mandates_or_policy;misinformation_or_fact_checking;safety_or_side_effects,True,True,True,episode_4169_clip_3,3570.0,Expert argues canceling mRNA grants hinders flu pandemic prep and critiques returning to outdated egg-based vaccine technology.
4179,18,The Megyn Kelly Show,"Lisa Cook Investigation Grows, RFK vs. Senators, and Bari Weiss CBS News Rumblings, with Glenn Greenwald",2025-09-04T19:35:20,3,5,0.99,mixed,childhood_schedule;conspiracy_or_institutional_trust;covid19;efficacy_or_immunity;misinformation_or_fact_checking;mmr_measles;safety_or_side_effects,True,True,True,episode_4179_clip_2,4798.7,"Discussion on COVID death counts, vaccine efficacy data, and alleged links between vaccines and myocarditis."
4488,19,Pod Save America,Trump's Art of the Fold,2025-04-11T07:05:00,3,5,0.99,supportive,access_or_equity;childhood_schedule;conspiracy_or_institutional_trust;covid19;development_or_approval;efficacy_or_immunity;mandates_or_policy;misinformation_or_fact_checking;mmr_measles;safety_or_side_effects,False,True,True,episode_4488_clip_2,4760.0,"Expert criticizes RFK Jr.'s vaccine skepticism, cites measles vaccine efficacy, and warns of dismantled FDA/CDC vaccine infrastructure."
4673,18,The Megyn Kelly Show,"Truth About Benefits of HRT For Women, and COVID Lies Uncovered, with FDA Commissioner Dr. Marty Makary",2025-07-20T18:00:00,3,5,0.99,neutral;supportive,conspiracy_or_institutional_trust;covid19;development_or_approval;influenza;mandates_or_policy;safety_or_side_effects,True,False,True,episode_4673_clip_2,1516.2,"Speaker alleges agencies sat on myocarditis data, lied about boosters, and failed to act on safety signals for young healthy subjects."
5384,2,The Joe Rogan Experience,#2126 - Donnell Rawlings,2024-03-27T17:00:00,3,5,0.99,mixed;neutral;supportive,conspiracy_or_institutional_trust;covid19;efficacy_or_immunity;mandates_or_policy;safety_or_side_effects,True,False,True,episode_5384_clip_2,3570.0,Speakers claim vaccines have high side effect rates and caused a 40% increase in all-cause mortality and excess deaths.
5826,17,The Tucker Carlson Show,Matt Taibbi: All the Top Secret Information Trump Is Releasing & What He Should Declassify Next,2025-01-27T19:10:00,3,5,0.99,mixed,conspiracy_or_institutional_trust;covid19;development_or_approval;efficacy_or_immunity;misinformation_or_fact_checking;personal_decision_or_uptake,True,False,True,episode_5826_clip_1,71.8,Speakers allege authorities created dangerous viruses via gain-of-function research to justify vaccine development.
5870,19,Pod Save America,More Like GONE DeSantis (w/Gavin Newsom!),2024-01-23T07:55:00,3,5,0.99,mixed,childhood_schedule;conspiracy_or_institutional_trust;covid19;efficacy_or_immunity;mandates_or_policy;misinformation_or_fact_checking;personal_decision_or_uptake;safety_or_side_effects,False,True,True,episode_5870_clip_2,4165.0,"Speakers refute claims that boosters increase COVID risk, citing death tolls and accusing politicians of lying and promoting disinformation."
5871,2,The Joe Rogan Experience,#2090 - Bobby Lee,2024-01-23T18:00:00,3,5,0.99,mixed,conspiracy_or_institutional_trust;covid19;efficacy_or_immunity;mandates_or_policy;other_vaccine;personal_decision_or_uptake;safety_or_side_effects,True,False,True,episode_5871_clip_2,5375.5,"Speaker recounts avoiding vaccination due to blood clot reports, claiming authorities lied about efficacy and transmission prevention."
6047,18,The Megyn Kelly Show,"Charlie Kirk on Tulsi and RFK's Fight Ahead, DEI vs. Merit, and Elites Against Trump's Immigration Policies | Ep. 997",2025-01-31T19:00:00,3,5,0.99,mixed,childhood_schedule;conspiracy_or_institutional_trust;covid19;efficacy_or_immunity;misinformation_or_fact_checking;mmr_measles;personal_decision_or_uptake;safety_or_side_effects,True,False,True,episode_6047_clip_1,3757.6,"Discusses RFK Jr.'s hearing, questioning Hepatitis B timing for newborns, alleging corruption in studies, and citing anecdotal vaccine injuries."
6227,18,The Megyn Kelly Show,"RFK and Hegseth's Path to Confirmation, and Dangers of AI, with Mark Halperin, Sean Spicer, Dan Turrentine, and Tristan Harris | Ep. 967",2024-12-17T20:12:14,3,5,0.99,mixed,conspiracy_or_institutional_trust;development_or_approval;misinformation_or_fact_checking;mmr_measles;polio;safety_or_side_effects,True,True,True,episode_6227_clip_3,1885.0,
6238,2,The Joe Rogan Experience,#2059 - Adam Greentree,2023-11-08T18:00:00,3,5,0.99,mixed,conspiracy_or_institutional_trust;covid19;efficacy_or_immunity;influenza;mandates_or_policy;misinformation_or_fact_checking;other_vaccine;personal_decision_or_uptake;safety_or_side_effects,True,False,True,episode_6238_clip_1,8436.7,
6254,18,The Megyn Kelly Show,"Mysterious ""Drones"" Spread, Media Malpractice, and How Medical Journals Became Captured, with Hugh Hewitt and Dr. Aseem Malhotra | Ep. 964",2024-12-13T21:09:47,3,5,0.99,mixed,conspiracy_or_institutional_trust;covid19;efficacy_or_immunity;misinformation_or_fact_checking;safety_or_side_effects,True,False,True,episode_6254_clip_2,5560.2,"Guest claims mRNA vaccines cause serious harm at rates exceeding COVID hospitalization benefits, citing re-analyzed trial data and autopsy reports."
6787,24,The Shawn Ryan Show,#218 Gavin Newsom - Governor of California,2025-07-14T10:00:00,3,5,0.99,mixed;neutral,access_or_equity;covid19;efficacy_or_immunity;influenza;mandates_or_policy;misinformation_or_fact_checking;personal_decision_or_uptake;safety_or_side_effects,True,True,True,episode_6787_clip_1,902.8,Guest asks governor about accountability for child vaccine mandates citing myocarditis and cancer; governor defends vaccines but orders a review.
6831,2,The Joe Rogan Experience,#2004 - Ice Cube,2023-06-29T17:00:00,3,5,0.99,mixed,conspiracy_or_institutional_trust;covid19;development_or_approval;efficacy_or_immunity;mandates_or_policy;misinformation_or_fact_checking;personal_decision_or_uptake;safety_or_side_effects,True,False,True,episode_6831_clip_1,2975.0,"Speaker claims vaccines were experimental, rushed, and driven by profit over safety."
6834,19,Pod Save America,"""Fox Trucks Canada.""",2022-02-15T08:01:00,3,5,0.99,mixed;neutral,conspiracy_or_institutional_trust;covid19;mandates_or_policy;misinformation_or_fact_checking;safety_or_side_effects,True,True,True,episode_6834_clip_3,2380.0,
7865,18,The Megyn Kelly Show,"Media's Biden Rescue, and Harry and Meghan's ""Rebrand,"" with Maureen Callahan, Plus Sopranos Star Drea de Matteo | Ep. 723",2024-02-13T20:35:00,3,5,0.99,supportive,conspiracy_or_institutional_trust;covid19;mandates_or_policy;misinformation_or_fact_checking;personal_decision_or_uptake;safety_or_side_effects,True,False,True,episode_7865_clip_1,4816.7,"Speaker alleges media hides myocarditis risks from youth, claims institutional hijacking, and endorses RFK Jr."
7898,18,The Megyn Kelly Show,Bonus: Bret Weinstein on The Tucker Carlson Podcast,2024-02-07T11:00:00,3,5,0.99,mixed,conspiracy_or_institutional_trust;covid19;development_or_approval;mandates_or_policy;safety_or_side_effects,True,False,True,episode_7898_clip_2,3835.0,"Hypothesizes mRNA vaccines trigger IgG4 attenuation, potentially making populations susceptible to bioweapons."
9100,17,The Tucker Carlson Show,Calley Means,2024-02-03T00:00:00,3,5,0.99,mixed,childhood_schedule;conspiracy_or_institutional_trust;covid19;efficacy_or_immunity;misinformation_or_fact_checking;personal_decision_or_uptake;safety_or_side_effects,True,False,True,episode_9100_clip_2,2138.9,Guest alleges media suppresses questions about required childhood shots changing immune systems and cites criminal penalties against vaccine makers.
9109,17,The Tucker Carlson Show,Bret Weinstein,2024-02-02T00:00:00,3,5,0.99,mixed,conspiracy_or_institutional_trust;covid19;development_or_approval;efficacy_or_immunity;mandates_or_policy;misinformation_or_fact_checking;safety_or_side_effects,True,False,True,episode_9109_clip_2,3864.0,"Speaker hypothesizes mRNA vaccines trigger IgG4 attenuation, potentially making populations susceptible to bioweapons while sparing others."
10802,18,The Megyn Kelly Show,"Biden Lawyers Find More Docs, Vaccine Safety Signals, and MLK's Legacy, with Rich Lowry and Charles C.W. Cooke | Ep. 472",2023-01-16T19:49:49,3,5,0.99,mixed,conspiracy_or_institutional_trust;covid19;development_or_approval;efficacy_or_immunity;mandates_or_policy;misinformation_or_fact_checking;safety_or_side_effects,True,True,True,episode_10802_clip_1,3440.0,Introduces CDC acknowledgment of a safety signal linking Pfizer bivalent boosters to increased ischemic stroke risk in seniors.
11126,8,The MeidasTouch Podcast,"Introducing Meidas Health with Dr. Vin Gupta, Episode 1",2025-03-30T23:00:00,3,5,0.99,neutral,efficacy_or_immunity;mandates_or_policy;misinformation_or_fact_checking;mmr_measles;safety_or_side_effects,False,True,True,episode_11126_clip_3,607.4,"Expert debunks vitamin A as measles prevention, confirms vaccine efficacy, and urges boosters amid rising cases."
11438,18,The Megyn Kelly Show,"Kids and Vaccines, CNN and Toobin, and Life After Cancelation, with Mary Katharine Ham and John Crist | Ep. 417",2022-10-21T19:23:23,3,5,0.99,critical,childhood_schedule;conspiracy_or_institutional_trust;covid19;efficacy_or_immunity;mandates_or_policy;misinformation_or_fact_checking;safety_or_side_effects,True,False,True,episode_11438_clip_1,0.0,"Host argues against school mandates citing myocarditis risks, deaths in young people, and claims media suppresses safety data."
11500,28,REAL AF with Andy Frisella,"796. Andy & DJ CTI: Trump Challenging Election Results?, North Carolina Hurricane Recovery Team Relocated & New Cancer Treatment Protocol",2024-10-15T09:00:00,3,5,0.99,supportive,conspiracy_or_institutional_trust;covid19;development_or_approval;mandates_or_policy;misinformation_or_fact_checking;safety_or_side_effects,True,False,True,episode_11500_clip_2,3248.6,Alleges government officials planned pandemic response to control society and that PCR tests were manipulated to inflate cases.
11718,28,REAL AF with Andy Frisella,"772. Andy & DJ CTI: Former Aide Charged With Acting As Chinese Agent, Kamala Harris Proposes Trudeau-Style Communist Housing Plan & U.S. Court Of Appeals For The 11th Circuit Will Reverse Judge Cannon's Mar-A-Lago Dismissal",2024-09-04T09:00:00,3,5,0.99,neutral;supportive,access_or_equity;conspiracy_or_institutional_trust;covid19;mandates_or_policy;polio;safety_or_side_effects,True,False,True,episode_11718_clip_3,1190.0,Speaker claims oral polio vaccine causes more cases than wild virus and alleges globalists use vaccines to eliminate populations.
12707,30,Candace,SMACKDOWN! Piers Morgan Tried To Ambush Me... | Candace Ep 4,2024-06-13T20:00:00,3,5,0.99,mixed,childhood_schedule;covid19;efficacy_or_immunity;mandates_or_policy;misinformation_or_fact_checking;personal_decision_or_uptake;safety_or_side_effects,True,False,True,episode_12707_clip_2,595.0,"Speaker claims her grandfather died from vaccine-induced dementia, cites miscarriages and blindness as side effects, and states she does not vaccinate her children."
13060,2,The Joe Rogan Experience,#1634 - Jack Carr,2021-04-14T17:00:00,3,5,0.99,mixed,conspiracy_or_institutional_trust;covid19;development_or_approval;mandates_or_policy;misinformation_or_fact_checking;personal_decision_or_uptake;safety_or_side_effects,True,False,True,episode_13060_clip_3,7454.1,
13885,28,REAL AF with Andy Frisella,"518. Andy & DJ CTI: $75M To Epstein Victims, Whistleblower Faces Devastating Retaliation & False Narratives In Durham Report",2023-05-19T09:00:00,3,5,0.99,mixed,conspiracy_or_institutional_trust;covid19;efficacy_or_immunity;mandates_or_policy;misinformation_or_fact_checking,True,False,True,episode_13885_clip_1,236.2,"Host claims COVID vaccines didn't work, pharma/FDA know this, and a legal immigrant is being deported for not taking an ineffective vaccine."
13923,2,The Joe Rogan Experience,#1589 - Dr. Mark Gordon & Andrew Marr,2021-01-06T18:00:00,3,5,0.99,mixed;supportive,covid19;development_or_approval;efficacy_or_immunity;personal_decision_or_uptake;safety_or_side_effects,True,False,False,episode_13923_clip_2,9023.9,"Guest raises concerns about mRNA vaccine novelty, potential DNA integration, side effects, and suggests anti-inflammatory protocols to mitigate reactions."
14105,28,REAL AF with Andy Frisella,490. Part 2 - Restoring High Personal Standards In America Ft. Dakota Meyer,2023-03-22T09:45:00,3,5,0.99,mixed,conspiracy_or_institutional_trust;covid19;development_or_approval;mandates_or_policy;misinformation_or_fact_checking;personal_decision_or_uptake,True,False,True,episode_14105_clip_2,3763.2,"Speakers characterize COVID measures as intentional division, crimes against humanity, and propaganda, citing employer fines and social conflict."
14368,28,REAL AF with Andy Frisella,"459. Andy & DJ CTI: Biden May Have Jeopardized National Security, Stabilizer Brace Rule & Woke $10M MLK ‘Penis’ Statue",2023-01-17T10:00:00,3,5,0.99,supportive,conspiracy_or_institutional_trust;covid19;efficacy_or_immunity;misinformation_or_fact_checking;safety_or_side_effects,True,False,True,episode_14368_clip_2,595.0,Speakers allege COVID was deployed intentionally to distribute vaccines meant to accelerate deaths and depopulate the world.
14556,28,REAL AF with Andy Frisella,"427. Andy, Tommy Vext & DJ CTI: Nurse Who Injected Patients With Saltwater Walks Free, U.S. Women's Team Receives Half Of Men's Money At World Cup & China Targeting Protesters Smartphones",2022-12-02T10:00:00,3,5,0.99,mixed;supportive,conspiracy_or_institutional_trust;covid19;efficacy_or_immunity;mandates_or_policy;misinformation_or_fact_checking;safety_or_side_effects,True,False,True,episode_14556_clip_3,3040.6,"Speakers praise a nurse who injected saline instead of COVID vaccines, claiming vaccines are ineffective and she saved lives."
14588,18,The Megyn Kelly Show,"Britney Spears, Vaccine Mandates, ""Central Park Karen,"" and More Hot Legal Cases, with Arthur Aidala and Mark Eiglarsh | Ep. 121",2021-06-28T08:00:00,3,5,0.99,mixed,covid19;development_or_approval;mandates_or_policy;personal_decision_or_uptake;safety_or_side_effects,True,False,True,episode_14588_clip_3,3570.0,"Speakers argue mandates for experimental vaccines are unethical, citing unknown fertility risks and low morbidity for young people."
14596,28,REAL AF with Andy Frisella,"420. Andy & DJ CTI: ""Just A Recommendation,"" Biden Admin Vs. Supreme Court & Judge Orders Release Of Docs In Epstein Case",2022-11-22T10:00:00,3,5,0.99,mixed,conspiracy_or_institutional_trust;covid19;efficacy_or_immunity;mandates_or_policy;misinformation_or_fact_checking;safety_or_side_effects,True,False,True,episode_14596_clip_1,721.6,"Speakers allege vaccines lack safety testing, claim global conspiracy to force vaccination, and cite unproven ivermectin efficacy."
14699,28,REAL AF with Andy Frisella,"405. Andy & DJ CTI: Elon Musk’s Twitter HQ Takeover, Kanye West Warns Adidas To Make New Designs & Zuckerberg's Metaverse $650B Market Loss",2022-10-28T09:00:00,3,5,0.99,mixed;supportive,conspiracy_or_institutional_trust;covid19;efficacy_or_immunity;mandates_or_policy;misinformation_or_fact_checking;personal_decision_or_uptake;safety_or_side_effects,True,False,True,episode_14699_clip_3,3116.1,Alleges elite intent to genocide vaccine resistors and conditions society via cancel culture.
14831,28,REAL AF with Andy Frisella,"387. Andy & DJ CTI: White Lives Matter, “Homophobic Weirdos” & Agencies Misleading Public About Ivermectin",2022-10-04T09:00:00,3,5,0.99,mixed;supportive,conspiracy_or_institutional_trust;covid19;efficacy_or_immunity;mandates_or_policy;misinformation_or_fact_checking;personal_decision_or_uptake;safety_or_side_effects,True,False,True,episode_14831_clip_3,2975.0,"Speakers allege authorities knew ivermectin worked but suppressed it, claim high vaccinated death rates in UK, and call pandemic response psychological manipulation."
14934,28,REAL AF with Andy Frisella,"377. Andy, Dave Smith & DJ CTI: ... Part 1",2022-09-16T09:00:49,3,5,0.99,mixed;supportive,conspiracy_or_institutional_trust;covid19;efficacy_or_immunity;mandates_or_policy;misinformation_or_fact_checking;personal_decision_or_uptake;safety_or_side_effects,True,False,True,episode_14934_clip_1,4165.0,"Claims unknown long-term vaccine damage, alleges ivermectin efficacy was suppressed, and calls pandemic response a crime against humanity."
15875,28,REAL AF with Andy Frisella,"285. Andy & DJ CTI: Former MO Rep. Dies Of Heart Condition, Nina Jankowicz’s Mary Poppins TikTok & Netflix Begins Layoffs",2022-04-30T09:00:05,3,5,0.99,supportive,conspiracy_or_institutional_trust;covid19;mandates_or_policy;misinformation_or_fact_checking;safety_or_side_effects,True,False,True,episode_15875_clip_1,134.3,"Speakers link a vaccinated woman's heart death to the vaccine, alleging people were misled by lies and manufactured data."
15966,28,REAL AF with Andy Frisella,"273. Andy & DJ CTI: Trump Endorses Dr. Oz, USPS Stops Deliveries In CA & Pfizer Hires 600 Employees",2022-04-12T09:00:36,3,5,0.99,supportive,conspiracy_or_institutional_trust;covid19;mandates_or_policy;misinformation_or_fact_checking;safety_or_side_effects,True,False,True,episode_15966_clip_1,2074.4,"Hosts claim Pfizer hired 600 staff due to massive adverse events, implying hidden vaccine dangers."
15991,28,REAL AF with Andy Frisella,271. American Revival Part 2 Ft. Eric Greitens,2022-04-07T09:00:22,3,5,0.99,mixed;supportive,conspiracy_or_institutional_trust;covid19;mandates_or_policy;misinformation_or_fact_checking;personal_decision_or_uptake,True,False,True,episode_15991_clip_1,1428.0,"Speakers call for trials of Fauci and pharma companies, alleging media was paid to promote vaccines and therapeutics were suppressed."
16139,28,REAL AF with Andy Frisella,"247. Andy, JP Sears, Sal & DJ CTI: CDC Director Rebukes DeSantis, Graham Calls For A Hit On Putin & No Russian Cats Allowed",2022-03-05T10:00:48,3,5,0.99,mixed,conspiracy_or_institutional_trust;covid19;development_or_approval;efficacy_or_immunity;mandates_or_policy;personal_decision_or_uptake;safety_or_side_effects,True,False,True,episode_16139_clip_1,1190.0,Speakers cite unverified tweets claiming a 3% vaccine mortality rate and suggest the pandemic and war were orchestrated to cover up vaccine issues.
16157,28,REAL AF with Andy Frisella,"245. Andy & DJ CTI: Voting For Democrats Only, Biden’s State Of The Union & CDC’s Detrimental Data",2022-03-03T10:00:07,3,5,0.99,mixed,conspiracy_or_institutional_trust;covid19;efficacy_or_immunity;mandates_or_policy;misinformation_or_fact_checking;safety_or_side_effects,True,False,True,episode_16157_clip_2,1819.6,"Speakers cite CDC data on myocarditis risks in young males, alleging risks are higher than reported and that platforms censor this data to cover up harm."
16208,28,REAL AF with Andy Frisella,"237. Andy & DJ CTI: Hillary Clinton Breaks Silence, Swabs Sent To Genome Lab & Freedom Convoy Leader Expects Jail Time",2022-02-18T10:00:44,3,5,0.99,mixed,conspiracy_or_institutional_trust;covid19;efficacy_or_immunity;mandates_or_policy;safety_or_side_effects,True,False,True,episode_16208_clip_2,1190.0,
16222,28,REAL AF with Andy Frisella,"235. Andy & DJ CTI: Russia Investigates Nike, Sandy Hook Families Lawsuit Settlement & Ottawa Police Chief Resigns",2022-02-16T10:00:44,3,5,0.99,supportive,conspiracy_or_institutional_trust;covid19;mandates_or_policy;misinformation_or_fact_checking;safety_or_side_effects,True,False,True,episode_16222_clip_1,2089.6,"Hosts allege vaccine mandates are tyrannical, claim military vaccination status is faked, and cite a global elite conspiracy."
16252,28,REAL AF with Andy Frisella,"231. Andy & DJ CTI: Chris Cuomo Wants $60 Million From CNN, Comedian Heather McDonald Collapses & Biden's Free Crack Pipes",2022-02-10T10:00:32,3,5,0.99,supportive,conspiracy_or_institutional_trust;covid19;misinformation_or_fact_checking;safety_or_side_effects,True,False,True,episode_16252_clip_1,595.0,Hosts suggest a comedian's fainting spell was divine punishment for boasting about vaccination and claim widespread vaccine injuries.
16327,28,REAL AF with Andy Frisella,"217. Andy & DJ CTI: Elite Rich Getting Richer, Djokovic Leaving Australia Disappointed & Ghislaine Maxwell's John Doe's",2022-01-18T10:00:00,3,5,0.99,mixed;supportive,conspiracy_or_institutional_trust;covid19;efficacy_or_immunity;mandates_or_policy;misinformation_or_fact_checking;safety_or_side_effects,True,False,True,episode_16327_clip_1,818.9,"Claims government suppressed effective treatments like ivermectin to promote vaccines, calling it murder and crimes against humanity."
20609,52,Matt and Shane's Secret Podcast,Wahlberg,2020-03-23T01:35:09,3,5,0.99,mixed,conspiracy_or_institutional_trust;covid19;development_or_approval;mandates_or_policy;personal_decision_or_uptake;safety_or_side_effects,True,False,True,episode_20609_clip_2,3222.3,
873,2,The Joe Rogan Experience,#2347 - Paul Stamets,2025-07-09T17:00:00,3,5,0.98,mixed,childhood_schedule;conspiracy_or_institutional_trust;development_or_approval;efficacy_or_immunity;misinformation_or_fact_checking;other_vaccine;personal_decision_or_uptake;safety_or_side_effects,True,False,True,episode_873_clip_2,7735.0,"Speakers allege inflated bird flu deaths, question Hep B timing for infants, claim liability shields drive schedules, and demand full risk-benefit data disclosure."
1756,2,The Joe Rogan Experience,#2309 - Joey Diaz,2025-04-23T17:00:00,3,5,0.98,mixed,conspiracy_or_institutional_trust;covid19;efficacy_or_immunity;influenza;mandates_or_policy;misinformation_or_fact_checking;safety_or_side_effects,True,False,True,episode_1756_clip_2,8739.6,"Speaker alleges doctors were prohibited from prescribing ivermectin, vaccines caused mass deaths, and all-cause mortality and cancer rates are skyrocketing due to a psyop."
3555,16,The Charlie Kirk Show,"America is a Country, Not An Economy",2025-09-04T18:47:45,3,5,0.98,mixed,conspiracy_or_institutional_trust;covid19;efficacy_or_immunity;mandates_or_policy;misinformation_or_fact_checking;safety_or_side_effects,True,False,True,episode_3555_clip_2,836.6,RFK Jr. states COVID vaccines are no longer recommended for healthy people under 65 and denies mRNA vaccines cause myocarditis.
3787,2,The Joe Rogan Experience,#2221 - JD Vance,2024-10-31T17:00:00,3,5,0.98,mixed,conspiracy_or_institutional_trust;covid19;mandates_or_policy;misinformation_or_fact_checking;other_vaccine;polio;safety_or_side_effects,True,False,True,episode_3787_clip_2,5524.6,Speakers allege vaccines were used for sterilization in Africa and that polio vaccines caused polio outbreaks.
4012,8,The MeidasTouch Podcast,MeidasTouch Full Podcast - 9/5/25,2025-09-05T09:00:00,3,5,0.98,mixed,conspiracy_or_institutional_trust;covid19;efficacy_or_immunity;mandates_or_policy;misinformation_or_fact_checking;mmr_measles;polio;safety_or_side_effects,True,True,True,episode_4012_clip_4,4760.0,"Discusses pediatrician concerns over vaccine access, labels anti-mandate rhetoric as slavery, and notes state coalitions forming."
4044,18,The Megyn Kelly Show,"Jimmy Kimmel Pulled Indefinitely, Fired CDC Chief Testifies, Trump Honored in UK: AM Update 9/18",2025-09-18T10:00:00,3,5,0.98,mixed,childhood_schedule;conspiracy_or_institutional_trust;covid19;mandates_or_policy;safety_or_side_effects,True,False,True,episode_4044_clip_2,269.5,"Testimony details disputes over ACIP recommendations, firing of officials, and Senator Paul questioning the medical necessity of newborn Hepatitis B vaccination."
4500,8,The MeidasTouch Podcast,MeidasTouch Full Podcast - 8/29/25,2025-08-29T09:00:00,3,5,0.98,mixed;neutral,conspiracy_or_institutional_trust;covid19;mandates_or_policy;misinformation_or_fact_checking;safety_or_side_effects,False,True,True,episode_4500_clip_2,2577.0,"Discusses RFK Jr. limiting COVID vaccine access, firing CDC leadership, and anti-vax appointments."
4770,19,Pod Save America,The Pundies: Worst Takes of 2024,2024-12-20T08:30:00,3,5,0.98,mixed,conspiracy_or_institutional_trust;misinformation_or_fact_checking;polio;safety_or_side_effects,False,True,True,episode_4770_clip_1,2771.9,
4940,19,Pod Save America,Trump's Halloween Costume,2024-11-01T07:05:00,3,5,0.98,critical;mixed,conspiracy_or_institutional_trust;covid19;mandates_or_policy;misinformation_or_fact_checking;mmr_measles;personal_decision_or_uptake;polio;safety_or_side_effects,True,True,True,episode_4940_clip_2,1506.0,RFK Jr. claims vaccine numbers rose from 3 to 76 causing autism; hosts counter this is false and cite Samoa outbreak.
5282,18,The Megyn Kelly Show,"Vatican Selects American Pope, Joe Biden's ""TORTUROUS"" Sit Down with The View, and More with Ruthless Pod | Ep. 1068",2025-05-08T19:37:35,3,5,0.98,mixed,childhood_schedule;conspiracy_or_institutional_trust;covid19;mandates_or_policy;personal_decision_or_uptake;safety_or_side_effects,True,False,True,episode_5282_clip_1,1785.0,Critique of a Surgeon General nominee for supporting vaccines for young children despite myocarditis concerns.
5535,2,The Joe Rogan Experience,#2115 - Riley Gaines,2024-03-07T18:00:00,3,5,0.98,mixed,conspiracy_or_institutional_trust;covid19;development_or_approval;efficacy_or_immunity;mandates_or_policy;misinformation_or_fact_checking;personal_decision_or_uptake,True,False,True,episode_5535_clip_3,8186.5,Asserts documented historical experimentation on foster kids with vaccines resulting in deaths.
6402,19,Pod Save America,“Biden’s Lawless Raid on Biden.”,2023-01-24T08:00:00,3,5,0.98,mixed,covid19;efficacy_or_immunity;misinformation_or_fact_checking;safety_or_side_effects,True,True,True,episode_6402_clip_1,4165.0,Hosts read and strongly refute a claim that COVID vaccines killed more people than they saved and were untested.
6675,19,Pod Save America,"""It's Coup O'Clock Somewhere.""",2022-06-14T07:00:00,3,5,0.98,supportive,childhood_schedule;covid19;development_or_approval;efficacy_or_immunity;misinformation_or_fact_checking;personal_decision_or_uptake;safety_or_side_effects,False,True,True,episode_6675_clip_1,2975.0,"Surgeon General discusses FDA authorization of vaccines for kids under 5, emphasizing safety, efficacy, and combating misinformation."
7116,19,Pod Save America,“Biden v. Florida Man.”,2021-08-05T20:55:00,3,5,0.98,supportive,covid19;efficacy_or_immunity;mandates_or_policy;misinformation_or_fact_checking;personal_decision_or_uptake;safety_or_side_effects,False,True,True,episode_7116_clip_1,14.2,"Hosts argue vaccine requirements are necessary, safe, effective, and politically popular to end the pandemic."
7132,19,Pod Save America,“Both Sides-ing the Insurrection.” (with Mehdi Hasan),2021-07-22T20:55:00,3,5,0.98,neutral,conspiracy_or_institutional_trust;covid19;efficacy_or_immunity;mandates_or_policy;misinformation_or_fact_checking;personal_decision_or_uptake,False,True,True,episode_7132_clip_1,0.0,
7203,19,Pod Save America,“Stop the 2024 Steal.”,2021-05-27T21:23:00,3,5,0.98,neutral,covid19;efficacy_or_immunity;mandates_or_policy;misinformation_or_fact_checking,True,True,True,episode_7203_clip_2,686.4,
7342,19,Pod Save America,“Flyin’ Ted.”,2021-02-18T21:53:00,3,5,0.98,neutral,access_or_equity;childhood_schedule;covid19;development_or_approval;efficacy_or_immunity;mandates_or_policy;personal_decision_or_uptake;safety_or_side_effects,False,True,False,episode_7342_clip_3,2975.0,
7796,2,The Joe Rogan Experience,#1920 - Dave Portnoy,2023-01-05T18:00:00,3,5,0.98,mixed,conspiracy_or_institutional_trust;covid19;development_or_approval;efficacy_or_immunity;misinformation_or_fact_checking;safety_or_side_effects,True,False,True,episode_7796_clip_3,5355.0,"Guest asserts vaccines don't stop transmission, cites Pfizer admission, and claims suppression of doctors."
8609,2,The Joe Rogan Experience,#1851 - Chris Williamson,2022-08-02T17:00:00,3,5,0.98,mixed,childhood_schedule;conspiracy_or_institutional_trust;covid19;efficacy_or_immunity;mandates_or_policy;misinformation_or_fact_checking;personal_decision_or_uptake;safety_or_side_effects,True,False,True,episode_8609_clip_1,3203.7,"Discussion of vaccine hesitancy, side effects, natural immunity, and political co-opting of vaccine skeptics."
8938,28,REAL AF with Andy Frisella,"942. Andy & DJ CTI: Erika Kirk Forgives Charlie's Assassin, Trump At United Nations & Dominican Republic Seizes Cocaine",2025-09-24T09:00:00,3,5,0.98,mixed;supportive,childhood_schedule;conspiracy_or_institutional_trust;covid19;misinformation_or_fact_checking;mmr_measles;personal_decision_or_uptake;safety_or_side_effects,True,False,True,episode_8938_clip_2,3570.0,"Speakers claim vaccines and Tylenol cause autism, allege pharma bribes for doctors, and deny liability for vaccine injuries."
10856,30,Candace,COMPROMISED: RFK Jr. And Hollywood Exposed | Candace Ep 173,2025-04-08T21:41:00,3,5,0.98,mixed;supportive,childhood_schedule;conspiracy_or_institutional_trust;covid19;efficacy_or_immunity;misinformation_or_fact_checking;mmr_measles;other_vaccine;safety_or_side_effects,True,False,True,episode_10856_clip_2,247.4,"The speaker chose not to vaccinate children due to RFK Jr.'s work, citing his book claiming measles risks are understated for profit and outbreaks fabricated."
11091,18,The Megyn Kelly Show,"Censorship as Virtue Signaling, and False Meghan and Harry Claims, with the Fifth Column Hosts | Ep. 448",2022-12-06T20:20:49,3,5,0.98,mixed,conspiracy_or_institutional_trust;covid19;efficacy_or_immunity;mandates_or_policy;safety_or_side_effects,True,False,True,episode_11091_clip_1,614.1,"Hosts discuss the military vaccine mandate, questioning its scientific basis now that transmission prevention is doubted, and criticize public health messaging."
11106,30,Candace,INAUGURATION SPECIAL LIVE! Donald Trump Becomes The 47th President | Ep 135,2025-01-20T20:31:00,3,5,0.98,mixed,childhood_schedule;conspiracy_or_institutional_trust;covid19;mandates_or_policy;safety_or_side_effects,True,False,True,episode_11106_clip_3,5057.3,"Trump's speech promises to reinstate service members expelled for objecting to COVID vaccine mandates, calling the mandates experimental."
11446,28,REAL AF with Andy Frisella,"801. Andy & DJ CTI: Biden Embraces Trump Lawfare, U.S. Sending Another $400M To Ukraine & HHS Spent $911M On COVID Vaccine Messaging",2024-10-24T09:00:00,3,5,0.98,mixed;supportive,conspiracy_or_institutional_trust;covid19;efficacy_or_immunity;mandates_or_policy;misinformation_or_fact_checking;safety_or_side_effects,True,False,True,episode_11446_clip_3,3570.0,"Speakers allege Bill Gates faces trial for vaccine injury claims, assert vaccines were saline, and link them to global mortality spikes."
11578,30,Candace,EXPLOSIVE Findings: More Harris Family Freemasonry? | Candace Ep 95,2024-10-31T22:22:27,3,5,0.98,supportive,access_or_equity;conspiracy_or_institutional_trust;misinformation_or_fact_checking;other_vaccine;personal_decision_or_uptake;polio;safety_or_side_effects,True,False,True,episode_11578_clip_2,1524.6,Claims polio vaccine caused polio in Africa via experimentation and links it to broader pharma conspiracies.
12070,28,REAL AF with Andy Frisella,"728. Andy & DJ CTI: Biden Freezes Up, Kansas Sues Pfizer & Idaho Farmers Say Water Curtailment Order Will Dry Up Land",2024-06-18T09:00:00,3,5,0.98,mixed;supportive,conspiracy_or_institutional_trust;covid19;efficacy_or_immunity;mandates_or_policy;misinformation_or_fact_checking;safety_or_side_effects,True,False,True,episode_12070_clip_3,2380.0,"Speakers allege Pfizer concealed safety risks like myocarditis and deaths, claim global mortality is up 40%, and suggest leaders were assassinated for opposing vaccines."
12115,18,The Megyn Kelly Show,"New Questions About Biden's Cognitive Decline, and COVID Panic is Back, with Dr. Drew | Ep. 354",2022-07-11T19:16:52,3,5,0.98,mixed,access_or_equity;conspiracy_or_institutional_trust;covid19;development_or_approval;efficacy_or_immunity;hpv;mandates_or_policy;personal_decision_or_uptake;safety_or_side_effects,True,True,True,episode_12115_clip_2,2975.0,"Discusses waning vaccine efficacy, myocarditis risks, delayed alternatives, and mandates for children/military."
12181,28,REAL AF with Andy Frisella,"711. Andy & DJ CTI: Iranian President Killed In Helicopter Crash, College Students Turn Their Backs To Biden & NJ Court Throws Out 80 Charges Against Ian Smith",2024-05-21T09:00:00,3,5,0.98,mixed,conspiracy_or_institutional_trust;covid19;development_or_approval;misinformation_or_fact_checking;safety_or_side_effects,True,False,True,episode_12181_clip_3,3570.0,Speakers argue COVID measures caused missed cancer screenings and claim vaccinated people are now sick or dying.
12278,28,REAL AF with Andy Frisella,"697. Andy & DJ CTI: U.S. And Ukraine Security Agreement, AstraZeneca Admits COVID Vaccine Side Effect & Biden Jokes About Trump",2024-04-30T09:00:00,3,5,0.98,mixed,conspiracy_or_institutional_trust;covid19;development_or_approval;mandates_or_policy;misinformation_or_fact_checking;personal_decision_or_uptake;safety_or_side_effects,True,True,True,episode_12278_clip_2,1926.7,Discussion of AstraZeneca admitting in court documents that its COVID vaccine can cause rare blood clotting side effects (TTS) leading to death and injury.
12435,30,Candace,Candace Owens + Alex Jones: Who Wanted To Kill Trump? | Candace Ep 27,2024-07-17T20:48:00,3,5,0.98,mixed,conspiracy_or_institutional_trust;covid19;development_or_approval;misinformation_or_fact_checking;polio;safety_or_side_effects,True,False,True,episode_12435_clip_1,13.1,Host endorses Alex Jones' claim that vaccines are part of a global depopulation agenda designed to cause adverse reactions and death.
12642,28,REAL AF with Andy Frisella,"651. Andy, Brantley Gilbert & DJ CTI: Trump Targeted By Agency, 'Serious National Security Threat' & Will Fani Willis Be Removed From Election Case?",2024-02-16T10:00:00,3,5,0.98,mixed;supportive,conspiracy_or_institutional_trust;covid19;development_or_approval;efficacy_or_immunity;mandates_or_policy;misinformation_or_fact_checking;safety_or_side_effects,True,False,True,episode_12642_clip_2,5600.2,"Speaker alleges government coercion, cites unverified death statistics, and claims vaccine injuries are widespread."
13050,28,REAL AF with Andy Frisella,"605. Andy, Timothy Parlatore & DJ CTI: Donald's Gag Order Reinstated, White Lung Pneumonia & Fake Facebook Accounts Shut Down",2023-12-01T10:00:00,3,5,0.98,critical,conspiracy_or_institutional_trust;covid19;mandates_or_policy;personal_decision_or_uptake,True,False,True,episode_13050_clip_2,4536.9,Speakers allege plans existed to put resisters in camps and that resistance saved the world from enslavement.
13081,2,The Joe Rogan Experience,#1633 - Ali Macofsky,2021-04-13T17:00:00,3,5,0.98,mixed,conspiracy_or_institutional_trust;covid19;efficacy_or_immunity;misinformation_or_fact_checking;personal_decision_or_uptake;safety_or_side_effects,True,True,True,episode_13081_clip_1,5211.7,
13182,28,REAL AF with Andy Frisella,"594. Andy & DJ CTI: Fauci's Experiments Before COVID, Big City Mayors Heading To D.C. & Ballot Stuffing Surveillance",2023-11-03T09:00:00,3,5,0.98,mixed,conspiracy_or_institutional_trust;covid19;misinformation_or_fact_checking,True,False,True,episode_13182_clip_2,1190.0,Alleges plans to put resisters in camps and claims Bill Gates openly discusses depopulation via vaccine.
13268,28,REAL AF with Andy Frisella,"587. Q&AF: Dealing With Useful Idiots, Talent Vs. Skill & Fixing Company Culture",2023-10-16T09:00:00,3,5,0.98,mixed,conspiracy_or_institutional_trust;covid19;mandates_or_policy;misinformation_or_fact_checking;personal_decision_or_uptake;safety_or_side_effects,True,False,True,episode_13268_clip_2,487.6,Host claims leaders planned to imprison or eliminate the unvaccinated to remove resistance to a global agenda.
13619,18,The Megyn Kelly Show,"Jussie Smollett's Hate Crime Hoax and Media Enablers, with The Hodgetwins and Dr. Carol Swain | Ep. 219",2021-12-10T19:48:24,3,5,0.98,mixed,childhood_schedule;covid19;efficacy_or_immunity;mandates_or_policy;misinformation_or_fact_checking;safety_or_side_effects,True,False,True,episode_13619_clip_2,4165.0,"Speakers question need for boosters, cite breakthrough cases, discuss natural immunity, and share anecdotes of adverse events and consent issues."
13828,18,The Megyn Kelly Show,"Rittenhouse Takes Stand, COVID Overreach, and Lemon's Accuser Responds, with Sharyl Attkisson, Coleman Hughes, Robert Barnes and Dustin Hice | Ep. 200",2021-11-10T20:15:43,3,5,0.98,mixed,childhood_schedule;conspiracy_or_institutional_trust;covid19;efficacy_or_immunity;mandates_or_policy;misinformation_or_fact_checking;personal_decision_or_uptake;safety_or_side_effects,True,True,True,episode_13828_clip_1,3662.6,"Panel discusses mandates for young children, alleges CDC misinformation on natural immunity, and questions death count accuracy."
13998,18,The Megyn Kelly Show,"Vaccine Mandates, Supply Chain Crisis, and CRT in Middle School, with Eric Bolling and Ramona Bessinger | Ep. 184",2021-10-19T19:23:38,3,5,0.98,mixed,conspiracy_or_institutional_trust;covid19;mandates_or_policy;personal_decision_or_uptake;safety_or_side_effects,True,False,True,episode_13998_clip_2,595.0,Highlights pregnant women's vaccine hesitancy due to lack of data and frames mandates as government overreach and Big Pharma profit scheme.
14284,24,The Shawn Ryan Show,"#71 Vivek Ramaswamy - EXPOSES Deep State, BlackRock, Big Pharma, Central Bank Digital Currency",2023-08-21T10:00:00,3,5,0.98,mixed,conspiracy_or_institutional_trust;covid19;development_or_approval;mandates_or_policy;misinformation_or_fact_checking,True,False,True,episode_14284_clip_3,4856.5,Speaker argues FDA hypocrisy in requiring decade-long testing for some drugs while fast-tracking COVID vaccines and mandating them.
14420,2,The Joe Rogan Experience,#1555 - Alex Jones & Tim Dillon,2020-10-27T21:00:00,3,5,0.98,mixed,conspiracy_or_institutional_trust;covid19;development_or_approval;efficacy_or_immunity;misinformation_or_fact_checking;polio;safety_or_side_effects,True,False,True,episode_14420_clip_4,10710.0,"Claims mRNA vaccines reprogram cells like cancer, cites high hospitalization rates in trials, and links oral polio vaccine to new outbreaks."
14538,2,The Joe Rogan Experience,#1544 - Tim Dillon,2020-10-01T17:00:00,3,5,0.98,mixed;neutral,childhood_schedule;conspiracy_or_institutional_trust;covid19;development_or_approval;efficacy_or_immunity;influenza;misinformation_or_fact_checking;safety_or_side_effects,True,True,False,episode_14538_clip_1,6148.0,"Discussion covers halted trials, Lyme disease vaccine anecdotes, autism concerns, and vaccine court payouts."
14779,28,REAL AF with Andy Frisella,"393. Andy & DJ CTI: PayPal Stock Plummets, Top Doctor Warns Risk Of Cardiac Death & Nuclear War To Solve Climate Change",2022-10-11T09:00:00,3,5,0.98,mixed,conspiracy_or_institutional_trust;covid19;misinformation_or_fact_checking;safety_or_side_effects,True,False,True,episode_14779_clip_1,1227.9,"Hosts discuss a claim that mRNA vaccines raise cardiac death risk by 84% in young men, citing a Florida official."
15155,28,REAL AF with Andy Frisella,"358. Andy, Dan Hollaway & DJ CTI: ""I Tried Attacking The FBI,"" CDC Eases Restrictions & FBI Raided Mar-A-Lago For Nuclear Weapon Documents",2022-08-13T09:00:56,3,5,0.98,mixed,conspiracy_or_institutional_trust;covid19;efficacy_or_immunity;misinformation_or_fact_checking;safety_or_side_effects,True,False,True,episode_15155_clip_1,3336.9,
16168,28,REAL AF with Andy Frisella,"243. Andy, Robert O'Neill, Dakota Meyer, Sal & DJ CTI: Colorblind Racism, CDC Misinterpretation & Ukraine",2022-03-01T10:00:18,3,5,0.98,mixed,conspiracy_or_institutional_trust;covid19;mandates_or_policy;personal_decision_or_uptake;safety_or_side_effects,True,False,True,episode_16168_clip_1,1190.0,"Speakers claim the CDC withholds data to avoid misinterpretation, alleging lies about masks, vaccines, and treatments to control the population and economy."
18794,53,The Diary Of A CEO with Steven Bartlett,No. 1 Sugar Expert: 17 Seconds Of Pleasure Can Rewire Your Brain!,2025-10-02T05:00:00,3,5,0.98,mixed;neutral,conspiracy_or_institutional_trust;efficacy_or_immunity;misinformation_or_fact_checking;mmr_measles;polio;safety_or_side_effects,True,True,True,episode_18794_clip_1,2487.6,"Pediatrician refutes RFK Jr.'s vaccine claims, cites papers he uses, and discusses the legal inability to sue for vaccine injuries despite alleged harm."
19716,55,3 Takeaways™,"How An Innovative, Global Vaccine Alliance Accomplished What No Other Organization Could (#155)",2023-07-25T05:00:00,3,5,0.98,neutral,access_or_equity;childhood_schedule;conspiracy_or_institutional_trust;covid19;development_or_approval;efficacy_or_immunity;mandates_or_policy;other_vaccine,False,False,False,episode_19716_clip_1,0.0,Explains Gavi's model of pooling demand to lower vaccine prices and strengthen health systems in developing countries.
19874,55,3 Takeaways™,How We Can Defeat The Next Pandemic and The Future of Medicine: Dr. Eric Topol (#97),2022-06-14T05:00:00,3,5,0.98,neutral,covid19;development_or_approval;efficacy_or_immunity;safety_or_side_effects,False,False,False,episode_19874_clip_1,4.8,"Dr. Topol discusses variant risks, immunity levels, and poor US data tracking."
19982,55,3 Takeaways™,Uncontrolled Spread: Why COVID-19 Crushed Us and How We Can Defeat the Next Pandemic: Former FDA Commissioner Scott Gottlieb (#59),2021-09-20T05:00:00,3,5,0.98,neutral,covid19;development_or_approval;efficacy_or_immunity;mandates_or_policy;other_vaccine,False,False,False,episode_19982_clip_1,90.0,Gottlieb explains Operation Warp Speed's portfolio approach and how mRNA technology enabled rapid synthetic vaccine development.
20154,52,Matt and Shane's Secret Podcast,Ep 348- Dragula Returns,2021-05-20T12:01:00,3,5,0.98,mixed;neutral,conspiracy_or_institutional_trust;covid19;influenza;mandates_or_policy;personal_decision_or_uptake;safety_or_side_effects,True,False,True,episode_20154_clip_1,2647.2,"Speakers describe a suspicious robocall survey, joke about mass death from vaccines, and discuss mandates for children."
3599,2,The Joe Rogan Experience,#2232 - Josh Brolin,2024-11-21T18:00:00,3,5,0.97,mixed,childhood_schedule;conspiracy_or_institutional_trust;covid19;development_or_approval;efficacy_or_immunity;misinformation_or_fact_checking;safety_or_side_effects,True,False,True,episode_3599_clip_1,1465.7,"Host and guest discuss Bell's palsy as a vaccine side effect, claim 72 shots for kids, and allege pharma immunity from lawsuits drives over-vaccination."
6333,17,The Tucker Carlson Show,"Dr. Mark Hyman: Everything You're Eating Is Toxic, and Big Pharma Likes It That Way",2024-11-27T19:30:00,3,5,0.97,mixed,childhood_schedule;conspiracy_or_institutional_trust;covid19;development_or_approval;efficacy_or_immunity;influenza;mandates_or_policy;misinformation_or_fact_checking;mmr_measles;other_vaccine;polio;safety_or_side_effects,True,True,True,episode_6333_clip_4,4421.1,"Discussion covers vaccine manufacturer liability immunity, taxpayer-funded injury compensation, and questions about hepatitis B and rotavirus schedules."
13968,28,REAL AF with Andy Frisella,"507. Andy & DJ CTI: Tucker Carlson Releases Statement, Pras Michel Founded Guilty & Biden's Cheat Sheet",2023-04-28T09:00:00,3,5,0.97,mixed,conspiracy_or_institutional_trust;covid19;mandates_or_policy;misinformation_or_fact_checking;safety_or_side_effects,True,False,True,episode_13968_clip_3,3336.5,"Speaker alleges elites promote vaccines and social agendas to reduce global population, citing Bill Gates and depopulation goals."
16982,42,Armchair Expert with Dax Shepard,Michael Lewis (on the gambling epidemic),2025-05-07T07:35:00,3,5,0.97,mixed;neutral,conspiracy_or_institutional_trust;covid19;efficacy_or_immunity;misinformation_or_fact_checking;mmr_measles;other_vaccine;personal_decision_or_uptake,True,True,False,episode_16982_clip_3,5950.0,"Notes the return of measles and defends the rotavirus vaccine against claims of harm, citing millions saved."
6102,18,The Megyn Kelly Show,"Trump Ends DEI, 1/6 Pardons Media Meltdown, and Bombshell New Blake Lively Video, with Nicole Shanahan and Sasha Stone | Ep. 988",2025-01-22T20:35:06,3,5,0.96,mixed;supportive,conspiracy_or_institutional_trust;covid19;development_or_approval;mandates_or_policy;misinformation_or_fact_checking;safety_or_side_effects,True,False,True,episode_6102_clip_1,1482.6,"Guest claims mRNA vaccines deliver inconsistent results, cause blood clots and 'turbo cancers,' and shed to affect unvaccinated women's cycles."
6649,2,The Joe Rogan Experience,#2019 - Tim Dillon,2023-08-10T17:00:00,3,5,0.96,mixed,conspiracy_or_institutional_trust;development_or_approval;efficacy_or_immunity;misinformation_or_fact_checking;personal_decision_or_uptake,True,False,True,episode_6649_clip_3,8542.1,"Discussion covers genetically engineered mosquitoes as vaccine carriers, citing 50% efficacy and short duration in trials."
14100,28,REAL AF with Andy Frisella,"491. Part 1 - Andy, Mike Yoder & DJ CTI: AZ Gov. Signs Exec. Order Banning Discrimination Based On Hair Style & House Panel Grills TikTok CEO",2023-03-24T09:00:00,3,5,0.96,mixed,access_or_equity;conspiracy_or_institutional_trust;covid19;development_or_approval;mandates_or_policy;personal_decision_or_uptake,True,False,True,episode_14100_clip_3,2384.9,Speaker claims unvaccinated children were denied organ transplants at major hospitals due to vaccination status.
15302,24,The Shawn Ryan Show,DECLASSIFIED #47 Dallas Alexander - The World's Farthest Sniper Kill / JTF2 Operator,2023-02-27T11:00:00,3,5,0.96,critical;mixed,conspiracy_or_institutional_trust;covid19;efficacy_or_immunity;mandates_or_policy;misinformation_or_fact_checking;personal_decision_or_uptake;safety_or_side_effects,True,False,True,episode_15302_clip_2,13112.2,Speaker alleges COVID death counts were fudged by including unrelated deaths and compares the vaccine to an unnecessary flu shot.
15464,2,The Joe Rogan Experience,"Fight Companion - May 16, 2020",2020-05-16T00:00:00,3,5,0.96,mixed,conspiracy_or_institutional_trust;covid19;development_or_approval;influenza;mandates_or_policy;misinformation_or_fact_checking;personal_decision_or_uptake,True,True,True,episode_15464_clip_3,14757.9,"Speaker calls Bill Gates 'the devil,' suggests people will be microchipped, and mocks the urgency of developing a vaccine for the elderly."
3586,16,The Charlie Kirk Show,Telling the Truth Against Marxist Mamdani-ism and Leftist Lies — My Speech at Legacy Church,2025-08-31T09:00:00,3,5,0.95,mixed,conspiracy_or_institutional_trust;covid19;development_or_approval;mandates_or_policy;misinformation_or_fact_checking;personal_decision_or_uptake;safety_or_side_effects,True,False,True,episode_3586_clip_3,3876.8,Speaker claims forced vaccine was an mRNA gene-altering shot administered nine times unnecessarily.
3710,2,The Joe Rogan Experience,#2226 - Theo Von,2024-11-08T18:00:00,3,5,0.95,mixed,childhood_schedule;conspiracy_or_institutional_trust;covid19;development_or_approval;efficacy_or_immunity;misinformation_or_fact_checking;mmr_measles;safety_or_side_effects,True,False,True,episode_3710_clip_1,909.7,"Speakers discuss RFK Jr.'s views linking MMR vaccines to autism, alleging corporate immunity and unnecessary infant HepB shots."
3769,8,The MeidasTouch Podcast,Former Health Secretary Becerra on RFK Hearing and CA Gov Race,2025-09-07T12:00:00,3,5,0.95,mixed,childhood_schedule;conspiracy_or_institutional_trust;covid19;efficacy_or_immunity;mandates_or_policy;misinformation_or_fact_checking;mmr_measles;polio;safety_or_side_effects,True,True,True,episode_3769_clip_1,44.2,"Senators question RFK Jr. on anti-vax policies, measles outbreaks, and confusion over COVID vaccine guidance."
5973,2,The Joe Rogan Experience,#2085 - Charles Wesley Godwin,2024-01-10T17:04:17,3,5,0.95,mixed,conspiracy_or_institutional_trust;covid19;efficacy_or_immunity;misinformation_or_fact_checking;personal_decision_or_uptake;safety_or_side_effects,True,False,True,episode_5973_clip_1,7478.4,"Speakers claim COVID vaccines were ineffective, coerced, and that death statistics were inflated; Gates accused of profiting from fear."
6022,18,The Megyn Kelly Show,"Trump's Momentous Girls' Sports Exec Order, CBS Reveals Kamala Edits, and RFK's Odds, with Andrew Klavan, Ron Johnson, and Chuck Zito | Ep. 1001",2025-02-06T20:13:31,3,5,0.95,mixed,childhood_schedule;conspiracy_or_institutional_trust;covid19;misinformation_or_fact_checking;mmr_measles;other_vaccine;safety_or_side_effects,True,True,True,episode_6022_clip_1,3298.5,"Debates RFK Jr.'s appointment, CDC schedule integrity, and claims that childhood vaccines lack proper safety testing."
6614,2,The Joe Rogan Experience,"#2022 - Jeremy Gerber, Phil Gerber, & Josh Henning",2023-08-17T17:00:00,3,5,0.95,mixed,conspiracy_or_institutional_trust;covid19;efficacy_or_immunity;misinformation_or_fact_checking;safety_or_side_effects,True,False,True,episode_6614_clip_1,7809.5,"Speaker claims no one knew long-term effects or efficacy of COVID vaccines, alleges pharma corruption, media collusion, and doctors forced to comply."
6736,18,The Megyn Kelly Show,"Elite Establishment's Ties to Big Pharma, and Keys to Avoiding Ultra-Processed Food, with Dr. Casey Means | Ep. 887",2024-09-13T19:13:56,3,5,0.95,mixed,childhood_schedule;conspiracy_or_institutional_trust;covid19;development_or_approval;misinformation_or_fact_checking;safety_or_side_effects,True,False,True,episode_6736_clip_2,1509.3,Discussion claims RFK Jr. was silenced for questioning vaccine schedules and linking them to autism and environmental issues.
6926,2,The Joe Rogan Experience,#1994 - Theo Von,2023-06-06T17:00:17,3,5,0.95,mixed,conspiracy_or_institutional_trust;covid19;efficacy_or_immunity;misinformation_or_fact_checking;polio;safety_or_side_effects,True,False,True,episode_6926_clip_1,7407.5,
7180,2,The Joe Rogan Experience,#1970 - Bill Ottman,2023-04-13T17:00:00,3,5,0.95,mixed,conspiracy_or_institutional_trust;covid19;efficacy_or_immunity;misinformation_or_fact_checking,True,True,True,episode_7180_clip_3,9352.1,
8131,2,The Joe Rogan Experience,#1890 - Bridget Phetasy,2022-10-29T17:00:00,3,5,0.95,mixed;neutral,conspiracy_or_institutional_trust;covid19;efficacy_or_immunity;mandates_or_policy;misinformation_or_fact_checking;mmr_measles;safety_or_side_effects,True,True,True,episode_8131_clip_2,6734.1,"Speakers claim vaccines lack infection/transmission data, cite fired mandate workers' reinstatement, and dismiss tracking conspiracies."
10699,30,Candace,Sabrina Carpenter NAKED. Ted Cruz AFRAID. | Candace Ep 202,2025-06-18T22:04:00,3,5,0.95,mixed,conspiracy_or_institutional_trust;covid19;efficacy_or_immunity;misinformation_or_fact_checking;other_vaccine;safety_or_side_effects,True,False,True,episode_10699_clip_1,454.9,"Speaker claims a 'war on fertility' exists, alleging COVID vaccines impact menstruation and cause miscarriages, which Big Pharma concealed."
10931,30,Candace,Mahmoud Khalil’s Detainment: Fighting Terrorism Or Speech? | Candace Ep 158,2025-03-12T22:09:00,3,5,0.95,mixed,childhood_schedule;conspiracy_or_institutional_trust;covid19;development_or_approval;influenza;mandates_or_policy;personal_decision_or_uptake;safety_or_side_effects,True,False,True,episode_10931_clip_3,2824.8,"Promotes a series claiming childhood shots are optional, contain undisclosed toxic ingredients, and that parents are gaslit by doctors."
11141,28,REAL AF with Andy Frisella,"834. Andy & DJ CTI: RFK Jr. Confirmation Hearing, Karoline Leavitt Vows To Hold Media Accountable & Tiffany Henyard Jumps Into Chaotic Brawl",2025-01-30T10:00:00,3,5,0.95,mixed;supportive,conspiracy_or_institutional_trust;covid19;misinformation_or_fact_checking;safety_or_side_effects,True,False,True,episode_11141_clip_3,1190.0,Speaker alleges COVID vaccines were a depopulation tactic or money-making scheme causing millions of deaths.
11160,30,Candace,BREAKING NEWS: Justin Bieber Is Exposing Hollywood. | Candace Ep 127,2025-01-07T23:11:00,3,5,0.95,critical,conspiracy_or_institutional_trust;covid19;mandates_or_policy;misinformation_or_fact_checking;other_vaccine;personal_decision_or_uptake;safety_or_side_effects,True,False,True,episode_11160_clip_1,1285.2,Speaker claims fact-checkers lied about COVID vaccine safety and suppressed truth about reactions.
11735,2,The Joe Rogan Experience,#1719 - Michael Shellenberger,2021-10-14T17:00:00,3,5,0.95,critical;mixed,conspiracy_or_institutional_trust;covid19;efficacy_or_immunity;mandates_or_policy;misinformation_or_fact_checking;personal_decision_or_uptake;safety_or_side_effects,False,False,True,episode_11735_clip_2,7140.0,"Guest discusses censorship of vaccine side effect discussions, questions pediatric vaccination, and critiques media narratives."
12030,28,REAL AF with Andy Frisella,"734. Andy, Tim Young & DJ CTI: Supreme Court Dismisses Social Media Censorship Case, Congressional Report Shows Interference & Brutal Killing Of Jocelyn Nungaray",2024-06-28T09:00:00,3,5,0.95,mixed;supportive,conspiracy_or_institutional_trust;covid19;mandates_or_policy;misinformation_or_fact_checking;safety_or_side_effects,True,False,True,episode_12030_clip_2,1192.6,"Speakers allege government lied about COVID, conspiracy theorists were right, and vaccines are causing a 40% global mortality increase."
12187,30,Candace,Tristan Tate x Candace Owens | Candace Ep 45,2024-08-14T19:00:00,3,5,0.95,mixed,conspiracy_or_institutional_trust;covid19;efficacy_or_immunity;hpv;misinformation_or_fact_checking;polio;safety_or_side_effects,True,False,True,episode_12187_clip_1,2481.7,"Speaker alleges Gardasil caused seizures and claims vaccines are poisons/battling spirits, contrasting them with Jonas Salk's polio vaccine."
12233,28,REAL AF with Andy Frisella,"703. Andy & DJ CTI: Biden Campaign Uses Kendrick Lamar Diss Track, Stormy Daniels Concludes Testimony & Where's Kim Gardner?",2024-05-10T09:00:00,3,5,0.95,mixed,childhood_schedule;conspiracy_or_institutional_trust;covid19;efficacy_or_immunity;misinformation_or_fact_checking;safety_or_side_effects,True,False,True,episode_12233_clip_1,1822.0,"Host aggressively defends anti-COVID vaccine stance, cites injuries, and attacks commenters who support vaccination."
12864,8,The MeidasTouch Podcast,YIKES! Senate Hearing GOES OFF THE RAILS over Trump Picks,2025-01-30T19:30:00,3,5,0.95,mixed,conspiracy_or_institutional_trust;covid19;efficacy_or_immunity;mandates_or_policy;misinformation_or_fact_checking;safety_or_side_effects,True,True,True,episode_12864_clip_2,226.4,"RFK Jr. refuses to affirm COVID vaccines saved lives or that they don't cause autism, demanding to see studies before agreeing."
13363,18,The Megyn Kelly Show,"COVID Truth Suppression and Prince Andrew's Perilous Future, with Sen. Marco Rubio, Dan Wootton, and Anne Bremner | Ep. 241",2022-01-14T19:00:00,3,5,0.95,mixed,conspiracy_or_institutional_trust;covid19;development_or_approval;mandates_or_policy;misinformation_or_fact_checking,False,False,True,episode_13363_clip_1,673.9,
13676,18,The Megyn Kelly Show,"Matt Walsh and Adam Carolla on Viewpoint Censorship, Alec Baldwin Speaking Out, and Australia's COVID crackdown | Ep. 214",2021-12-03T20:11:11,3,5,0.95,mixed,childhood_schedule;conspiracy_or_institutional_trust;covid19;mandates_or_policy,True,False,True,episode_13676_clip_3,4593.1,"Claim that focus on kids is to scare mothers and 'crate train' children with masks and vaccines, noting low child COVID deaths."
14521,28,REAL AF with Andy Frisella,"432. Andy, Ian Smith & DJ CTI: Raphael Warnock Wins Georgia, Twitter Lawyer Jim Baker Fired & Sam Bankman-Fried Hires Ghislaine Maxwell's Lawyer",2022-12-08T10:00:00,3,5,0.95,mixed,conspiracy_or_institutional_trust;covid19;mandates_or_policy;misinformation_or_fact_checking;safety_or_side_effects,True,True,True,episode_14521_clip_2,1785.0,"Speakers allege celebrities promoted vaccines despite emerging reports of side effects, deaths, and birth issues, then went silent."
14532,28,REAL AF with Andy Frisella,"431. Andy & DJ CTI: WAPO Confirms Hunter's Laptop, Katie Hobbs Colluding With Twitter Employees & Eric Schmitt Releases Full Transcript Of Dr. Fauci's Deposition",2022-12-07T10:00:00,3,5,0.95,mixed;supportive,conspiracy_or_institutional_trust;covid19;misinformation_or_fact_checking;safety_or_side_effects,True,False,True,episode_14532_clip_1,1190.0,"Speakers allege effective therapeutics were censored so Big Pharma could sell vaccines, calling it treason and crimes against humanity."
14665,28,REAL AF with Andy Frisella,"409. Andy & DJ CTI: Two-In-One Shot, BlackRock Makes Major Change & Biden 'Is A Tyrant'",2022-11-04T09:00:00,3,5,0.95,mixed;supportive,conspiracy_or_institutional_trust;covid19;development_or_approval;influenza;mandates_or_policy;misinformation_or_fact_checking;safety_or_side_effects,True,False,True,episode_14665_clip_1,108.7,"Speakers question safety of new combination vaccines, citing untested transmission blocking and anecdotal death reports."
14689,28,REAL AF with Andy Frisella,"406. Andy & DJ CTI: Intruder Attacks Paul Pelosi, PE Teacher Put On Disciplinary Leave & Heiress Annoyed By Multibillion-Dollar Inheritance",2022-10-29T09:00:00,3,5,0.95,supportive,conspiracy_or_institutional_trust;covid19;efficacy_or_immunity;misinformation_or_fact_checking;safety_or_side_effects,True,False,True,episode_14689_clip_2,3812.1,"Speaker claims unproven vaccines cause a 40% increase in deaths and suppress therapeutics, calling it a crime against humanity."
20005,52,Matt and Shane's Secret Podcast,Ep 367 - Anti-Football (feat. Chris O'Connor),2021-10-13T20:56:00,3,5,0.95,mixed;neutral,access_or_equity;conspiracy_or_institutional_trust;covid19;mandates_or_policy;misinformation_or_fact_checking;safety_or_side_effects,True,False,True,episode_20005_clip_3,1785.0,"Discusses RFK Jr.'s anti-vaccine stance, alleged throat injury from a vaccine, and claims of simulated disinformation suppression."
19703,2,The Joe Rogan Experience,#1263 - Renée DiResta,2019-03-12T00:00:00,3,5,0.94,neutral,access_or_equity;conspiracy_or_institutional_trust;misinformation_or_fact_checking;mmr_measles,False,True,False,episode_19703_clip_2,2975.0,Details Russian troll accounts using fake personas to amplify both pro- and anti-vaccine messages to sow discord.
13242,18,The Megyn Kelly Show,"Censorship Mob Blasts Rogan, Biden's NYPD No-Show, and Putin's Next Move, with Clay Travis and Ric Grenell | Ep. 251",2022-01-31T19:00:00,3,5,0.9,mixed,covid19;development_or_approval;efficacy_or_immunity;mandates_or_policy;misinformation_or_fact_checking;safety_or_side_effects,True,False,True,episode_13242_clip_1,140.5,"Argues that questioning vaccine efficacy, breakthrough cases, and therapeutics was wrongly suppressed as misinformation."
600,12,Up First from NPR,"The Week In Politics, The Week In Free Speech, The Week In Vaccines",2025-09-20T14:13:34,2,5,0.99,mixed;neutral,childhood_schedule;conspiracy_or_institutional_trust;covid19;efficacy_or_immunity;mandates_or_policy;mmr_measles;safety_or_side_effects,True,True,True,episode_600_clip_2,679.9,"Reports on committee changes to MMRV and COVID vaccine policies under new leadership, citing safety concerns and political tension."
807,12,Up First from NPR,"Minneapolis Shooting Latest, New Acting CDC Director, North Korean Leader to Beijing",2025-08-29T09:53:43,2,5,0.99,neutral,conspiracy_or_institutional_trust;development_or_approval;mandates_or_policy;misinformation_or_fact_checking,False,False,True,episode_807_clip_1,437.9,"Report on CDC leadership changes, resignations over vaccine policy concerns, and appointment of a non-physician acting director."
1224,12,Up First from NPR,"Texas Flooding Update, Tariff Limbo, Health Groups Sue RFK, Jr.",2025-07-08T10:09:32,2,5,0.99,mixed;neutral,conspiracy_or_institutional_trust;covid19;efficacy_or_immunity;mandates_or_policy;misinformation_or_fact_checking;safety_or_side_effects,False,False,True,episode_1224_clip_2,595.0,"Medical groups sue over RFK Jr.'s removal of CDC COVID vaccine recommendations for pregnant women and children, citing procedural violations."
2869,2,The Joe Rogan Experience,#2254 - Mel Gibson,2025-01-09T18:00:00,2,5,0.99,mixed,conspiracy_or_institutional_trust;covid19;efficacy_or_immunity;influenza;misinformation_or_fact_checking;safety_or_side_effects,True,False,True,episode_2869_clip_2,6234.6,Claims monoclonal antibodies were restricted to promote profitable vaccines; promotes unproven natural cures like ivermectin.
4430,2,The Joe Rogan Experience,#2185 - Bob Gymlan,2024-08-08T17:00:00,2,5,0.99,mixed,conspiracy_or_institutional_trust;covid19;development_or_approval;efficacy_or_immunity;influenza;safety_or_side_effects,True,False,True,episode_4430_clip_2,7735.0,"Speakers allege revolving door between regulators and pharma, claim mRNA is gene therapy, and assert natural immunity is superior."
4520,18,The Megyn Kelly Show,"Apple Invests Billions More in US, RFK Cuts mRNA Vax Funding, Staffers Slam Crockett: AM Update 8/8",2025-08-08T10:00:00,2,5,0.99,mixed;neutral,covid19;development_or_approval;efficacy_or_immunity;influenza;misinformation_or_fact_checking;safety_or_side_effects,True,True,True,episode_4520_clip_2,309.9,RFK Jr. claims mRNA vaccines encourage mutations and prolong pandemics; critics call the funding cut dangerous and unscientific.
4638,2,The Joe Rogan Experience,"JRE MMA Show #159 with Quinton ""Rampage"" Jackson",2024-07-09T17:00:00,2,5,0.99,mixed,conspiracy_or_institutional_trust;covid19;efficacy_or_immunity;misinformation_or_fact_checking;safety_or_side_effects,True,False,True,episode_4638_clip_2,10250.7,"Speaker claims vaccines were pushed for profit, cites fertility conspiracy in Africa, and alleges vaccination increases transmission."
4811,19,Pod Save America,"Pardons, Prosecutions, and Perfume: Trump Unveils 100 Day Agenda",2024-12-10T08:05:00,2,5,0.99,mixed,childhood_schedule;conspiracy_or_institutional_trust;efficacy_or_immunity;mandates_or_policy;misinformation_or_fact_checking;polio;safety_or_side_effects,False,True,True,episode_4811_clip_2,1930.0,Speakers express concern that RFK Jr. may undermine vaccination campaigns and public health research through investigations and funding cuts.
4823,2,The Joe Rogan Experience,#2161 - Tony Hinchcliffe,2024-06-05T17:00:00,2,5,0.99,mixed,conspiracy_or_institutional_trust;covid19;efficacy_or_immunity;misinformation_or_fact_checking;safety_or_side_effects,True,False,True,episode_4823_clip_1,2414.8,"Speakers claim vaccines caused excess deaths, fertility issues, and cancer, alleging lab leak origins and official deception."
4887,19,Pod Save America,Trump's YOLO Cabinet,2024-11-15T08:05:00,2,5,0.99,mixed,conspiracy_or_institutional_trust;mandates_or_policy;misinformation_or_fact_checking;mmr_measles;safety_or_side_effects,False,True,True,episode_4887_clip_1,741.2,
4927,19,Pod Save America,A Strong Close—And an Iowa Poll Shocker,2024-11-04T08:30:00,2,5,0.99,critical,conspiracy_or_institutional_trust;covid19;mandates_or_policy;mmr_measles;polio,False,True,True,episode_4927_clip_2,1393.6,Speakers discuss RFK Jr.'s opposition to various vaccines and Trump's openness to banning vaccines or mandates.
5235,18,The Megyn Kelly Show,"RFK Grilled on the Hill, Trump's Newsy Trip to Syria, Diddy Trial Revelations: AM Update 5/15",2025-05-15T10:00:00,2,5,0.99,mixed,conspiracy_or_institutional_trust;development_or_approval;mandates_or_policy;misinformation_or_fact_checking;mmr_measles;safety_or_side_effects,True,True,True,episode_5235_clip_2,292.4,Senator claims measles vaccine was never fully tested and contains fetal debris; RFK Jr. affirms these claims as true.
5395,2,The Joe Rogan Experience,#2125 - Kurt Metzger,2024-03-26T22:15:00,2,5,0.99,supportive,conspiracy_or_institutional_trust;covid19;efficacy_or_immunity;misinformation_or_fact_checking;safety_or_side_effects,True,False,True,episode_5395_clip_2,5796.2,"Speakers allege COVID death counts are inflated, vaccines cause physical harm like tooth loss and eye hemorrhaging, and bivalent boosters lack testing."
5645,18,The Megyn Kelly Show,"Megyn's NYT Interview, WHCA Fires Unfunny Comedian From Dinner, and Newsom's Failed Shift, with Emily Jashinsky and Eliana Johnson | Ep. 1038",2025-03-31T18:00:00,2,5,0.99,mixed,conspiracy_or_institutional_trust;covid19;misinformation_or_fact_checking;safety_or_side_effects,True,False,True,episode_5645_clip_1,2975.0,Speaker claims young men are dying from vaccine-induced myocarditis and that this risk is being concealed by authorities.
6462,18,The Megyn Kelly Show,"Why Nicole Shanahan is Voting Trump, Media's New Liz Cheney Lie, and if Tim Sheehy Can Turn Montana Red | Ep. 933",2024-11-01T19:47:53,2,5,0.99,mixed,childhood_schedule;conspiracy_or_institutional_trust;misinformation_or_fact_checking;mmr_measles;safety_or_side_effects,True,False,True,episode_6462_clip_1,1785.0,"Guest links childhood vaccinations to autism and Guillain-Barré syndrome, citing personal family experiences and supporting RFK Jr.'s views."
6466,17,The Tucker Carlson Show,"Tucker Carlson: How Joe Rogan Changed Media Forever, How Propaganda Fools People, & Advice to Trump",2024-11-11T21:16:00,2,5,0.99,mixed,conspiracy_or_institutional_trust;covid19;development_or_approval;mandates_or_policy;safety_or_side_effects,True,False,True,episode_6466_clip_2,1902.5,"Speaker calls vaccines a 'scam' due to liability immunity, alleges lab origin of virus, and demands transparency on injury data."
6978,19,Pod Save America,“Gaslighting gas prices” (with Elizabeth Warren!),2021-11-18T22:13:00,2,5,0.99,mixed;neutral,childhood_schedule;conspiracy_or_institutional_trust;covid19;development_or_approval;efficacy_or_immunity;mandates_or_policy,True,True,True,episode_6978_clip_1,335.4,"Speakers debate booster rollout delays, mandate effectiveness, and refute claims about booster distribution to developing countries."
7250,18,The Megyn Kelly Show,"Pride Month Pandering, Caitlin Clark Controversy, and Woke Drama at Washington Post, with Dave Rubin | Ep. 809",2024-06-04T18:00:00,2,5,0.99,mixed,conspiracy_or_institutional_trust;covid19;efficacy_or_immunity;mandates_or_policy;misinformation_or_fact_checking;safety_or_side_effects,True,False,True,episode_7250_clip_1,2695.3,"Speakers allege vaccines were redefined, do not stop transmission, and claim mandates caused harm, calling for accountability."
11183,2,The Joe Rogan Experience,#1753 - Brian Redban,2021-12-24T18:00:00,2,5,0.99,mixed,covid19;efficacy_or_immunity;personal_decision_or_uptake;safety_or_side_effects,True,False,True,episode_11183_clip_3,9564.8,"Hosts discuss 'super immunity' from breakthrough infections, cite studies claiming enhanced antibodies, and debate booster strategies and reinfection risks."
11709,28,REAL AF with Andy Frisella,"773. Andy & DJ CTI: Georgia School Shooter, Commanders Suspend VP For Comments & Right-Wing Influencers Duped",2024-09-06T09:00:00,2,5,0.99,supportive,childhood_schedule;conspiracy_or_institutional_trust;covid19;mandates_or_policy;safety_or_side_effects,True,False,True,episode_11709_clip_2,1785.0,Speaker alleges Democrats wanted to jail unvaccinated people to disarm the population and eliminate resistance.
11939,18,The Megyn Kelly Show,"Truth About Alex Jones, Immigration Crisis, and COVID Fear, with Rep. Mayra Flores and Dr. Joseph Ladapo | Ep. 369",2022-08-08T19:35:39,2,5,0.99,supportive,childhood_schedule;covid19;efficacy_or_immunity;mandates_or_policy;personal_decision_or_uptake;safety_or_side_effects,True,False,True,episode_11939_clip_1,3056.0,"Questions mandating older-variant vaccines for children, citing lack of demonstrated benefit for healthy kids and myocarditis risks."
12247,28,REAL AF with Andy Frisella,"701. Andy & DJ CTI: Pro-Hamas Protests Funded By Biden's Political Donors, Judge Holds Trump In Contempt Again & Thousands Believe COVID Vaccines Harmed Them",2024-05-07T09:00:00,2,5,0.99,mixed,conspiracy_or_institutional_trust;covid19;mandates_or_policy;misinformation_or_fact_checking;personal_decision_or_uptake;safety_or_side_effects,True,True,True,episode_12247_clip_2,3570.0,"Speakers argue COVID measures were political theater to harm Trump, alleging intentional crimes against humanity, depopulation goals, and an impending blame shift to Trump for vaccine injuries."
12556,18,The Megyn Kelly Show,"True Cost of Tech Censorship, and Celebrity Corruption, with Sharyl Attkisson and Tom MacDonald | Ep. 311",2022-04-29T19:35:56,2,5,0.99,mixed,childhood_schedule;conspiracy_or_institutional_trust;covid19;efficacy_or_immunity;influenza;mandates_or_policy;misinformation_or_fact_checking;safety_or_side_effects,True,False,True,episode_12556_clip_1,646.9,"Allegations that CDC knowingly spread disinformation, flu shots are ineffective/harmful to elderly, and push for child vaccination is profit-driven."
13286,28,REAL AF with Andy Frisella,"585. Andy & DJ CTI: Israel At War With Hamas, House Speaker Battle & Japan's COVID Variant Evidence",2023-10-10T09:00:00,2,5,0.99,mixed,conspiracy_or_institutional_trust;covid19;development_or_approval;mandates_or_policy;misinformation_or_fact_checking,True,False,True,episode_13286_clip_2,3621.3,"Cites a Japanese study claiming Omicron variants were artificially synthesized in a lab, not natural."
13953,2,The Joe Rogan Experience,#1587 - Mark Normand,2021-01-01T18:21:16,2,5,0.99,mixed,covid19;efficacy_or_immunity;misinformation_or_fact_checking;safety_or_side_effects,True,True,False,episode_13953_clip_2,10898.5,"Discussion covers vaccine efficacy, transmission risks post-vaccination, Russian vaccine skepticism, and anecdotal doctor experiences."
13964,18,The Megyn Kelly Show,"A Wuhan Lab Admission and White House Coordination Against Parents, with Hugh Hewitt, Melissa Francis, Allie Beth Stuckey, and Nicki Neily | Ep. 187",2021-10-22T18:59:15,2,5,0.99,mixed,conspiracy_or_institutional_trust;covid19;development_or_approval;efficacy_or_immunity;mandates_or_policy;safety_or_side_effects,True,False,True,episode_13964_clip_1,24.1,"Critique of Biden's vaccine mandate authority, claims about low risk to children, and criticism of CDC/FDA messaging."
14194,28,REAL AF with Andy Frisella,479. Part 2 - Andy & DJ CTI: Biden Admin Admits To COVID Lab Leak & US Treasury Secretary Shows Up In Ukraine,2023-03-01T10:30:00,2,5,0.99,mixed,conspiracy_or_institutional_trust;covid19;development_or_approval;efficacy_or_immunity;misinformation_or_fact_checking;safety_or_side_effects,True,False,True,episode_14194_clip_2,595.0,Speaker theorizes COVID was created for vaccines to achieve depopulation via war or accelerated death rates.
14840,37,Habits and Hustle,"Episode 453: Dave Asprey: Biohacking Secrets - Testosterone, Peptides, and Daily Routines for Optimal Human Performance",2025-05-27T08:00:00,2,5,0.99,mixed;supportive,childhood_schedule;conspiracy_or_institutional_trust;efficacy_or_immunity;hpv;misinformation_or_fact_checking;mmr_measles;personal_decision_or_uptake;polio;safety_or_side_effects,True,False,True,episode_14840_clip_2,2975.0,"Guest links vaccines to autism, rejects most schedules, claims polio was chemical-induced, and asserts natural infection provides better immunity."
14862,28,REAL AF with Andy Frisella,"382. Andy, Amir Odom & DJ CTI: Houston Suspects First Robbery, Germany Operating Hundreds Fake Far-Right Social Media Accounts & FBI Agent Exposing Unjust Persecution Of Conservatives",2022-09-23T09:00:24,2,5,0.99,mixed,conspiracy_or_institutional_trust;safety_or_side_effects,True,False,True,episode_14862_clip_3,6077.8,Claims vaccines cause lifelong need for anticoagulants and that elites hide cures to profit while remaining healthy.
15293,18,The Megyn Kelly Show,"Glenn Beck on America in 2021, the Media, and COVID Lockdowns | Ep. 48",2021-01-08T10:00:00,2,5,0.99,critical;mixed,childhood_schedule;conspiracy_or_institutional_trust;covid19;efficacy_or_immunity;mandates_or_policy;safety_or_side_effects,False,False,True,episode_15293_clip_2,2380.0,Speaker supports adult vaccination but refuses it for children due to low risk and lack of testing.
15833,28,REAL AF with Andy Frisella,"289. Andy & DJ CTI: FDA Restricts J&J, Misdemeanor For Chappelle's Attacker & Antifa Attacks Pregnancy Center",2022-05-07T09:00:04,2,5,0.99,mixed,conspiracy_or_institutional_trust;covid19;mandates_or_policy;misinformation_or_fact_checking;safety_or_side_effects,True,False,True,episode_15833_clip_1,131.3,
16264,28,REAL AF with Andy Frisella,"229. Andy & DJ CTI: Rumble's $100 Million Offer, Canada's Freedom Convoy Fuel & Department Of Health Ends Requirements",2022-02-08T10:00:25,2,5,0.99,supportive,conspiracy_or_institutional_trust;covid19;development_or_approval;mandates_or_policy;misinformation_or_fact_checking;safety_or_side_effects,True,False,True,episode_16264_clip_2,1785.0,"Hosts claim PCR tests were flawed, the pandemic was a manufactured crime, and vaccine outcomes are unknown."
16292,28,REAL AF with Andy Frisella,"224. Andy & DJ CTI: Tom Brady Retires, Truckers Vs. Trudeau & Plea Deal Rejected",2022-02-02T10:00:21,2,5,0.99,supportive,conspiracy_or_institutional_trust;covid19;efficacy_or_immunity;mandates_or_policy;misinformation_or_fact_checking,True,False,True,episode_16292_clip_2,595.6,"Claims vaccinated people fill hospitals, unvaccinated do not spread virus, and leaders are creating camps to tax the unvaccinated."
17172,42,Armchair Expert with Dax Shepard,Herman Pontzer (on evolutionary anthropology),2025-04-02T07:35:00,2,5,0.99,supportive,childhood_schedule;conspiracy_or_institutional_trust;efficacy_or_immunity;mandates_or_policy;misinformation_or_fact_checking;mmr_measles;personal_decision_or_uptake;polio;safety_or_side_effects,False,True,True,episode_17172_clip_1,4555.5,"Speakers assert vaccines are a top medical discovery, debunk autism links, and emphasize the importance of the vaccination schedule."
20101,52,Matt and Shane's Secret Podcast,Ep 355 - What do you Mean by That? (feat. Chris O'Connor),2021-07-22T15:18:00,2,5,0.99,mixed,covid19;efficacy_or_immunity;mandates_or_policy;misinformation_or_fact_checking;personal_decision_or_uptake;safety_or_side_effects,True,False,True,episode_20101_clip_2,2081.3,"Hosts discuss getting vaccinated due to work mandates, skepticism about dosing intervals, and child masking policies."
20313,52,Matt and Shane's Secret Podcast,Ep 326-Before and After,2020-12-02T01:06:45,2,5,0.99,mixed,childhood_schedule;conspiracy_or_institutional_trust;covid19;development_or_approval;influenza;misinformation_or_fact_checking;personal_decision_or_uptake;safety_or_side_effects,True,False,True,episode_20313_clip_2,4165.0,"Claims past flu shots caused severe harm, alleges liability shields for COVID vaccines, and fears mRNA alters DNA."
21709,53,The Diary Of A CEO with Steven Bartlett,"No.1 Neuroscientist: Age 30 to 50 Will Be Your Unhappiest, Here's How To FIX IT! - Dr. Tali Sharot",2023-01-09T06:00:00,2,5,0.99,neutral,childhood_schedule;misinformation_or_fact_checking;personal_decision_or_uptake;safety_or_side_effects,False,True,True,episode_21709_clip_1,1343.7,Explains strategy to increase vaccine uptake by focusing on shared agreement about disease protection rather than autism debates.
22701,59,Last Podcast On The Left,Episode 567: David Icke and the Reptilians Part II - A Life of Illusion,2024-03-22T21:51:14,2,5,0.99,mixed,conspiracy_or_institutional_trust;covid19;misinformation_or_fact_checking,False,True,False,episode_22701_clip_2,5443.6,Details Icke's claims that vaccines were deliberate tools for control and discusses 5G tower arsons linked to anti-vax sentiment.
223,2,The Joe Rogan Experience,#2380 - Jordan Jensen,2025-09-17T17:00:00,2,5,0.98,mixed,conspiracy_or_institutional_trust;covid19;efficacy_or_immunity;misinformation_or_fact_checking;personal_decision_or_uptake;safety_or_side_effects,True,False,True,episode_223_clip_2,4510.6,"Speakers allege pharmaceutical companies distorted vaccine efficacy data for profit and hid negative studies, citing Vioxx as precedent."
513,2,The Joe Rogan Experience,#2366 - Sam Tripoli,2025-08-15T17:00:00,2,5,0.98,mixed;supportive,conspiracy_or_institutional_trust;covid19;efficacy_or_immunity;mandates_or_policy;misinformation_or_fact_checking;safety_or_side_effects,True,False,True,episode_513_clip_2,10206.1,"Speakers allege COVID vaccines cause myocarditis, cite a celebrity's heart condition ads as proof of harm, and claim deaths were misattributed to COVID."
535,2,The Joe Rogan Experience,JRE MMA Show #169 - Protect Ya Neck,2025-08-14T17:00:00,2,5,0.98,supportive,conspiracy_or_institutional_trust;covid19;development_or_approval;efficacy_or_immunity;mandates_or_policy;misinformation_or_fact_checking;safety_or_side_effects,True,False,True,episode_535_clip_2,3570.0,"Speakers claim the vaccine is gene therapy with no liability, causes strokes and myocarditis, and discuss a corrupt global pandemic treaty."
607,12,Up First from NPR,"Trump And Free Speech, CDC On Childhood Vaccines, Antifa Terror Designation",2025-09-19T09:54:06,2,5,0.98,mixed;neutral,childhood_schedule;conspiracy_or_institutional_trust;covid19;efficacy_or_immunity;mandates_or_policy;mmr_measles;safety_or_side_effects,True,True,True,episode_607_clip_2,280.5,"New CDC panel members challenge established science, claim COVID vaccines kill people, and vote to change MMRV recommendations."
1155,2,The Joe Rogan Experience,#2333 - Protect Our Parks 15,2025-06-05T17:00:00,2,5,0.98,mixed;neutral,conspiracy_or_institutional_trust;covid19;efficacy_or_immunity;misinformation_or_fact_checking;safety_or_side_effects,True,False,True,episode_1155_clip_2,8582.5,"Speakers discuss long COVID, cancer links, new strains, and claim a vaccinated person had a mild case thanks to the jab."
1546,12,Up First from NPR,"Marines Deployed to LA, CDC Vaccine Board Ousted, Overdose Deaths Drop",2025-06-10T10:03:47,2,5,0.98,neutral,childhood_schedule;conspiracy_or_institutional_trust;mandates_or_policy;mmr_measles,False,True,True,episode_1546_clip_2,268.0,
1928,12,Up First from NPR,"Continued Crackdown on Illegal Immigration, Canada Votes, Measles Outbreak",2025-04-28T10:12:37,2,5,0.98,neutral,efficacy_or_immunity;misinformation_or_fact_checking;mmr_measles;personal_decision_or_uptake;safety_or_side_effects,False,True,False,episode_1928_clip_2,595.0,"Report on measles outbreak linked to vaccine hesitancy, low MMR uptake in Texas, and misinformation regarding vitamin A versus vaccination."
2294,13,This American Life,862: Some Things We Don't Do Anymore,2025-06-22T22:00:00,2,5,0.98,neutral,access_or_equity;development_or_approval;efficacy_or_immunity;mandates_or_policy;other_vaccine;polio,False,False,True,episode_2294_clip_1,1210.3,"Describes the successful global eradication of smallpox through a joint USAID, CDC, and WHO vaccination effort."
2401,8,The MeidasTouch Podcast,MeidasTouch Full Podcast - 9/19/25,2025-09-19T09:00:00,2,5,0.98,critical,childhood_schedule;conspiracy_or_institutional_trust;efficacy_or_immunity;mandates_or_policy;mmr_measles;safety_or_side_effects,False,True,True,episode_2401_clip_2,4760.0,Details testimony alleging the CDC director was fired for opposing changes to the childhood vaccine schedule lacking scientific evidence.
2441,8,The MeidasTouch Podcast,Trump Gets Thrown Under Bus by His Own Pick at Major Hearing,2025-09-18T21:00:00,2,5,0.98,mixed;neutral,childhood_schedule;conspiracy_or_institutional_trust;covid19;efficacy_or_immunity;mandates_or_policy;misinformation_or_fact_checking;safety_or_side_effects,True,True,True,episode_2441_clip_1,171.8,Reports testimony that RFK Jr. changed vaccine recommendations without scientific data and removed safety documents from CDC websites.
2531,12,Up First from NPR,"Trump Remaking Government, RFK Jr. Confirmation Hearings, US Education Report Card",2025-01-29T11:40:28,2,5,0.98,mixed;neutral,childhood_schedule;covid19;mandates_or_policy;misinformation_or_fact_checking;mmr_measles;polio;safety_or_side_effects,False,True,True,episode_2531_clip_2,354.0,"Report details RFK Jr.'s anti-vaccine activism, debunked autism claims, and concerns about measles resurgence if vaccination drops."
2552,12,Up First from NPR,"More Hostages Go Free, Trump Halts Foreign Aid, RFK Jr.'s Confirmation",2025-01-25T15:07:54,2,5,0.98,mixed;neutral,access_or_equity;covid19;efficacy_or_immunity;mandates_or_policy;misinformation_or_fact_checking;mmr_measles;safety_or_side_effects,False,True,True,episode_2552_clip_2,595.0,"Discusses RFK Jr.'s nomination, his past anti-vaccine claims, and medical community concerns about his potential impact on vaccine policy."
3443,2,The Joe Rogan Experience,#2241 - Rick Strassman,2024-12-11T18:00:00,2,5,0.98,mixed,conspiracy_or_institutional_trust;covid19;efficacy_or_immunity;influenza;mandates_or_policy;misinformation_or_fact_checking;safety_or_side_effects,True,False,True,episode_3443_clip_1,7796.3,"Guest describes intense pain from a flu shot followed by recovery; host discusses J&J pause, strokes, and ivermectin controversy."
3760,2,The Joe Rogan Experience,#2223 - Elon Musk,2024-11-04T21:47:00,2,5,0.98,mixed,conspiracy_or_institutional_trust;covid19;development_or_approval;efficacy_or_immunity;misinformation_or_fact_checking;safety_or_side_effects,True,True,True,episode_3760_clip_2,2636.8,"Speakers allege COVID vaccines were rushed with little testing, unsafe for children/pregnant women, and part of a psyop."
3797,16,The Charlie Kirk Show,"How to Lose Weight, ""The Biggest Loser"" Style ft. Jillian Michaels",2025-08-07T00:00:00,2,5,0.98,mixed,childhood_schedule;covid19;efficacy_or_immunity;mandates_or_policy;misinformation_or_fact_checking;safety_or_side_effects,True,False,True,episode_3797_clip_2,1896.4,"Guest argues lack of inert placebo studies for vaccines, links thimerosal to autism risks, and opposes childhood COVID shots."
3980,2,The Joe Rogan Experience,JRE MMA Show #164 with Israel Adesanya,2024-10-03T17:00:00,2,5,0.98,mixed,conspiracy_or_institutional_trust;covid19;mandates_or_policy;misinformation_or_fact_checking;personal_decision_or_uptake;safety_or_side_effects,True,False,True,episode_3980_clip_1,4895.8,"Speaker alleges vaccines cause blood clots and deaths, claims hospitals hide connections, and asserts mandates were for profit."
4326,19,Pod Save America,Trump Agents Handcuff U.S. Senator,2025-06-13T07:05:00,2,5,0.98,mixed;neutral,childhood_schedule;conspiracy_or_institutional_trust;covid19;efficacy_or_immunity;mandates_or_policy;misinformation_or_fact_checking;mmr_measles;safety_or_side_effects,False,True,True,episode_4326_clip_3,2591.1,"Hosts discuss RFK Jr. firing CDC vaccine advisors, appointing skeptics, and the resulting risks to childhood immunization rates and herd immunity."
5064,2,The Joe Rogan Experience,#2146 - Deric Poston,2024-05-07T17:00:00,2,5,0.98,critical,conspiracy_or_institutional_trust;covid19;mandates_or_policy;misinformation_or_fact_checking;personal_decision_or_uptake;safety_or_side_effects,True,False,True,episode_5064_clip_2,1359.3,"Speakers discuss vaccine injuries, myocarditis, alleged administration errors, and claim data did not support vaccinating children."
5200,17,The Tucker Carlson Show,"Maxime Bernier: Trump’s Tariffs, Mass Immigration, and the Oncoming Canadian Revolution",2025-04-16T18:02:00,2,5,0.98,supportive,covid19;efficacy_or_immunity;mandates_or_policy;personal_decision_or_uptake;safety_or_side_effects,True,False,True,episode_5200_clip_2,241.9,
5243,2,The Joe Rogan Experience,#2135 - Neal Brennan,2024-04-12T17:00:00,2,5,0.98,mixed,conspiracy_or_institutional_trust;covid19;efficacy_or_immunity;misinformation_or_fact_checking;safety_or_side_effects,True,False,False,episode_5243_clip_2,6768.0,"Speakers allege COVID vaccines were not tested for transmission prevention, cite small death tolls in trials, and claim underreporting of adverse effects."
5609,2,The Joe Rogan Experience,#2108 - Tom Green,2024-02-24T18:00:00,2,5,0.98,mixed,conspiracy_or_institutional_trust;covid19;development_or_approval;mandates_or_policy;misinformation_or_fact_checking;safety_or_side_effects,True,False,True,episode_5609_clip_1,4873.3,Claims vaccine studies are withheld for 75 years and questions safety of experimental medications.
5863,18,The Megyn Kelly Show,"Trump's Funny and Powerful Address, and Dems' Embarrassing Response, with Rich Lowry, Mark Halperin, and Alvin Lui | Ep. 1019",2025-03-05T19:00:00,2,5,0.98,mixed,covid19;mandates_or_policy;personal_decision_or_uptake;safety_or_side_effects,True,False,True,episode_5863_clip_1,5430.1,Guest claims school clinics may administer COVID vaccines causing myocarditis to minors without parental consent.
6364,18,The Megyn Kelly Show,"""Morning Joe"" Grifters Meet with Trump, and Outrageous Attacks on Tulsi and RFK, with Glenn Greenwald and David Harsanyi | Ep. 947",2024-11-18T20:41:04,2,5,0.98,mixed,conspiracy_or_institutional_trust;covid19;mandates_or_policy;misinformation_or_fact_checking;personal_decision_or_uptake;safety_or_side_effects,True,True,True,episode_6364_clip_1,4258.4,"Defends RFK Jr. against claims he endangers lives, citing myocarditis risks in young men and alleging institutional corruption suppressed safety data."
6432,19,Pod Save America,“Trump’s Grift-mas Miracle.”,2022-12-15T22:33:53,2,5,0.98,neutral,covid19;efficacy_or_immunity;mandates_or_policy;misinformation_or_fact_checking;mmr_measles;polio;safety_or_side_effects,False,True,True,episode_6432_clip_1,1274.4,"Hosts debunk DeSantis' investigation into vaccines, affirming their safety, efficacy, and role in preventing disease resurgence."
6542,2,The Joe Rogan Experience,#2029 - Bill Maher,2023-09-02T17:00:00,2,5,0.98,mixed,conspiracy_or_institutional_trust;covid19;development_or_approval;misinformation_or_fact_checking;safety_or_side_effects,True,False,True,episode_6542_clip_2,4760.0,Speakers allege EUA required suppressing treatments like ivermectin to protect vaccine monopoly.
6869,19,Pod Save America,"""Rebreyerment.""",2022-01-27T22:28:00,2,5,0.98,neutral,covid19;efficacy_or_immunity;misinformation_or_fact_checking;safety_or_side_effects,True,True,True,episode_6869_clip_1,2836.5,"Hosts react with anger to a clip claiming mRNA vaccines are dangerous and ineffective against Omicron, labeling it dangerous misinformation."
7125,19,Pod Save America,“1/6 Truth and 1/6 Truthers.”,2021-07-29T21:17:00,2,5,0.98,neutral,childhood_schedule;covid19;development_or_approval;efficacy_or_immunity;mandates_or_policy;misinformation_or_fact_checking;personal_decision_or_uptake;safety_or_side_effects,False,True,True,episode_7125_clip_3,1785.0,"Interview discussing federal employee vaccination policies, Delta variant risks, and masking guidance for vaccinated individuals."
7256,18,The Megyn Kelly Show,"Hunter Biden's Criminal Trial Begins, and Media Celebrates Trump Verdict, with Emily Jashinsky and Eliana Johnson | Ep. 808",2024-06-03T20:00:48,2,5,0.98,mixed,conspiracy_or_institutional_trust;covid19;mandates_or_policy;misinformation_or_fact_checking;safety_or_side_effects,True,False,True,episode_7256_clip_2,2380.0,"Claims mandatory vaccines caused undisclosed myocarditis in children, leading to suffering and deaths."
7549,17,The Tucker Carlson Show,"Vince Coglianese: DNC Predictions, Don Lemon, and Why Kamala Harris Is Terrified",2024-08-19T23:30:00,2,5,0.98,mixed,conspiracy_or_institutional_trust;covid19;efficacy_or_immunity;mandates_or_policy;misinformation_or_fact_checking;safety_or_side_effects,True,True,True,episode_7549_clip_1,7015.6,Speaker sarcastically compares COVID vaccine mandates to 'my body my choice' rhetoric and nearly calls the vaccine 'poison' before self-censoring.
7688,8,The MeidasTouch Podcast,All Hell Breaks Loose in Congress as Hearing Blows Up,2025-06-26T15:00:00,2,5,0.98,mixed,conspiracy_or_institutional_trust;covid19;efficacy_or_immunity;mandates_or_policy;misinformation_or_fact_checking;safety_or_side_effects,True,True,True,episode_7688_clip_2,654.7,RFK Jr. cites adverse events to oppose vaccine recommendations while being confronted with official safety data.
7922,24,The Shawn Ryan Show,"#181 Peter Attia - The Science of Longevity, Nutrition Myths and Medicine 3.0",2025-03-10T10:00:00,2,5,0.98,mixed,childhood_schedule;covid19;efficacy_or_immunity;mandates_or_policy;misinformation_or_fact_checking;mmr_measles;safety_or_side_effects,False,True,True,episode_7922_clip_1,1190.0,"Physician discusses myocarditis risk in young males from mRNA vaccines, debunks MMR-autism link, and questions timing of Hep B vaccine."
7968,2,The Joe Rogan Experience,#1903 - Kurt Metzger,2022-11-29T18:00:00,2,5,0.98,mixed,conspiracy_or_institutional_trust;covid19;development_or_approval;efficacy_or_immunity;misinformation_or_fact_checking;polio;safety_or_side_effects,True,False,True,episode_7968_clip_1,6072.8,Discussion covers vaccine-derived polio from oral vaccines and questions hospital bed shortages during the pandemic.
7977,17,The Tucker Carlson Show,"Matt Taibbi: How Intel Agencies Control the Media, Putin’s Rise to Power, and 2024 Predictions",2024-06-27T17:00:00,2,5,0.98,mixed,conspiracy_or_institutional_trust;covid19;mandates_or_policy;misinformation_or_fact_checking;personal_decision_or_uptake;safety_or_side_effects,True,False,True,episode_7977_clip_1,5710.2,Guest claims agencies labeled true reports of post-vaccine deaths as disinformation to prevent hesitancy.
8704,2,The Joe Rogan Experience,#1844 - Tom Segura,2022-07-14T17:00:00,2,5,0.98,mixed,conspiracy_or_institutional_trust;covid19;development_or_approval;efficacy_or_immunity;mandates_or_policy;misinformation_or_fact_checking;safety_or_side_effects,True,False,True,episode_8704_clip_1,5556.8,"Speakers question the necessity of repeated injections, discuss pharmaceutical profits, liability shields, and historical drug safety failures."
10446,28,REAL AF with Andy Frisella,"887. Andy & DJ CTI: French President Macron Shoved In Face By Wife, Parents Confront Trans Track Star Athlete's Mother & COVID Vaccines No Longer Recommended",2025-05-28T09:00:00,2,5,0.98,supportive,childhood_schedule;conspiracy_or_institutional_trust;covid19;efficacy_or_immunity;misinformation_or_fact_checking;safety_or_side_effects,True,False,True,episode_10446_clip_2,5355.0,"Speakers allege a plot to release a deadly strain to criminalize dissenters, claiming vaccines cause massive mortality and myocarditis."
10463,30,Candace,Bearing False Witness: Who Made The Charlie Kirk Videos Go Viral? | Candace Ep 241,2025-09-23T23:12:00,2,5,0.98,supportive,childhood_schedule;conspiracy_or_institutional_trust;misinformation_or_fact_checking;mmr_measles;safety_or_side_effects,True,False,True,episode_10463_clip_1,2706.0,"Speaker identifies as anti-vax, calls vaccines poison, alleges government lies, and advocates separating MMR components and delaying Hepatitis B."
10730,28,REAL AF with Andy Frisella,"865. Andy & DJ CTI: Dow Jones Down, Thousands Of Protesters Gather For Rallies Across U.S. & Legacy Media Investigating Dem Scandals",2025-04-08T14:01:00,2,5,0.98,mixed,conspiracy_or_institutional_trust;covid19;development_or_approval;mandates_or_policy;misinformation_or_fact_checking;safety_or_side_effects,True,False,True,episode_10730_clip_2,5546.0,"Alleges elites plan to release a new virus to blame the unvaccinated, justify camps, and regain power, claiming they already possess the antidote."
10864,30,Candace,Candace Owens x Ian Carroll | Candace Ep 171,2025-04-03T20:15:00,2,5,0.98,mixed;supportive,conspiracy_or_institutional_trust;covid19;development_or_approval;mandates_or_policy;misinformation_or_fact_checking,True,False,True,episode_10864_clip_1,1190.0,"Speaker claims COVID was an engineered bioweapon, vaccines caused millions of deaths, and CIA developed mRNA technology."
10953,30,Candace,Harvey Speaks: Shocking Emails Revealed | Ep 2,2025-03-05T00:37:00,2,5,0.98,mixed;supportive,conspiracy_or_institutional_trust;misinformation_or_fact_checking;mmr_measles;safety_or_side_effects,True,False,True,episode_10953_clip_2,3570.0,"Speaker asserts Japan rejected the MMR vaccine in 1993, claims big pharma suppresses parental information, and urges parents to watch her series on doctor 'tricks'."
11078,30,Candace,"BACKSTABBED: Justin Baldoni’s Leaked Voicemail, RFK Jr’s Betrayal | Candace Ep 140",2025-01-28T23:07:00,2,5,0.98,mixed,childhood_schedule;conspiracy_or_institutional_trust;efficacy_or_immunity;hpv;mandates_or_policy;misinformation_or_fact_checking;personal_decision_or_uptake;safety_or_side_effects,True,False,True,episode_11078_clip_1,2408.7,"Host claims personal injury from Gardasil, asserts HPV usually clears naturally, and alleges no decrease in cervical cancer rates due to the vaccine."
11128,30,Candace,HILARIOUS! TikTok Ban Backfires | Candace Ep 133,2025-01-15T22:51:00,2,5,0.98,mixed,conspiracy_or_institutional_trust;mandates_or_policy;misinformation_or_fact_checking;safety_or_side_effects,True,False,True,episode_11128_clip_2,1960.8,"Speaker identifies as anti-vaxxer, claims government poisons citizens via food/flouride/vaccines, and praises RFK Jr."
11191,24,The Shawn Ryan Show,#124 Captain Brad Geary - Inside the Failed Investigation and Tragic Death of Kyle Mullen,2024-08-05T10:00:00,2,5,0.98,mixed,conspiracy_or_institutional_trust;covid19;efficacy_or_immunity;mandates_or_policy;safety_or_side_effects,True,False,True,episode_11191_clip_1,19315.4,"Navy officer attributes increased SEAL training attrition to mandatory COVID vaccines causing fatigue, citing data anomalies and expert consultation."
11407,18,The Megyn Kelly Show,"Fetterman's Debate Disaster, and Biden's Bizarre Cancer Comments, with the Ruthless Podcast Hosts | Ep. 420",2022-10-26T18:57:24,2,5,0.98,mixed,childhood_schedule;conspiracy_or_institutional_trust;covid19;efficacy_or_immunity;mandates_or_policy,True,False,True,episode_11407_clip_1,3690.5,"Speakers discuss annual COVID shots, allege deception about transmission prevention, and oppose adding COVID vaccines to childhood schedules."
11433,28,REAL AF with Andy Frisella,"802. Andy, Michael Faris & DJ CTI: Anderson Cooper Questions Kamala Harris, Debunking Trump's ""Generals That Hitler Had"" & BRICS",2024-10-25T09:00:00,2,5,0.98,critical,conspiracy_or_institutional_trust;covid19;efficacy_or_immunity;mandates_or_policy;misinformation_or_fact_checking;personal_decision_or_uptake;safety_or_side_effects,True,False,True,episode_11433_clip_1,1640.5,"Speakers allege intentional damage, forced vaccination, concealed therapeutics like hydroxychloroquine, and crimes against humanity regarding pandemic response."
11828,2,The Joe Rogan Experience,#1712 - Bert Kreischer (Part 2),2021-09-29T17:00:00,2,5,0.98,mixed,conspiracy_or_institutional_trust;efficacy_or_immunity;personal_decision_or_uptake;safety_or_side_effects,True,False,True,episode_11828_clip_2,1907.7,Cites a study claiming teenage boys face higher myocarditis risk from Pfizer jab than from COVID.
12104,30,Candace,Diddy Accuser Breaks Silence! “He’s A Monster” | Candace Ep 53,2024-08-27T21:37:00,2,5,0.98,mixed,childhood_schedule;conspiracy_or_institutional_trust;covid19;efficacy_or_immunity;hpv;mandates_or_policy;misinformation_or_fact_checking;safety_or_side_effects,True,False,True,episode_12104_clip_1,1315.0,"Host claims Gardasil injury, advises against all vaccines, alleges Big Pharma corruption and censorship."
12122,30,Candace,They LIED To Us About Beyoncé. THIS. MEANS. WAR. | Candace Ep 51,2024-08-23T21:11:00,2,5,0.98,mixed,childhood_schedule;conspiracy_or_institutional_trust;covid19;personal_decision_or_uptake,True,False,True,episode_12122_clip_1,1627.6,"Host explicitly identifies as anti-vax, credits RFK Jr. for educating her decision not to vaccinate children."
12569,30,Candace,Literally Hitler. Why Can't We Talk About Him? | Candace Ep 17,2024-07-02T20:00:00,2,5,0.98,supportive,conspiracy_or_institutional_trust;hpv;mandates_or_policy;personal_decision_or_uptake;safety_or_side_effects,True,False,True,episode_12569_clip_3,2105.3,"Speaker attributes personal vaccine injury from Gardasil to medical system lies, citing it as the catalyst for distrusting authorities."
13094,28,REAL AF with Andy Frisella,"602. Andy & DJ CTI: Dublin Incident, Sick children In China & Mayor Adams Responds To Accusations",2023-11-25T10:00:00,2,5,0.98,supportive,conspiracy_or_institutional_trust;misinformation_or_fact_checking;safety_or_side_effects,True,False,True,episode_13094_clip_1,2476.3,Speakers allege elites plan to release a deadly virus to kill children and blame vaccine skeptics to justify eliminating them.
13743,28,REAL AF with Andy Frisella,"537. Andy & DJ CTI: Pentagon $6.2 Billion Accounting Error, Teen Who Lost Legs Sues St. Louis & Hunter Biden Plea Deal",2023-06-23T09:00:00,2,5,0.98,critical;mixed,conspiracy_or_institutional_trust;covid19;misinformation_or_fact_checking;safety_or_side_effects,True,False,True,episode_13743_clip_2,1603.6,"Speakers allege a global conspiracy causing sickness/death via vaccines, citing myocarditis and suppressed hospital reports of premature deaths."
14196,2,The Joe Rogan Experience,#1569 - John Mackey,2020-11-24T17:18:40,2,5,0.98,mixed,conspiracy_or_institutional_trust;covid19;development_or_approval;efficacy_or_immunity;mmr_measles;other_vaccine;personal_decision_or_uptake;polio;safety_or_side_effects,False,False,False,episode_14196_clip_1,5457.5,Speakers express support for historical vaccines but hesitate on new mRNA shots due to unknown long-term side effects.
14347,8,The MeidasTouch Podcast,Trump WOEFULLY UNPREPARED for Next Pandemic…AGAIN!!,2024-11-25T17:49:00,2,5,0.98,mixed,conspiracy_or_institutional_trust;covid19;development_or_approval;influenza;mandates_or_policy;misinformation_or_fact_checking;mmr_measles;safety_or_side_effects,True,True,True,episode_14347_clip_1,120.3,The host rebuts RFK Jr.'s claims that H1N1 was fabricated by pharma companies and that WHO is controlled by vaccine makers.
14471,28,REAL AF with Andy Frisella,"439. Andy, Chadd Wright & DJ CTI: White House Winter Plan, State Department Struggling To Track Ukraine Aid & Sending Patriot Missile Defense To Ukraine",2022-12-16T10:00:00,2,5,0.98,mixed,conspiracy_or_institutional_trust;covid19;mandates_or_policy;misinformation_or_fact_checking;safety_or_side_effects,True,False,True,episode_14471_clip_2,4468.1,Host shares an anecdote about a friend suffering seizures after vaccination and urges total non-compliance with health directives.
14766,2,The Joe Rogan Experience,#1524 - Ron Funches,2020-08-13T00:00:00,2,5,0.98,mixed,conspiracy_or_institutional_trust;covid19;development_or_approval;efficacy_or_immunity;misinformation_or_fact_checking;safety_or_side_effects,True,False,False,episode_14766_clip_1,3795.8,"Guest shares an anecdote linking his son's autism onset to vaccination, suggesting vaccines may accelerate predisposed conditions."
14822,8,The MeidasTouch Podcast,Trump PANICS on Friday WORSE THAN EVER with BAD NEWS,2024-11-02T09:00:00,2,5,0.98,mixed,conspiracy_or_institutional_trust;misinformation_or_fact_checking;other_vaccine;safety_or_side_effects,False,True,True,episode_14822_clip_2,970.5,Clip claims RFK Jr. believes vaccines aren't real and doctors are liars; host critiques Trump's support.
15462,28,REAL AF with Andy Frisella,"332. Andy & DJ CTI: Twitter To Sue Elon Musk, Protestors Storm President's House In Sri Lanka & Hunter Biden's iCloud Hacked",2022-07-12T09:00:05,2,5,0.98,mixed,conspiracy_or_institutional_trust;mandates_or_policy;misinformation_or_fact_checking,True,False,True,episode_15462_clip_2,1042.2,Speaker alleges the Democratic party believed in genocide via vaccination and that gun ownership prevented mass killings seen in other countries.
15553,28,REAL AF with Andy Frisella,"317. Andy & DJ CTI: Money For Second Pandemic, Officers At Uvalde Waited An Hour & Texas GOP Declaring Biden As Illegitimate President",2022-06-23T09:00:27,2,5,0.98,mixed,childhood_schedule;conspiracy_or_institutional_trust;covid19;efficacy_or_immunity;influenza;mandates_or_policy;misinformation_or_fact_checking;safety_or_side_effects,True,False,True,episode_15553_clip_1,34.7,"Speakers claim COVID vaccines for babies are unnecessary, citing low child death rates and alleging widespread injury."
15588,28,REAL AF with Andy Frisella,"310. Andy & DJ CTI: Biden Threatens Oil Companies, Squid Game Reality Show & Democrat Predicts Civil War",2022-06-16T09:00:50,2,5,0.98,mixed,conspiracy_or_institutional_trust;mandates_or_policy;safety_or_side_effects,True,False,True,episode_15588_clip_2,2099.7,Speaker asserts families lost jobs due to vaccine mandates and claims vaccines are now known to cause 'all kinds of problems'.
16730,37,Habits and Hustle,Episode 281: Gary Brecka: Human Biologist on Predicting How Long You’ll Live,2023-10-03T07:00:00,2,5,0.98,mixed,conspiracy_or_institutional_trust;covid19;efficacy_or_immunity;misinformation_or_fact_checking;safety_or_side_effects,True,False,True,episode_16730_clip_2,2975.0,"Speaker claims mRNA vaccines create permanent spike proteins causing vasculitis and clotting, and asserts natural immunity is superior."
20024,55,3 Takeaways™,Harnessing the Power of Artificial Intelligence & Synthetic Biology To Usher In A New Age of Drug Discovery: James Collins (#44),2021-06-08T05:00:00,2,5,0.98,neutral,covid19;development_or_approval;efficacy_or_immunity,False,False,False,episode_20024_clip_1,44.9,Guest explains how synthetic biology enabled rapid development of mRNA vaccines and CRISPR-based diagnostics.
20089,53,The Diary Of A CEO with Steven Bartlett,"Scott Galloway (US ELECTION SPECIAL): “I bet $358,000 That They Win The Election!”, “33% Chance Trump Dies In Office!”, “Men Will Have Less Sex If  Trump Wins!”",2024-11-04T06:00:00,2,5,0.98,neutral,conspiracy_or_institutional_trust;misinformation_or_fact_checking;polio;safety_or_side_effects,False,True,True,episode_20089_clip_3,4246.9,Contrasts data-driven vaccine benefits with RFK Jr.'s anti-vax advice and algorithmic amplification of outrage.
4094,17,The Tucker Carlson Show,"Dave Collum: Financial Crisis, Diddy, Energy Weapons, QAnon, and the Deep State’s Digital Evolution",2025-08-20T18:01:00,2,5,0.97,mixed,conspiracy_or_institutional_trust;covid19;development_or_approval;misinformation_or_fact_checking;safety_or_side_effects,True,False,True,episode_4094_clip_1,781.8,Guest claims Pfizer COVID vaccines killed many people and cites disputed studies correlating deaths with shots.
4507,18,The Megyn Kelly Show,"Trump's DC Fix, Jimmy Kimmel Whining, and Jasmine Crockett's Working Class ""Stolen Valor,"" with Benny Johnson, Mike Davis, and Alex Marlow",2025-08-11T19:52:34,2,5,0.97,mixed,covid19;mandates_or_policy;personal_decision_or_uptake;safety_or_side_effects,False,False,True,episode_4507_clip_1,3570.0,Criticizes pressure to vaccinate teens despite myocarditis risks and shaming of hesitancy.
5861,18,The Megyn Kelly Show,"Rep. Green Facing Censure, Vance Teases Finishing the Wall: AM Update for 3/6",2025-03-06T11:00:00,2,5,0.97,mixed;neutral,childhood_schedule;conspiracy_or_institutional_trust;covid19;mandates_or_policy;other_vaccine;safety_or_side_effects,True,False,True,episode_5861_clip_1,292.7,"NIH nominee suggests re-examining vaccine-autism links if parental concerns affect uptake, despite settled science."
6797,18,The Megyn Kelly Show,"Dems Smear Dissenters as Russian Assets, Nashville Shooter's Manifesto Revealed, and Stelter's CNN Return, with Glenn Greenwald | Ep. 878",2024-09-04T19:42:36,2,5,0.97,mixed,conspiracy_or_institutional_trust;covid19;efficacy_or_immunity;mandates_or_policy;misinformation_or_fact_checking;safety_or_side_effects,True,False,True,episode_6797_clip_2,973.2,Speakers claim government censored true information about vaccine dangers and mask efficacy during COVID.
8690,18,The Megyn Kelly Show,"Gov. Ron DeSantis on DOJ Corruption, His Disney Fight, and Pardoning Trump, Plus, Victor Davis Hanson on Hunter's Sweetheart Near Deal | Ep. 597",2023-07-28T19:30:06,2,5,0.97,mixed,conspiracy_or_institutional_trust;covid19;development_or_approval;mandates_or_policy;misinformation_or_fact_checking;safety_or_side_effects,True,False,True,episode_8690_clip_1,117.3,
11478,30,Candace,Beyoncé Was Paid $10 Million For A 3 Minute Endorsement?! | Candace Ep 103,2024-11-14T23:04:01,2,5,0.97,supportive,childhood_schedule;conspiracy_or_institutional_trust;hpv;mandates_or_policy;misinformation_or_fact_checking;safety_or_side_effects,True,False,True,episode_11478_clip_1,1510.3,"Host claims Gardasil injury, calls vaccines a lie, supports RFK Jr. to break pharma cartel, and opposes school mandates."
13799,28,REAL AF with Andy Frisella,"530. Andy & DJ CTI: Handing Over $25 Billion Dollar Empire, Stolen COVID Relief Aid & Trump Departs For Florida",2023-06-13T09:00:00,2,5,0.97,mixed;supportive,conspiracy_or_institutional_trust;covid19;misinformation_or_fact_checking;safety_or_side_effects,True,False,True,episode_13799_clip_1,1236.7,"Host claims people were forced into unwanted vaccines, died from them, or were denied therapeutics, urging Trump to admit lies."
19690,55,3 Takeaways™,President of Rockefeller Foundation and Former Head of USAID Raj Shah on Big Bets and Transforming The Face of Human Poverty On The Planet (#165),2023-10-03T05:00:00,2,5,0.97,neutral,access_or_equity;childhood_schedule;development_or_approval;other_vaccine,False,False,False,episode_19690_clip_1,92.3,"Describes Gates Foundation's early work ensuring global access to rotavirus vaccines, saving millions of child lives."
4508,19,Pod Save America,"Trump's ""Liberation Day"" Crashes the Stock Market",2025-04-04T07:05:00,2,5,0.96,mixed;neutral,conspiracy_or_institutional_trust;covid19;development_or_approval;mandates_or_policy;misinformation_or_fact_checking,False,True,True,episode_4508_clip_2,5355.0,Discusses firing of FDA vaccine regulator and gutting of public health infrastructure.
5751,2,The Joe Rogan Experience,#2098 - Shane Gillis & Matt McCusker,2024-02-06T18:26:35,2,5,0.96,mixed,conspiracy_or_institutional_trust;covid19;development_or_approval;misinformation_or_fact_checking;safety_or_side_effects,True,False,True,episode_5751_clip_3,10756.8,"Speakers discuss vaccine adjuvants like aluminum, suggest vaccines may be harmful, and mention Ukraine bio-labs."
11465,30,Candace,Fight Night! Me VS Marc Lamont Hill On Transgenderism | Candace Ep 104,2024-11-15T22:40:00,2,5,0.96,mixed;supportive,conspiracy_or_institutional_trust;influenza;misinformation_or_fact_checking;mmr_measles;polio;safety_or_side_effects,True,True,True,episode_11465_clip_1,1911.9,Guest cites studies debunking the vaccine-autism link; host rejects medical consensus as corrupt and misleading.
13506,28,REAL AF with Andy Frisella,"561. Andy, Caleb Francis, Jarred Taylor, Dan Hollaway & DJ CTI: Identifying Maui Wildfire Victims, New Pandemic & Trump Impeachment",2023-08-18T09:00:00,2,5,0.96,mixed,conspiracy_or_institutional_trust;covid19;development_or_approval;mandates_or_policy;misinformation_or_fact_checking;safety_or_side_effects,True,False,True,episode_13506_clip_2,4268.6,Host claims CDC internally doubted vaccine safety while mandating it and recounts threats of massive fines for non-compliance.
14096,28,REAL AF with Andy Frisella,"491. Part 2 - Andy, Mike Yoder & DJ CTI: Trump Grand Jury Canceled",2023-03-24T09:30:00,2,5,0.96,mixed,conspiracy_or_institutional_trust;covid19;development_or_approval;mandates_or_policy;safety_or_side_effects,True,False,True,episode_14096_clip_2,3056.3,"Argues pharmaceutical companies profit from global vaccination platforms, avoid real penalties via shell corporations, and target patriotic men with mandates."
2169,2,The Joe Rogan Experience,#2293 - Chris Williamson,2025-03-21T17:00:00,2,5,0.95,mixed;supportive,conspiracy_or_institutional_trust;covid19;efficacy_or_immunity;mandates_or_policy;misinformation_or_fact_checking;safety_or_side_effects,True,False,True,episode_2169_clip_2,9300.9,"Asserts COVID vaccines were ineffective, therapeutics were suppressed, and conspiracy theories about them were true."
3617,2,The Joe Rogan Experience,#2231 - Jimmy Corsetti & Dan Richards,2024-11-20T18:00:00,2,5,0.95,mixed,conspiracy_or_institutional_trust;covid19;efficacy_or_immunity;mandates_or_policy;safety_or_side_effects,True,False,True,episode_3617_clip_3,6884.1,"Speakers claim vaccines were unproven, ineffective, and pushed for profit while death rates were misrepresented by officials."
4681,19,Pod Save America,Trump Heals Grieving Nation,2025-01-31T08:05:00,2,5,0.95,mixed,conspiracy_or_institutional_trust;mandates_or_policy;safety_or_side_effects,True,True,True,episode_4681_clip_2,3570.0,"Hosts discuss RFK Jr.'s anti-vax reputation, confirmation prospects, and past statements on vaccines and conspiracy theories."
5177,2,The Joe Rogan Experience,#2139 - Akaash Singh,2024-04-23T17:00:00,2,5,0.95,mixed,conspiracy_or_institutional_trust;covid19;efficacy_or_immunity;misinformation_or_fact_checking;safety_or_side_effects,True,False,True,episode_5177_clip_1,708.8,Speaker refuses boosters calling COVID a cold and claims masks lack science and breed bacteria.
6017,2,The Joe Rogan Experience,#2081 - Tony Hinchcliffe,2024-01-02T18:00:00,2,5,0.95,supportive,conspiracy_or_institutional_trust;covid19;efficacy_or_immunity;mandates_or_policy;misinformation_or_fact_checking;safety_or_side_effects,True,False,True,episode_6017_clip_2,7305.3,"Discusses ideological division over vaccines, claims of 100% efficacy narratives, and suppression of safety data."
6045,2,The Joe Rogan Experience,#2078 - Duncan Trussell,2023-12-26T18:00:00,2,5,0.95,mixed,conspiracy_or_institutional_trust;covid19;mandates_or_policy;safety_or_side_effects,True,False,True,episode_6045_clip_1,9205.0,"Speaker alleges COVID mandates were for control and profit, cites Fauci quotes, and references RFK Jr.'s book on vaccine dangers."
6327,2,The Joe Rogan Experience,#2050 - Ehsan Ahmad,2023-10-21T17:00:00,2,5,0.95,mixed,childhood_schedule;conspiracy_or_institutional_trust;covid19;efficacy_or_immunity;mandates_or_policy;misinformation_or_fact_checking;personal_decision_or_uptake;safety_or_side_effects,True,True,True,episode_6327_clip_2,5355.0,"Speakers question COVID booster necessity for children, cite unverified child death reports, and discuss excess mortality data and profit motives."
6739,19,Pod Save America,“DeSantis Cancels Disney.”,2022-04-21T21:29:00,2,5,0.95,neutral,covid19;development_or_approval;efficacy_or_immunity;mandates_or_policy;personal_decision_or_uptake;safety_or_side_effects,False,True,True,episode_6739_clip_2,2422.0,"Discussion covers waning booster immunity, variant-specific vaccines, and long COVID risks reduced by vaccination."
6778,18,The Megyn Kelly Show,"How Medical Establishment Keeps Americans Sick, and Evils of Censorship, with Dr. Marty Makary and Naval Ravikant | Ep. 881",2024-09-06T18:52:51,2,5,0.95,mixed,conspiracy_or_institutional_trust;covid19;mandates_or_policy;personal_decision_or_uptake;safety_or_side_effects,True,False,True,episode_6778_clip_1,817.0,"Speaker states they did not vaccinate their children against COVID and are thrilled, citing concerns about myocarditis and distrust in medical leadership."
6782,2,The Joe Rogan Experience,#2007 - Adrienne Iapalucci,2023-07-12T17:00:00,2,5,0.95,mixed,covid19;development_or_approval;efficacy_or_immunity;mandates_or_policy;personal_decision_or_uptake;safety_or_side_effects,True,False,True,episode_6782_clip_1,7873.1,"Speakers discuss getting vaccinated to work, cite studies claiming increased infection risk with more doses, and acknowledge real vaccine injuries."
7145,17,The Tucker Carlson Show,"Tucker Carlson, RFK Jr, and Larry Elder React to Second Trump Shooting",2024-09-17T18:00:00,2,5,0.95,mixed,conspiracy_or_institutional_trust;covid19;efficacy_or_immunity;misinformation_or_fact_checking,True,False,True,episode_7145_clip_1,4178.8,
7482,2,The Joe Rogan Experience,#1945 - Eric Weinstein,2023-02-22T18:00:00,2,5,0.95,mixed,conspiracy_or_institutional_trust;covid19;misinformation_or_fact_checking;safety_or_side_effects,True,False,True,episode_7482_clip_2,10999.2,"Speaker alleges government suppression of questions regarding vaccines, origins of COVID, and therapeutics."
7735,2,The Joe Rogan Experience,#1926 - Matt McCusker & Shane Gillis,2023-01-14T18:00:00,2,5,0.95,mixed;neutral,conspiracy_or_institutional_trust;covid19;efficacy_or_immunity;misinformation_or_fact_checking;safety_or_side_effects,True,False,True,episode_7735_clip_1,6646.4,"Speakers discuss shifting efficacy claims, lack of raw data access for independent replication, and compare vaccine data practices to antidepressant studies."
8300,18,The Megyn Kelly Show,"Media Spreading Hamas Propaganda, and COVID Vaccine Lawsuits, with Michael Oren, Arthur Aidala, and Jonna Spilbor | Ep. 658",2023-10-30T19:17:36,2,5,0.95,mixed,conspiracy_or_institutional_trust;covid19;development_or_approval;efficacy_or_immunity;mandates_or_policy;misinformation_or_fact_checking;safety_or_side_effects,True,False,True,episode_8300_clip_1,4830.9,Discusses lawsuits alleging COVID vaccine caused deaths in two young men and legal strategies to bypass immunity.
8311,2,The Joe Rogan Experience,#1873 - Brigham Buhler,2022-09-23T17:00:00,2,5,0.95,mixed,conspiracy_or_institutional_trust;covid19;development_or_approval;efficacy_or_immunity;misinformation_or_fact_checking;safety_or_side_effects,True,False,True,episode_8311_clip_1,2380.0,"Guest shares anecdote of blood clots post-vaccination, claims adverse events are underreported, and alleges new boosters lack human trials."
8332,24,The Shawn Ryan Show,"#170 Mike Benz - USAID Funding CIA-Backed Mercenaries, Media Superweapons and Samantha Powers",2025-02-12T11:00:00,2,5,0.95,mixed,conspiracy_or_institutional_trust;covid19;development_or_approval;mandates_or_policy;misinformation_or_fact_checking,True,False,True,episode_8332_clip_2,7488.1,Speakers allege government agencies used deplatforming and job loss to suppress vaccine skepticism and enforce compliance.
8455,18,The Megyn Kelly Show,"Left Freakout Over Great Trump Polls, Biden's ""Boy"" Gaffe, and Travis Kelce Shills For Pfizer, with Charlie Kirk | Ep. 634",2023-09-25T18:00:00,2,5,0.95,critical,conspiracy_or_institutional_trust;covid19;efficacy_or_immunity;influenza;personal_decision_or_uptake;safety_or_side_effects,True,False,True,episode_8455_clip_3,5355.0,"Hosts argue Pfizer targets low-risk demographics for profit, ignoring myocarditis risks while suppressing safety discourse."
9205,8,The MeidasTouch Podcast,Trump Witnesses Collapse Under Cross-Exam at Hearing,2025-05-15T15:00:00,2,5,0.95,neutral,efficacy_or_immunity;mandates_or_policy;misinformation_or_fact_checking;mmr_measles;personal_decision_or_uptake;safety_or_side_effects,False,True,True,episode_9205_clip_1,0.0,
10694,30,Candace,Justin Baldoni Wins Taylor Swift's Texts | Candace Ep 203,2025-06-19T21:23:00,2,5,0.95,mixed,childhood_schedule;mandates_or_policy;misinformation_or_fact_checking;personal_decision_or_uptake;safety_or_side_effects,True,False,True,episode_10694_clip_2,2380.0,"Host advises against combination shots like MMR and Tdap, directing listeners to her vaccine series for guidance."
10711,30,Candace,I’m BACK! Just In Time For World War 3. | Candace Ep 200,2025-06-16T22:15:00,2,5,0.95,mixed,conspiracy_or_institutional_trust;covid19;hpv;misinformation_or_fact_checking;safety_or_side_effects,True,False,True,episode_10711_clip_2,4165.0,"Speaker claims vaccines (COVID, Gardasil) and food are toxic to fertility, alleging a satanic plot to control birth via IVF and vaccines."
10815,18,The Megyn Kelly Show,"Classified Docs in Biden's Garage, and Evidence Against Idaho Suspect, with Alan Dershowitz, Sharyl Attkisson, Marcia Clark, and Mark Geragos | Ep. 471",2023-01-13T20:23:30,2,5,0.95,mixed,conspiracy_or_institutional_trust;covid19;misinformation_or_fact_checking;safety_or_side_effects,True,True,True,episode_10815_clip_2,3001.7,Speakers argue for investigating vaccine links to injuries and allege systematic under-reporting of adverse events.
11046,2,The Joe Rogan Experience,#1761 - Jim Gaffigan,2022-01-11T18:00:00,2,5,0.95,mixed,conspiracy_or_institutional_trust;covid19;efficacy_or_immunity;mandates_or_policy;misinformation_or_fact_checking;safety_or_side_effects,True,False,True,episode_11046_clip_1,3747.2,"Claims COVID vaccine narrative is collapsing, predicts social credit systems via vaccine passports, and distinguishes mRNA shots from traditional vaccines."
11210,2,The Joe Rogan Experience,#1751 - Brian Simpson,2021-12-23T18:00:00,2,5,0.95,mixed,conspiracy_or_institutional_trust;covid19;efficacy_or_immunity;misinformation_or_fact_checking;personal_decision_or_uptake;safety_or_side_effects,True,False,True,episode_11210_clip_1,1552.2,"Speaker claims Omicron acts as a live vaccine with no US deaths, alleges government/media deception, and discusses distrust in institutions."
11982,30,Candace,The Trump Campaign Is In Danger. Here Is Why. | Candace Ep 64,2024-09-13T21:47:00,2,5,0.95,mixed;supportive,conspiracy_or_institutional_trust;covid19;misinformation_or_fact_checking;personal_decision_or_uptake;safety_or_side_effects,True,False,True,episode_11982_clip_2,2418.5,"Host claims she supplied information showing the establishment lied, leading parents to not vaccinate their children."
12558,30,Candace,The SHOCKING Satanic Origins of NASA | Candace Ep 18,2024-07-03T20:10:00,2,5,0.95,mixed,childhood_schedule;conspiracy_or_institutional_trust;covid19;misinformation_or_fact_checking;safety_or_side_effects,True,False,True,episode_12558_clip_2,2443.7,"Host claims children are being poisoned by vaccines, praises a series helping parents refuse shots, and distrusts medical authorities."
12992,18,The Megyn Kelly Show,"Putin's Madness and Next Moves, and Biden's Massive Speech, with Michael Knowles and Garry Kasparov | Ep. 271",2022-03-01T20:16:28,2,5,0.95,mixed;neutral,covid19;efficacy_or_immunity;mandates_or_policy;misinformation_or_fact_checking;safety_or_side_effects,True,False,True,episode_12992_clip_1,3157.2,"Speaker lists shifting narratives on vaccine efficacy, transmission blocking, and pediatric protection, arguing promises were broken and mandates unjustified."
13611,2,The Joe Rogan Experience,#1608 - Michael Malice,2021-02-10T18:00:00,2,5,0.95,mixed,conspiracy_or_institutional_trust;covid19;efficacy_or_immunity;mandates_or_policy;misinformation_or_fact_checking;polio;safety_or_side_effects,True,False,True,episode_13611_clip_1,7795.8,"Host defends guest's claims about high vaccine side effect rates and polio cases from vaccines, citing them as factual."
14041,18,The Megyn Kelly Show,"Dave Rubin on Vaccine Choice, Media Narratives, and Trump in 2024 | Ep. 1 81",2021-10-14T19:25:42,2,5,0.95,mixed,conspiracy_or_institutional_trust;covid19;efficacy_or_immunity;mandates_or_policy;misinformation_or_fact_checking;personal_decision_or_uptake;safety_or_side_effects,True,False,True,episode_14041_clip_2,3916.5,"Guest claims vaccinated people are getting COVID while unvaccinated are not, citing personal acquaintances."
14168,18,The Megyn Kelly Show,"Tucker Carlson on the Media's Deception, the ADL's Attacks, and Armor Against Criticism | Ep. 167",2021-09-24T19:55:56,2,5,0.95,mixed,covid19;mandates_or_policy;misinformation_or_fact_checking;personal_decision_or_uptake;safety_or_side_effects,False,True,True,episode_14168_clip_1,5094.2,"Host shares child's adverse flu vaccine event, defends vaccine safety generally but condemns silencing side effect reports."
14325,8,The MeidasTouch Podcast,Trump TRANSITION DISASTER Accelerates FASTER,2024-11-26T10:00:00,2,5,0.95,mixed,conspiracy_or_institutional_trust;misinformation_or_fact_checking;other_vaccine;safety_or_side_effects,True,True,True,episode_14325_clip_1,1825.2,
14744,8,The MeidasTouch Podcast,Swalwell GOES ON OFFENSE against Trump…ALREADY!!,2024-11-07T17:48:00,2,5,0.95,supportive,childhood_schedule;mandates_or_policy;mmr_measles;personal_decision_or_uptake;polio,False,True,True,episode_14744_clip_2,412.8,
14800,28,REAL AF with Andy Frisella,"391. Andy, Jarred ""JT"" Taylor, BJ Baldwin & DJ CTI: Uvalde Cop Rehired, No Voting No Vucking & Biden Invokes Possibility of 'Armageddon'",2022-10-08T09:00:00,2,5,0.95,critical,conspiracy_or_institutional_trust;covid19;mandates_or_policy,True,False,True,episode_14800_clip_1,1490.1,Speaker claims military vaccine layoffs were a ploy to remove right-leaning soldiers who might refuse orders against citizens.
14911,18,The Megyn Kelly Show,"Candace Owens on the Derek Chauvin Trial, Motherhood, and Cardi B | Ep. 85",2021-04-05T08:00:00,2,5,0.95,mixed,childhood_schedule;covid19;mandates_or_policy;personal_decision_or_uptake;safety_or_side_effects,False,False,True,episode_14911_clip_1,15.4,Host and guest refuse COVID vaccine for children citing low risk and unknown long-term effects despite supporting other vaccines.
15764,28,REAL AF with Andy Frisella,"296. Andy & DJ CTI: Chinese Military Audio Leaked, Trump-Russia Trial Opens & Kim Jong Un Lookalike",2022-05-17T09:00:53,2,5,0.95,mixed,conspiracy_or_institutional_trust;covid19;efficacy_or_immunity;safety_or_side_effects,True,False,True,episode_15764_clip_2,1934.8,Host claims to know more people who died post-vaccination than from COVID alone and alleges coercion.
18247,50,This Past Weekend w/ Theo Von,#585 - Andrew Huberman,2025-05-27T09:39:00,2,5,0.95,mixed,conspiracy_or_institutional_trust;development_or_approval;efficacy_or_immunity;misinformation_or_fact_checking;mmr_measles;safety_or_side_effects,True,True,True,episode_18247_clip_1,5951.3,"Discussion on measles outbreaks, vaccine schedules, and the Wakefield autism fraud, balancing trust in science with calls for re-examination."
19756,55,3 Takeaways™,The Man Who Led the Creation of Moderna’s Covid Vaccine Shares His Powerful  Insight and Vision: Tal Zaks (#140),2023-04-11T05:00:00,2,5,0.95,neutral,covid19;development_or_approval;efficacy_or_immunity;other_vaccine;safety_or_side_effects,False,False,False,episode_19756_clip_1,0.0,"Moderna CMO explains mRNA vaccine mechanism, safety data collection, and the role of public-private partnerships in development."
20077,52,Matt and Shane's Secret Podcast,Ep 358 - Fauci Ouchie (feat. Mike Recine & Sean McCarthy),2021-08-12T15:22:00,2,5,0.95,mixed,childhood_schedule;conspiracy_or_institutional_trust;covid19;mandates_or_policy;misinformation_or_fact_checking;personal_decision_or_uptake;safety_or_side_effects,True,False,True,episode_20077_clip_1,1785.0,Speaker discusses RFK Jr.'s claims linking vaccine schedule changes to autism and legal immunity for manufacturers.
3886,17,The Tucker Carlson Show,"Full Speech: Tucker’s Charlie Kirk Memorial & Their Best Moments on God, Christianity, and Hope",2025-09-22T20:00:00,2,5,0.9,critical,conspiracy_or_institutional_trust;covid19;mandates_or_policy;misinformation_or_fact_checking,True,False,True,episode_3886_clip_2,1300.3,"Speaker labels COVID shot distribution as evil act intended to destroy, not help."
9195,28,REAL AF with Andy Frisella,"904. Andy & DJ CTI: Massive Search For Survivors After Deadly Texas Floods, Epstein Didn't Have A 'Client List' & Nelly Purchases National Thoroughbred Team",2025-07-08T09:00:00,2,5,0.9,mixed,conspiracy_or_institutional_trust;covid19;mandates_or_policy;personal_decision_or_uptake,True,False,True,episode_9195_clip_2,4345.2,Speakers speculate Trump was blackmailed into promoting COVID vaccines under threat of mass deaths.
14432,28,REAL AF with Andy Frisella,"446. Andy & DJ CTI: Roomba Recording Your Actions, Winter Storm Death Toll & Twitter Files 9",2022-12-27T10:00:00,2,5,0.9,mixed,conspiracy_or_institutional_trust;covid19;mandates_or_policy;misinformation_or_fact_checking;safety_or_side_effects,True,False,True,episode_14432_clip_2,3290.7,Claims censorship of alternative treatments led to unnecessary deaths and characterizes vaccine mandates as crimes against humanity.
729,12,Up First from NPR,"RFK Jr. Grilled, Europeans Pledge Troops to Ukraine, DC Sues Trump Admin",2025-09-05T10:11:00,1,5,0.99,mixed,childhood_schedule;conspiracy_or_institutional_trust;covid19;efficacy_or_immunity;influenza;mandates_or_policy;misinformation_or_fact_checking;mmr_measles;safety_or_side_effects,True,True,True,episode_729_clip_1,0.0,"Senate hearing covers RFK Jr.'s vaccine policies, booster access barriers, and allegations of pharma corruption versus scientific consensus."
816,12,Up First from NPR,"Minneapolis Mass Shooting, CDC Director Fired, Biden Admin and Gaza Aid",2025-08-28T10:05:52,1,5,0.99,neutral,conspiracy_or_institutional_trust;mandates_or_policy;misinformation_or_fact_checking;mmr_measles,False,False,True,episode_816_clip_1,413.3,"Senior CDC scientists resign, citing lack of expert briefing on measles and policy actions matching poorly scripted announcements."
1075,2,The Joe Rogan Experience,#2337 - Oliver Anthony,2025-06-13T17:00:00,1,5,0.99,mixed,conspiracy_or_institutional_trust;covid19;development_or_approval;misinformation_or_fact_checking;safety_or_side_effects,True,False,True,episode_1075_clip_1,7232.2,"Host praises Robert Malone, claims he had a horrible vaccine reaction, and suggests corporations are poisoning people via loopholes."
1294,2,The Joe Rogan Experience,#2327 - AJ Gentile,2025-05-27T17:00:00,1,5,0.99,mixed,conspiracy_or_institutional_trust;covid19;efficacy_or_immunity;mandates_or_policy;misinformation_or_fact_checking;safety_or_side_effects,True,False,True,episode_1294_clip_1,6715.0,"Speakers allege vaccines caused injuries, failed to stop infection, were mandated for profit, and that long COVID affects the vaccinated."
1708,8,The MeidasTouch Podcast,Trump Has Awful Friday Over More Bad News for Him,2025-09-26T22:30:00,1,5,0.99,mixed,misinformation_or_fact_checking;mmr_measles;other_vaccine;personal_decision_or_uptake;safety_or_side_effects,True,True,True,episode_1708_clip_1,0.0,Host critiques Trump's social media post advising separate MMR/chickenpox shots and avoiding Tylenol in pregnancy.
2860,8,The MeidasTouch Podcast,Governor Lamont Responds to Trump’s Attack on Economy,2025-09-14T12:00:00,1,5,0.99,mixed,childhood_schedule;conspiracy_or_institutional_trust;covid19;misinformation_or_fact_checking;mmr_measles;polio;safety_or_side_effects,False,True,True,episode_2860_clip_1,374.1,"Governor condemns anti-vax conspiracies, compares childhood vaccines to slavery, and affirms vaccine safety for schools."
3244,8,The MeidasTouch Podcast,Trump’s FBI in Full Collapse After Killer Turned Himself In,2025-09-13T15:00:00,1,5,0.99,mixed,conspiracy_or_institutional_trust;covid19;misinformation_or_fact_checking;safety_or_side_effects,True,True,True,episode_3244_clip_1,321.7,Host describes Kash Patel selling 'magic pills' claiming to detox COVID vaccines as a scam while discussing his background.
3324,12,Up First from NPR,"RFK Jr. Tapped To Head HHS, Trump & Government Bonds, Biden Meets Xi In Peru",2024-11-15T12:38:10,1,5,0.99,mixed,conspiracy_or_institutional_trust;covid19;mandates_or_policy;misinformation_or_fact_checking;safety_or_side_effects,True,True,True,episode_3324_clip_1,0.0,"News segment discusses RFK Jr.'s vaccine skepticism, conspiracy theories, and potential impact on HHS agencies."
4165,18,The Megyn Kelly Show,"Immigration Crackdown Coming to Chicago, Trump Backs RFK, CBS Changes Editing Policy: AM Update 9/8",2025-09-08T10:00:00,1,5,0.99,mixed,conspiracy_or_institutional_trust;covid19;development_or_approval;mandates_or_policy;safety_or_side_effects,True,False,True,episode_4165_clip_1,262.0,"Reports RFK Jr. ending mRNA funding, firing CDC head, and claiming US had worst COVID outcomes due to ignoring science."
4224,18,The Megyn Kelly Show,"Scientific Establishment vs Trump Over CDC, Lisa Cook Fights On, Failing City Schools: AM Update 9/2",2025-09-02T10:00:00,1,5,0.99,mixed,conspiracy_or_institutional_trust;covid19;development_or_approval;mandates_or_policy;misinformation_or_fact_checking;safety_or_side_effects,True,False,True,episode_4224_clip_1,0.0,"News update on Trump administration ending COVID mandates, firing CDC officials, and alleging myocarditis risks were known but hidden."
4243,18,The Megyn Kelly Show,"Fed Official Sues Over Firing, New Details on Bolton Probe, Newsom's Bizarre Rant: AM Update 8/29",2025-08-29T10:00:00,1,5,0.99,mixed,conspiracy_or_institutional_trust;efficacy_or_immunity;mandates_or_policy;misinformation_or_fact_checking;safety_or_side_effects,False,True,True,episode_4243_clip_1,595.0,Report on CDC director firing over vaccine policy disputes and officials resigning amid allegations of data manipulation.
5334,19,Pod Save America,Fear and Unity in Milwaukee,2024-07-17T07:00:00,1,5,0.99,mixed,childhood_schedule;mandates_or_policy;misinformation_or_fact_checking;personal_decision_or_uptake,True,False,True,episode_5334_clip_2,1400.9,
5881,2,The Joe Rogan Experience,"Fight Companion - January 20, 2024",2024-01-21T08:03:36,1,5,0.99,mixed,conspiracy_or_institutional_trust;covid19;efficacy_or_immunity;misinformation_or_fact_checking;safety_or_side_effects,True,False,True,episode_5881_clip_1,7269.5,"Speakers allege widespread vaccine injuries and deaths, claim media suppression, and cite unverified studies linking vaccines to autism."
5953,8,The MeidasTouch Podcast,Trump Has Nightmare Morning and Calls Emergency Meeting,2025-08-07T12:00:00,1,5,0.99,mixed,conspiracy_or_institutional_trust;covid19;development_or_approval;misinformation_or_fact_checking;other_vaccine;safety_or_side_effects,True,True,True,episode_5953_clip_1,663.7,RFK Jr. cut mRNA vaccine funding; experts call it dangerous. Trump claims discrimination regarding Nobel Prize.
5963,8,The MeidasTouch Podcast,Sickly Trump Gets Smothered by Bad News with No Escape,2025-08-07T09:00:00,1,5,0.99,mixed,conspiracy_or_institutional_trust;covid19;development_or_approval;misinformation_or_fact_checking;other_vaccine;safety_or_side_effects,True,True,True,episode_5963_clip_1,1.5,Trump administration cutting mRNA vaccine research funding; RFK Jr. cites risks outweighing benefits.
6517,17,The Tucker Carlson Show,Tucker Carlson Election Night LIVE From Mar-a-Lago With Special Guests,2024-11-06T21:08:00,1,5,0.99,mixed,childhood_schedule;conspiracy_or_institutional_trust;development_or_approval;mandates_or_policy;misinformation_or_fact_checking;safety_or_side_effects,True,False,True,episode_6517_clip_1,7879.5,Guest claims no vaccines underwent placebo-controlled safety trials and alleges institutional concealment of risks.
7049,17,The Tucker Carlson Show,"Alex Jones & Jack Posobiec: The Trump Bounty, Oprah & Diddy, and Why War Makes Kamala Happy",2024-09-24T17:55:00,1,5,0.99,neutral,conspiracy_or_institutional_trust;covid19;misinformation_or_fact_checking;safety_or_side_effects,True,False,True,episode_7049_clip_1,4431.8,"Jones alleges globalists put chemicals in vaccines to sterilize people and cause cancer, citing Russell."
8391,2,The Joe Rogan Experience,#1867 - Eddie Bravo,2022-09-06T17:00:00,1,5,0.99,mixed,conspiracy_or_institutional_trust;covid19;development_or_approval;mandates_or_policy;safety_or_side_effects,True,False,True,episode_8391_clip_1,3111.5,"Speakers claim pharmaceutical companies have liability immunity, hid data for 75 years, and that the government owns part of Moderna."
8998,17,The Tucker Carlson Show,Q&A Session with Jordan Peterson,2024-03-02T22:00:00,1,5,0.99,mixed,conspiracy_or_institutional_trust;misinformation_or_fact_checking;safety_or_side_effects,True,False,True,episode_8998_clip_1,2216.2,"Jordan Peterson asserts there is a connection between vaccines and autism, citing scientific evidence and claiming suppression of this truth."
10554,30,Candace,"INSANE UPDATE! Brigitte, Blake Lively, And The Globalized Press. | Ep 226",2025-08-07T22:15:00,1,5,0.99,mixed,covid19;misinformation_or_fact_checking;safety_or_side_effects,True,False,False,episode_10554_clip_1,1482.0,"Ad claims COVID vaccines caused fertility issues and egg count reduction, promoting a detox supplement to clear spike proteins."
10899,8,The MeidasTouch Podcast,"Meidas Health, Episode 3: Fluoride Fearmongering and Measles Lies",2025-04-10T01:34:00,1,5,0.99,neutral,efficacy_or_immunity;misinformation_or_fact_checking;mmr_measles;safety_or_side_effects,False,True,True,episode_10899_clip_1,119.4,Speaker fact-checks claims about measles treatments and affirms MMR vaccine safety and efficacy.
11196,30,Candace,How We Faked The Moon Landing With Bart Sibrel | Candace Ep 124,2024-12-19T20:37:10,1,5,0.99,mixed,conspiracy_or_institutional_trust;misinformation_or_fact_checking;polio;safety_or_side_effects,True,False,True,episode_11196_clip_1,4760.0,"Guest claims vaccine injury led to discovering fraudulent vaccine science, alleging intentional harm and debunking polio eradication narratives."
11221,30,Candace,I WON. “Antisemite of the Year” | Candace Ep 121,2024-12-16T23:07:41,1,5,0.99,supportive,conspiracy_or_institutional_trust;efficacy_or_immunity;mandates_or_policy;misinformation_or_fact_checking;polio;safety_or_side_effects,True,False,True,episode_11221_clip_1,1785.0,"Host endorses revoking polio vaccine approval, claims polio was not eradicated, alleges Big Pharma poisoning children, and promotes anti-vax stance."
11710,18,The Megyn Kelly Show,"Out of Touch Elites, and Oppression as a Currency, with Jesse Kelly and Amala Ekpunobi | Ep. 391",2022-09-14T19:12:39,1,5,0.99,supportive,childhood_schedule;conspiracy_or_institutional_trust;covid19;development_or_approval;mandates_or_policy;safety_or_side_effects,True,False,True,episode_11710_clip_1,1190.0,"Speakers claim boosters were tested only on mice, FDA officials take bribes, and alternative treatments were suppressed."
11934,30,Candace,Exploding Pagers In Lebanon! Is This Terrorism? | Candace Ep 67,2024-09-18T22:40:00,1,5,0.99,mixed,conspiracy_or_institutional_trust;misinformation_or_fact_checking;safety_or_side_effects,True,False,True,episode_11934_clip_1,2680.1,Host states vaccines are a lie based on an industry of deception intentionally harming children.
12169,28,REAL AF with Andy Frisella,"713. Andy & DJ CTI: Ted Cruz Clashes With CNN Host, Ex-Fauci Top Adviser Apologies Over COVID Emails & Peacock To Air ""Queer Planet""",2024-05-24T09:00:00,1,5,0.99,mixed,conspiracy_or_institutional_trust;covid19;misinformation_or_fact_checking;safety_or_side_effects,True,False,True,episode_12169_clip_1,2975.0,"Speakers allege COVID was a lie for control and money, claim vaccines cause deaths, and suggest a conspiracy to remove 'less intelligent' people."
13868,28,REAL AF with Andy Frisella,"520. Andy, Kyle Creek & DJ CTI: Driver With Nazi Flag Charged, Reparations For Black Americans & Jeffrey Epstein's Blackmail On Bill Gates",2023-05-24T09:00:00,1,5,0.99,mixed,conspiracy_or_institutional_trust;covid19;misinformation_or_fact_checking,True,False,True,episode_13868_clip_1,5130.9,Speakers allege Bill Gates was blackmailed by Epstein into promoting vaccine narratives and is still compromised.
14121,28,REAL AF with Andy Frisella,488. Part 2 - Andy & DJ CTI: BLM Received Nearly $83 Billion From Corporations,2023-03-17T09:20:00,1,5,0.99,mixed,conspiracy_or_institutional_trust;covid19;development_or_approval,True,False,True,episode_14121_clip_1,1369.5,"Alleges a billionaire promotes depopulation via vaccines, runs pandemic exercises, and manipulates global events for control."
14267,28,REAL AF with Andy Frisella,"471. Andy & DJ CTI: Security Boots Man With Jesus Saves Shirt, Twitter Execs Grilled By House GOP & America's Involvement In The Nord Stream Pipeline",2023-02-10T10:00:00,1,5,0.99,mixed,conspiracy_or_institutional_trust;covid19;mandates_or_policy;misinformation_or_fact_checking,True,False,True,episode_14267_clip_1,1785.0,"Hosts claim COVID measures were crimes against humanity and forced vaccines cause long-term harm, predicting violent backlash."
14705,28,REAL AF with Andy Frisella,"404. Q&AF: Selecting A Company With Great Culture, Mentality After Devastating Injury & Choosing Passion Over Profit",2022-10-26T09:00:00,1,5,0.99,supportive,conspiracy_or_institutional_trust;covid19;mandates_or_policy;misinformation_or_fact_checking;safety_or_side_effects,True,False,True,episode_14705_clip_1,51.2,"Claims coercion occurred, no control group exists to show damage, and calls for death penalty for leaders."
14872,8,The MeidasTouch Podcast,Fox LOSES IT BAD over Trump Campaign CRASHING,2024-10-30T23:00:00,1,5,0.99,neutral,mandates_or_policy;misinformation_or_fact_checking;other_vaccine,False,True,True,episode_14872_clip_1,775.8,"Host notes RFK Jr. believes vaccines aren't real and would control health services if Trump wins, labeling it a scary prospect."
15954,28,REAL AF with Andy Frisella,"274. Andy & DJ CTI: Brooklyn Subway Shooter, Transgender Police In UK & BLM's Mansion",2022-04-13T09:00:32,1,5,0.99,supportive,conspiracy_or_institutional_trust;covid19;misinformation_or_fact_checking;safety_or_side_effects,True,False,True,episode_15954_clip_2,2000.1,Host claims a Long COVID ad deceptively attributes vaccine side effects to Long COVID to promote vaccination.
18392,52,Matt and Shane's Secret Podcast,"Ep 564 - Cuddle Puddle (feat. James McCann, Tim Butterly, & Egan Robinson)",2025-06-18T11:00:00,1,5,0.99,mixed,conspiracy_or_institutional_trust;misinformation_or_fact_checking;other_vaccine,True,False,True,episode_18392_clip_1,1958.9,Speaker jokingly claims Bill Gates is vaccinating Africa to create an autistic army for a techno-futurist regime.
20306,52,Matt and Shane's Secret Podcast,Ep 327-Hetero Male Adoption,2020-12-09T02:07:58,1,5,0.99,mixed,conspiracy_or_institutional_trust;covid19;misinformation_or_fact_checking;safety_or_side_effects,True,False,True,episode_20306_clip_1,208.7,Alleges a CDC radio ad was a psyop and suggests the first vaccine recipient may have received salt water.
20665,52,Matt and Shane's Secret Podcast,The Scotty Defense,2020-02-04T04:16:21,1,5,0.99,mixed,conspiracy_or_institutional_trust;covid19;influenza;misinformation_or_fact_checking;safety_or_side_effects,True,False,True,episode_20665_clip_1,2397.3,
20730,8,The MeidasTouch Podcast,"Trump Instantly CRUSHED in NY Court, Fani Willis Goes GLOVES OFF",2024-02-16T13:42:00,1,5,0.99,neutral,conspiracy_or_institutional_trust;covid19;misinformation_or_fact_checking;safety_or_side_effects,False,True,True,episode_20730_clip_1,5355.0,
22922,68,Huberman Lab,"Using Stem Cells to Cure Autism, Epilepsy & Schizophrenia | Dr. Sergiu Pașca",2025-08-18T08:00:00,1,5,0.99,neutral,conspiracy_or_institutional_trust;misinformation_or_fact_checking;safety_or_side_effects,False,True,True,episode_22922_clip_1,1542.7,Speaker states there is no solid epidemiological evidence linking vaccines to autism and notes relevant papers have been retracted.
22957,59,Last Podcast On The Left,Episode 560: The Alaska Triangle,2024-01-12T22:22:11,1,5,0.99,mixed,conspiracy_or_institutional_trust;covid19;misinformation_or_fact_checking;safety_or_side_effects,False,True,True,episode_22957_clip_1,5119.5,Hosts mock conspiracy theories claiming COVID vaccines contain 5G crystals to control people or change gender via HARP.
416,2,The Joe Rogan Experience,#2372 - Garry Nolan,2025-08-28T17:00:00,1,5,0.98,mixed,covid19;development_or_approval;efficacy_or_immunity;safety_or_side_effects,True,False,True,episode_416_clip_1,1190.0,"Discussion on RNA vaccine delivery, adjuvants, spike protein production, and cost-benefit analysis of potential harm versus population benefit."
614,12,Up First from NPR,"CDC Meeting On Vaccines, Fed Rate Cuts, Kimmel Suspended",2025-09-18T09:48:44,1,5,0.98,mixed,access_or_equity;childhood_schedule;conspiracy_or_institutional_trust;covid19;mandates_or_policy;mmr_measles;safety_or_side_effects,True,True,True,episode_614_clip_1,0.0,"RFK Jr.-appointed CDC panel questions established vaccine science, potentially limiting access to COVID, Hepatitis B, and MMRV vaccines."
693,12,Up First from NPR,"Israel Strikes Qatar, ICE In Chicago, MAHA and Kids",2025-09-10T10:06:47,1,5,0.98,mixed,childhood_schedule;conspiracy_or_institutional_trust;mandates_or_policy;misinformation_or_fact_checking;safety_or_side_effects,True,True,True,episode_693_clip_1,595.0,"Report discusses RFK Jr.'s plan to study vaccine injuries and autism links, which experts call debunked pseudoscience."
739,12,Up First from NPR,"RFK Jr. Testifies Before Senate, Fed Confirmation Hearing, Harvard's Legal Victory",2025-09-04T09:35:25,1,5,0.98,mixed,childhood_schedule;conspiracy_or_institutional_trust;covid19;mandates_or_policy;misinformation_or_fact_checking,False,False,True,episode_739_clip_1,85.0,"Discussion of CDC leadership turnover, RFK Jr. replacing vaccine advisory panel, and state responses to federal vaccine policy changes."
805,2,The Joe Rogan Experience,#2351 - James McCann,2025-07-17T17:00:00,1,5,0.98,mixed,conspiracy_or_institutional_trust;covid19;efficacy_or_immunity;misinformation_or_fact_checking;safety_or_side_effects,True,False,True,episode_805_clip_1,6112.7,"Speakers debate myocarditis risks from vaccines versus infection, alleging measurement errors and loss of trust in medical establishment."
1670,12,Up First from NPR,"Gaza Food Distribution Chaos, New COVID-19 Vaccine Guidelines, Children Of ISIS",2025-05-28T10:03:46,1,5,0.98,mixed,childhood_schedule;covid19;efficacy_or_immunity;mandates_or_policy;misinformation_or_fact_checking;safety_or_side_effects,False,True,True,episode_1670_clip_2,290.7,
2234,8,The MeidasTouch Podcast,Senator Schiff Responds to Trump’s Latest Threats,2025-09-21T15:00:00,1,5,0.98,mixed,conspiracy_or_institutional_trust;misinformation_or_fact_checking;safety_or_side_effects,False,True,True,episode_2234_clip_1,1190.0,Former CDC director claims officials pressured her to make vaccine decisions based on anti-vax conspiracy theories rather than science.
2306,2,The Joe Rogan Experience,#2285 - Andrew Schulz,2025-03-06T18:00:00,1,5,0.98,mixed,conspiracy_or_institutional_trust;covid19;misinformation_or_fact_checking;mmr_measles;personal_decision_or_uptake;safety_or_side_effects,True,False,True,episode_2306_clip_1,10293.2,Speakers express parental fear of vaccine injuries and allege pharmaceutical companies prioritize profit over child safety regarding COVID and other vaccines.
2762,12,Up First from NPR,"Trump Meets CEOs At Mar-A-Lago, School Shooting In Wisconsin, Pig Kidney Transplant",2024-12-17T11:00:27,1,5,0.98,mixed,conspiracy_or_institutional_trust;mandates_or_policy;misinformation_or_fact_checking;polio;safety_or_side_effects,True,True,True,episode_2762_clip_1,151.8,Trump supports polio vaccine but leaves door open to debunked autism link and opposes mandates.
2787,2,The Joe Rogan Experience,#2258 - Steven Rinella,2025-01-16T18:00:00,1,5,0.98,mixed,conspiracy_or_institutional_trust;development_or_approval;misinformation_or_fact_checking;other_vaccine;safety_or_side_effects,True,False,True,episode_2787_clip_1,4308.7,Speakers allege liability shields caused excessive vaccination and question Hepatitis B for infants.
3501,2,The Joe Rogan Experience,#2238 - John McPhee,2024-12-04T18:00:00,1,5,0.98,supportive,conspiracy_or_institutional_trust;covid19;efficacy_or_immunity;safety_or_side_effects,True,False,True,episode_3501_clip_1,3297.3,Speaker claims vaccine mandates for athletes caused heart attacks and argues elite athletes faced negligible COVID risk.
3933,18,The Megyn Kelly Show,"Trump's Major Deal with Pfizer, GOP vs Dems on Crime, YouTube Settles with Trump: AM Update 10/1",2025-10-01T10:00:00,1,5,0.98,mixed,conspiracy_or_institutional_trust;covid19;efficacy_or_immunity;misinformation_or_fact_checking;safety_or_side_effects,True,False,True,episode_3933_clip_2,210.8,"Discusses Pfizer's negative reputation, alleged side effect concealment, false efficacy claims, and historical felony convictions."
4041,8,The MeidasTouch Podcast,Sickly Trump Beaten to a Pulp as Newsom Makes Him Suffer,2025-09-04T21:00:00,1,5,0.98,mixed,childhood_schedule;conspiracy_or_institutional_trust;mandates_or_policy;misinformation_or_fact_checking;mmr_measles;polio,True,True,True,episode_4041_clip_1,595.0,"Host criticizes Florida's removal of vaccine mandates and RFK Jr.'s claims, while playing clips of Dr. Oz opposing mandates and discussing the Vaccines for Children program."
4071,19,Pod Save America,Trump's Epstein Doodle Grosser than Expected,2025-09-09T07:05:00,1,5,0.98,mixed,conspiracy_or_institutional_trust;efficacy_or_immunity;mandates_or_policy;misinformation_or_fact_checking;mmr_measles;personal_decision_or_uptake;polio;safety_or_side_effects,True,True,True,episode_4071_clip_1,5597.6,"Speaker discusses measles cases, RFK Jr. gutting CDC, Florida ending mandates, and fears of polio return due to misinformation."
4875,19,Pod Save America,"Matt Gaetz: Venmo Money, Venmo Problems",2024-11-20T21:47:53,1,5,0.98,critical,conspiracy_or_institutional_trust;covid19;mandates_or_policy;misinformation_or_fact_checking;mmr_measles,False,True,True,episode_4875_clip_1,866.5,
5267,17,The Tucker Carlson Show,"Alex Jones: Trump, Israel, Secret WW3 Plans, Dire Wolf Resurrection, Infowars Reporter Assassination",2025-04-09T22:20:00,1,5,0.98,critical,conspiracy_or_institutional_trust;covid19;development_or_approval;misinformation_or_fact_checking,True,False,True,episode_5267_clip_1,698.1,Claims COVID was a planned bio-attack and the mRNA shot part of a global control scheme involving vaccine IDs.
5279,18,The Megyn Kelly Show,"First American Pope, Bidens Defensive on The View, Casey Means as Surgeon General: AM Update 5/9",2025-05-09T10:00:00,1,5,0.98,mixed,conspiracy_or_institutional_trust;covid19;mandates_or_policy;misinformation_or_fact_checking;safety_or_side_effects,True,False,True,episode_5279_clip_1,595.0,Critique of HHS priorities focusing on vaccines over chronic disease; includes allegations of deception and 'Manchurian assets'.
5289,18,The Megyn Kelly Show,"Trump Declares Victory Over Houthis, Biden's Media Tour, US Spying on Greenland: AM Update 5/8",2025-05-08T10:00:00,1,5,0.98,mixed,covid19;mandates_or_policy;personal_decision_or_uptake;safety_or_side_effects,True,False,True,episode_5289_clip_1,628.7,Criticizes a former nominee for supporting child vaccination and masking while allegedly downplaying myocarditis risks.
5544,18,The Megyn Kelly Show,"Ballerina Home from Russian Prison, RFK Autism Announcement, Shower Exec Order: AM Update 4/11",2025-04-11T10:00:00,1,5,0.98,mixed,covid19;misinformation_or_fact_checking;safety_or_side_effects,True,True,True,episode_5544_clip_1,324.4,"RFK Jr. claims cause of autism epidemic will be found by September, possibly linked to a shot."
5576,18,The Megyn Kelly Show,"Trump Wins at Supreme Court, Tariffs Market Madness, Truth About RFK and Measles: AM Update 4/8",2025-04-08T10:00:00,1,5,0.98,neutral,mandates_or_policy;misinformation_or_fact_checking;mmr_measles;personal_decision_or_uptake,False,True,True,episode_5576_clip_1,722.0,RFK Jr. states MMR vaccine is most effective way to prevent measles spread during Texas outbreak affecting unvaccinated Mennonite community.
5662,2,The Joe Rogan Experience,#2104 - Chris Williamson,2024-02-16T18:00:00,1,5,0.98,mixed,covid19;efficacy_or_immunity;misinformation_or_fact_checking;safety_or_side_effects,True,False,True,episode_5662_clip_1,10362.7,Speaker cites a statistic claiming 75% of COVID deaths occurred in vaccinated people with comorbidities.
5684,19,Pod Save America,Donald Trump: Bible Salesman,2024-03-27T22:14:14,1,5,0.98,mixed,conspiracy_or_institutional_trust;covid19;efficacy_or_immunity;misinformation_or_fact_checking;personal_decision_or_uptake;safety_or_side_effects,False,True,True,episode_5684_clip_1,3122.7,"Discusses RFK Jr.'s anti-vax history, conspiracy theories, and a documentary alleged to undermine vaccine trust in the Black community."
7163,2,The Joe Rogan Experience,#1972 - Jim Breuer,2023-04-20T17:00:00,1,5,0.98,mixed,conspiracy_or_institutional_trust;covid19;efficacy_or_immunity;misinformation_or_fact_checking;safety_or_side_effects,True,False,True,episode_7163_clip_1,1335.4,"Speaker alleges vaccine narratives were lies, cites anecdotes of breakthrough infections and blood clots, and defends ivermectin while claiming coordinated suppression of alternatives."
7608,19,Pod Save America,“The Weakest Strongman.”,2020-08-31T21:18:29,1,5,0.98,mixed,covid19;development_or_approval;efficacy_or_immunity;mandates_or_policy;misinformation_or_fact_checking;safety_or_side_effects,False,True,True,episode_7608_clip_2,2380.0,Discussion alleges political pressure to rush vaccine authorization before safety trials are complete to aid election prospects.
7785,17,The Tucker Carlson Show,Dr. Ben Carson: The Left’s Cringing Worship of Kamala Harris,2024-07-25T17:15:00,1,5,0.98,supportive,conspiracy_or_institutional_trust;covid19;efficacy_or_immunity;mandates_or_policy;misinformation_or_fact_checking;safety_or_side_effects,True,True,True,episode_7785_clip_1,5355.0,"Guest claims mandates caused job losses, alternative treatments were effective but suppressed, and vaccine risks were hidden."
8500,18,The Megyn Kelly Show,"Former President Donald Trump on Biden's Impeachment and Age, Fauci and COVID, and Melania and Barron, Plus, Victor Davis Hanson | Ep. 627",2023-09-14T18:57:01,1,5,0.98,mixed,covid19;development_or_approval;efficacy_or_immunity;mandates_or_policy;safety_or_side_effects,True,False,True,episode_8500_clip_1,1520.2,"Trump states vaccines were rushed and caused injuries, though acknowledges some credit from Democrats for saving lives."
8617,18,The Megyn Kelly Show,"Menopause, Libido, and Childbirth: Deep Dive on Women's Sexual Health, with Dr. Mary Jane Minkin | Ep. 609",2023-08-16T19:31:09,1,5,0.98,neutral,childhood_schedule;efficacy_or_immunity;hpv;safety_or_side_effects,False,True,False,episode_8617_clip_1,3827.3,"Doctor strongly recommends HPV vaccine for children, citing safety, lack of serious side effects, and significant reduction in cervical cancer rates."
8649,18,The Megyn Kelly Show,"NBC's Failed Abortion Fact-Check, and Biden's Gold Star Family Betrayal, with Rich Lowry and Michael Brendan Dougherty | Ep. 603",2023-08-08T18:54:37,1,5,0.98,mixed,conspiracy_or_institutional_trust;covid19;development_or_approval;misinformation_or_fact_checking,True,False,True,episode_8649_clip_1,5108.1,
9313,17,The Tucker Carlson Show,Seth Dillon,2023-12-19T00:00:00,1,5,0.98,mixed,conspiracy_or_institutional_trust;misinformation_or_fact_checking;safety_or_side_effects,True,False,True,episode_9313_clip_1,0.0,Host and guest highlight a satire piece becoming reality where experts deny vaccines cause rising deaths.
10531,8,The MeidasTouch Podcast,Very Fatigued Trump Loses His Mind in Worst Interview,2025-04-30T16:00:00,1,5,0.98,mixed,mandates_or_policy;mmr_measles;personal_decision_or_uptake,False,False,True,episode_10531_clip_1,622.2,"Clip features Trump deferring measles vaccine decisions to governors but personally recommending vaccination, while denying mandates."
10875,2,The Joe Rogan Experience,Hello Friends,2022-01-31T04:17:09,1,5,0.98,mixed,covid19;development_or_approval;efficacy_or_immunity;misinformation_or_fact_checking,False,True,True,episode_10875_clip_1,43.4,"Rogan defends hosting guests with dissenting vaccine views, citing changing narratives on transmission and masks."
10914,28,REAL AF with Andy Frisella,"852. Andy & DJ CTI: Massive Cyberattack On X, Van Jones On Democrats Apocalypse & Former CDC Boss Reveals Cover-Up",2025-03-11T09:00:00,1,5,0.98,supportive,conspiracy_or_institutional_trust;covid19;misinformation_or_fact_checking,True,False,True,episode_10914_clip_1,4799.5,Speakers allege COVID was intentionally released during military games and the vaccine response was part of a globalist plot.
11010,30,Candace,EXCLUSIVE: Blake & Ryan’s Desperate Legal Strategy Exposed! | Candace Ep 147,2025-02-14T22:28:00,1,5,0.98,critical,childhood_schedule;conspiracy_or_institutional_trust;hpv;personal_decision_or_uptake;safety_or_side_effects,True,False,True,episode_11010_clip_2,1814.9,"Host shares personal seizure after Gardasil, claims vaccine injury, and promotes anti-vaccine series."
11142,30,Candace,I Respond To Mr. And Mr. Macron | Candace Ep 131,2025-01-13T22:42:00,1,5,0.98,critical,conspiracy_or_institutional_trust;covid19;efficacy_or_immunity;misinformation_or_fact_checking;safety_or_side_effects,True,False,True,episode_11142_clip_1,1785.0,"Speaker claims vaccines caused serious injuries like paralysis and myocarditis, and that censorship hid these facts."
11761,18,The Megyn Kelly Show,"James O'Keefe on His Latest Bombshell Videos, and Larry Elder on His Powerful Film ""Uncle Tom II"" | Ep. 386",2022-09-07T19:17:38,1,5,0.98,mixed,covid19;efficacy_or_immunity;influenza;mandates_or_policy;misinformation_or_fact_checking;personal_decision_or_uptake,True,False,True,episode_11761_clip_1,4400.6,Critique of school vaccine mandates and mask policies; assertion that natural immunity exceeds vaccine efficacy based on recent studies.
11883,2,The Joe Rogan Experience,#1709 - Amanda Knox,2021-09-21T17:00:00,1,5,0.98,mixed,covid19;development_or_approval;efficacy_or_immunity;misinformation_or_fact_checking;safety_or_side_effects,True,False,True,episode_11883_clip_1,3653.6,Claims natural infection provides superior immunity to vaccines and describes mRNA vaccines as gene therapy.
12179,8,The MeidasTouch Podcast,Trump Throws Tantrum as Bad News Grows,2025-02-27T10:00:00,1,5,0.98,mixed,misinformation_or_fact_checking;mmr_measles;personal_decision_or_uptake;safety_or_side_effects,True,True,True,episode_12179_clip_1,387.9,"RFK Jr. describes a measles outbreak as normal despite deaths, while the host notes the outbreak is due to low vaccination rates."
12184,8,The MeidasTouch Podcast,Trump’s First Cabinet Meeting Plunges Into Disaster,2025-02-27T01:00:00,1,5,0.98,mixed,misinformation_or_fact_checking;mmr_measles;personal_decision_or_uptake;safety_or_side_effects,True,True,True,episode_12184_clip_1,688.4,RFK Jr. calls measles outbreaks normal; host counters that low vaccination caused a deadly outbreak and cites RFK's past misinformation.
12580,30,Candace,Why I Left This Religion | Candace Ep 16,2024-07-01T20:00:00,1,5,0.98,supportive,childhood_schedule;conspiracy_or_institutional_trust;personal_decision_or_uptake;safety_or_side_effects,True,False,True,episode_12580_clip_1,378.4,"Speaker refused childhood vaccines, calling them sacrifices to a false science deity, and claims her unvaccinated children are the healthiest."
12625,30,Candace,More SHOCKING Revelations About 9/11 | Candace Ep 12,2024-06-25T20:00:00,1,5,0.98,supportive,conspiracy_or_institutional_trust;covid19;misinformation_or_fact_checking;personal_decision_or_uptake,True,False,True,episode_12625_clip_1,2010.4,"Speaker proudly identifies as anti-vax, claims vaccines are propaganda, and states they do not vaccinate their children."
12840,28,REAL AF with Andy Frisella,"630. Andy & DJ CTI: GOP Lawmakers Confront Hunter Biden, NYC Schools Accommodating Migrants Kids & Fauci's Social Distancing Not Based On Science",2024-01-12T10:00:00,1,5,0.98,mixed,conspiracy_or_institutional_trust;covid19;misinformation_or_fact_checking;safety_or_side_effects,True,False,True,episode_12840_clip_1,2542.0,Speakers falsely claim 17 million vaccine deaths globally and predict mass sickness or death for the vaccinated.
14251,18,The Megyn Kelly Show,"Rebellion Against Wokeism, the Loss of Patriotism, and the Vaccine Push with Peter Boghossian, Janice Dean, and Adam Carolla | Ep. 158",2021-09-13T19:57:49,1,5,0.98,mixed,conspiracy_or_institutional_trust;covid19;efficacy_or_immunity;mandates_or_policy;misinformation_or_fact_checking,True,False,True,episode_14251_clip_2,4340.5,
14446,28,REAL AF with Andy Frisella,"444. Andy & DJ CTI: Responding To Twitter Files, Sam Bankman-Fried $250M Bond & Zelensky's Day In Washington",2022-12-23T10:00:00,1,5,0.98,mixed,conspiracy_or_institutional_trust;covid19;mandates_or_policy;misinformation_or_fact_checking;safety_or_side_effects,True,False,True,episode_14446_clip_2,1370.4,"Speakers allege vaccines cause infertility and death, calling the rollout 'crimes against humanity' and predicting a manufactured future pandemic."
14462,28,REAL AF with Andy Frisella,"441. Q&AF: Military Mandate Dropped, Investing In A Franchise & Educating Yourself On Business",2022-12-19T10:00:00,1,5,0.98,mixed,conspiracy_or_institutional_trust;covid19;mandates_or_policy;personal_decision_or_uptake,True,False,True,episode_14462_clip_1,329.5,"Host advises a military member fired for refusing the vaccine to return, claiming dissenters were targeted to ensure compliance."
14815,2,The Joe Rogan Experience,#1519 - Mike Baker,2020-08-04T00:00:00,1,5,0.98,mixed,conspiracy_or_institutional_trust;covid19;efficacy_or_immunity;misinformation_or_fact_checking;safety_or_side_effects,True,True,False,episode_14815_clip_1,492.7,"Speakers discuss a doctor claiming alien DNA in vaccines and spirits causing impotence, labeling her claims as false."
14849,28,REAL AF with Andy Frisella,"384. Andy & DJ CTI: Spanish Minister Calls Paedophilia A Right, U.S. Gives Ukraine $457 Million For Law Enforcement & Voting Democrat To Prevent Hurricanes",2022-09-28T09:00:00,1,5,0.98,supportive,conspiracy_or_institutional_trust;covid19;misinformation_or_fact_checking;safety_or_side_effects,True,False,True,episode_14849_clip_1,3105.3,"Host cites myocarditis ads, blood clots, and sudden deaths as evidence of a crime against humanity, noting low booster uptake."
14982,28,REAL AF with Andy Frisella,"374. Andy & DJ CTI: Jail Time In Switzerland If You Heat Your Home Above 66 Degrees, Artificial Sweeteners Blamed For Heart Disease Risk & Pride Festival Loses Sponsor Over ‘Drag Kids’ Performance",2022-09-10T09:00:47,1,5,0.98,supportive,conspiracy_or_institutional_trust;covid19;misinformation_or_fact_checking;safety_or_side_effects,True,False,True,episode_14982_clip_1,1894.8,"Speakers allege vaccines cause sudden adult death and blood clots, claiming agencies cover this up while blaming other factors."
15823,28,REAL AF with Andy Frisella,"290. Andy & DJ CTI: Companies Cover Abortion Travel Cost, Clarence Thomas Hits Back & Biden's Disinformation Board",2022-05-10T09:00:20,1,5,0.98,mixed,conspiracy_or_institutional_trust;covid19;misinformation_or_fact_checking;safety_or_side_effects,True,False,True,episode_15823_clip_1,2508.1,
16279,28,REAL AF with Andy Frisella,"226. Andy & DJ CTI: Lia Thomas' Unfair Advantage, Chris Cuomo Hush Money & Shaq Against Mandate",2022-02-05T10:00:22,1,5,0.98,supportive,conspiracy_or_institutional_trust;covid19;mandates_or_policy;misinformation_or_fact_checking,True,False,True,episode_16279_clip_1,2016.1,Hosts claim lockdowns were an intentional conspiracy to destroy lives and praise Shaq for opposing mandates.
17743,48,We're Out of Time,"Understanding Autism Spectrum Disorder: Early Signs, Myths & Mental Health with Dr. Myah Gittelson",2025-09-09T18:50:00,1,5,0.98,neutral,misinformation_or_fact_checking;safety_or_side_effects,False,True,False,episode_17743_clip_1,8.4,"States that the link between vaccines and autism has been debunked, with 90% of autism cases linked to genetics instead."
21206,53,The Diary Of A CEO with Steven Bartlett,"WARNING By Sam Harris: ChatGPT Could Be The Start Of The End. AI ""Could Destroy Us, The Internet And Democracy""",2023-08-07T05:00:00,1,5,0.98,neutral,covid19;misinformation_or_fact_checking;safety_or_side_effects,True,False,False,episode_21206_clip_1,1596.3,Discusses AI's potential to generate convincing fake studies claiming mRNA vaccines cause cancer.
22582,53,The Diary Of A CEO with Steven Bartlett,Jordan Peterson: How To Become The Person You’ve Always Wanted To Be,2022-01-03T04:00:00,1,5,0.98,mixed,childhood_schedule;conspiracy_or_institutional_trust;covid19;efficacy_or_immunity;safety_or_side_effects,True,False,True,episode_22582_clip_1,2446.0,"Peterson questions pharmaceutical motives, mask efficacy, and asserts no scientific justification for vaccinating children under 12."
3380,12,Up First from NPR,"BONUS: Biden's Speech At White House, Trump's Victory, Administration Transition",2024-11-07T20:10:11,1,5,0.97,mixed,covid19;efficacy_or_immunity;misinformation_or_fact_checking;safety_or_side_effects,True,True,True,episode_3380_clip_1,654.3,Report discusses RFK Jr.'s claims about vaccine safety deficits and his history of promoting debunked autism links.
5743,8,The MeidasTouch Podcast,Trump Has Nightmare Sunday as Protests Shock Him,2025-08-11T12:00:00,1,5,0.97,mixed,conspiracy_or_institutional_trust;covid19;mandates_or_policy;misinformation_or_fact_checking,True,True,True,episode_5743_clip_1,308.6,"Host links CDC shooting to anti-vax rhetoric, claims RFK Jr. canceled mRNA funding that saved lives."
11362,30,Candace,CIA Whistleblower Returns: What Is America Doing In The Middle East? | Candace Ep 113,2024-12-03T21:00:00,1,5,0.97,mixed,conspiracy_or_institutional_trust;development_or_approval;misinformation_or_fact_checking,True,False,True,episode_11362_clip_1,1951.0,"Quotes Gaddafi claiming companies produce viruses to sell vaccinations, presented as a conspiracy example."
11890,18,The Megyn Kelly Show,"Trump Raid's 1/6 Connection, and Building Mental Toughness, with Andy Frisella and Charles C.W. Cooke | Ep. 374",2022-08-16T19:09:59,1,5,0.97,mixed,conspiracy_or_institutional_trust;covid19;efficacy_or_immunity;mandates_or_policy,True,False,True,episode_11890_clip_1,1633.7,"Argues Fauci destroyed trust in science and that his policies led to deaths, despite CDC's late recognition of natural immunity."
12310,28,REAL AF with Andy Frisella,"694. Andy & DJ CTI: Trump 'Coup'?, Yale Police Arrest 47 Students & Kamala Harris Attacks Tennessee Bill Allowing Teachers To Be Strapped",2024-04-26T09:00:00,1,5,0.97,mixed,conspiracy_or_institutional_trust;covid19;efficacy_or_immunity;mandates_or_policy;misinformation_or_fact_checking;safety_or_side_effects,True,False,True,episode_12310_clip_1,1357.4,"Speakers allege crimes against humanity via forced unproven vaccines, claim myocarditis and death rates surged, and suggest Trump's vaccine differed from Biden's."
15804,8,The MeidasTouch Podcast,Trump Gets ABANDONED by HIS Voters at LAST MINUTE,2024-09-22T09:00:00,1,5,0.97,mixed,childhood_schedule;conspiracy_or_institutional_trust;mandates_or_policy;misinformation_or_fact_checking,False,True,True,episode_15804_clip_1,154.1,Physician cites Trump's anti-vax stance and opposition to school mandates as reason for switching support to Harris.
1970,2,The Joe Rogan Experience,#2299 - Dave Smith,2025-04-03T17:00:00,1,5,0.96,mixed,conspiracy_or_institutional_trust;covid19;efficacy_or_immunity;mandates_or_policy;safety_or_side_effects,True,False,True,episode_1970_clip_1,6697.0,"Speakers argue COVID vaccines were risky, unnecessary for children, and that skeptics were correct, while criticizing mandates."
5382,18,The Megyn Kelly Show,"Tucker Carlson on Michelle Obama, Newsom and AOC, and Fentanyl Crisis in America, with Billy Baldwin and Dr. Robert Marbut | Ep. 1060",2025-04-29T19:46:20,1,5,0.96,mixed,childhood_schedule;covid19;hpv;misinformation_or_fact_checking;personal_decision_or_uptake;safety_or_side_effects,True,False,True,episode_5382_clip_1,4760.0,"Speakers express desire to alter childhood vaccine schedules, cite myocarditis risks in boys, and admit to extreme medical avoidance."
6987,2,The Joe Rogan Experience,JRE MMA Show #139 with Bas Rutten,2023-05-23T17:00:00,1,5,0.96,mixed,conspiracy_or_institutional_trust;covid19;misinformation_or_fact_checking;safety_or_side_effects,True,False,False,episode_6987_clip_1,5731.2,"Speakers claim healthy people were lied to about COVID risks, ventilators caused deaths, and one used ivermectin successfully."
7419,2,The Joe Rogan Experience,#1950 - Derek Wolfe,2023-03-03T18:00:00,1,5,0.96,mixed,conspiracy_or_institutional_trust;covid19;development_or_approval;misinformation_or_fact_checking,True,False,True,episode_7419_clip_1,8340.4,Speakers allege slow admission of lab leak theory and imply pharmaceutical sponsorship influences media narratives.
7445,17,The Tucker Carlson Show,"Mike Benz: The Real Reason for Pavel Durov’s Arrest, and the Deep State’s Plan to Control Our Speech",2024-08-28T23:00:00,1,5,0.96,mixed,conspiracy_or_institutional_trust;covid19;efficacy_or_immunity;misinformation_or_fact_checking;safety_or_side_effects,True,False,True,episode_7445_clip_1,3285.2,
12084,30,Candace,What Really Happened To Michael Jackson? | Candace Ep 55,2024-08-29T21:40:00,1,5,0.96,supportive,conspiracy_or_institutional_trust;misinformation_or_fact_checking;polio;safety_or_side_effects,True,False,True,episode_12084_clip_1,2517.6,"Speaker expresses extreme distrust in polio vaccines in Gaza, claiming children need sanitation more than inoculation and refusing the vaccine personally."
14191,8,The MeidasTouch Podcast,YIKES! ALL Trump Top Picks CAUGHT Deleting THEIR POSTS,2024-12-04T20:00:00,1,5,0.96,mixed,childhood_schedule;conspiracy_or_institutional_trust;misinformation_or_fact_checking;safety_or_side_effects,True,True,True,episode_14191_clip_1,109.7,Host cites deleted RFK Jr. posts claiming childhood vaccines cause chronic sickness rather than health.
16385,2,The Joe Rogan Experience,JRE MMA Show #88 with Frankie Edgar,2020-01-28T00:00:00,1,5,0.96,mixed,conspiracy_or_institutional_trust;efficacy_or_immunity;influenza;other_vaccine;safety_or_side_effects,True,False,False,episode_16385_clip_1,4193.4,Speaker recounts wife's Bell's palsy after flu shot and discusses Lyme disease vaccine causing infection and biowarfare theories.
20416,52,Matt and Shane's Secret Podcast,Ep 311- U.S.A. 2.0,2020-08-25T00:18:48,1,5,0.96,mixed,access_or_equity;conspiracy_or_institutional_trust;development_or_approval;safety_or_side_effects,True,False,True,episode_20416_clip_1,1808.7,"Speakers allege vaccines were tested on poor populations causing death, discuss viral patents, and question pharmaceutical motives."
1434,2,The Joe Rogan Experience,#2322 - Rebecca Lemov,2025-05-15T17:00:00,1,5,0.95,mixed,conspiracy_or_institutional_trust;covid19;efficacy_or_immunity;misinformation_or_fact_checking;safety_or_side_effects,True,False,True,episode_1434_clip_1,5950.0,"Speaker recounts finding a story linking mRNA vaccine to stroke via DuckDuckGo, alleges side effects were censored as 'malinformation', and claims vaccines were less effective than stated."
2368,2,The Joe Rogan Experience,#2281 - Elon Musk,2025-02-28T18:00:00,1,5,0.95,supportive,childhood_schedule;conspiracy_or_institutional_trust;covid19;misinformation_or_fact_checking;safety_or_side_effects,True,False,True,episode_2368_clip_1,11305.0,"Speakers criticize new COVID vaccine trials for children, allege immune system overload from multiple vaccines, and claim media corruption by pharma."
2546,8,The MeidasTouch Podcast,Trump Has Disaster Morning as He Makes Fool of Himself in UK,2025-09-17T23:30:00,1,5,0.95,mixed,childhood_schedule;mandates_or_policy;misinformation_or_fact_checking;safety_or_side_effects,False,True,True,episode_2546_clip_1,769.6,Former CDC officials testify RFK Jr. proposed changing vaccine schedules without scientific evidence or data.
3638,2,The Joe Rogan Experience,#2230 - Evan Hafer,2024-11-15T18:00:00,1,5,0.95,mixed,conspiracy_or_institutional_trust;covid19;safety_or_side_effects,True,False,True,episode_3638_clip_1,5355.0,Speaker claims pharmaceutical companies suppressed remedies and ignored myocarditis cases to profit from COVID vaccines.
3821,16,The Charlie Kirk Show,Russell Brand's Journey to Christ,2025-08-06T04:10:00,1,5,0.95,mixed,conspiracy_or_institutional_trust;covid19;efficacy_or_immunity;misinformation_or_fact_checking;personal_decision_or_uptake;safety_or_side_effects,True,False,True,episode_3821_clip_1,1215.2,"Speaker claims COVID vaccines lacked trials, were tested on few mice, and alleges government deception; states personal refusal due to anti-authority stance."
4003,18,The Megyn Kelly Show,"Trump's Bombshell Autism Announcement, Kimmel Is Already Back, Kamala Book Backlash: AM Update 9/23",2025-09-23T10:00:00,1,5,0.95,mixed,childhood_schedule;conspiracy_or_institutional_trust;misinformation_or_fact_checking;mmr_measles;safety_or_side_effects,True,False,True,episode_4003_clip_1,250.7,"Reports claims that splitting MMR vaccines and delaying Hep B prevents autism, alleging prior research suppression."
4342,18,The Megyn Kelly Show,"Rep. Marjorie Taylor Greene on Secrets of DC, the Israel Lobby, Jasmine Crockett, and the Future of MAGA",2025-08-19T18:17:35,1,5,0.95,mixed,conspiracy_or_institutional_trust;covid19;misinformation_or_fact_checking;safety_or_side_effects,True,False,True,episode_4342_clip_1,4188.0,"Speaker alleges people died from vaccines, claims Fauci caused the pandemic, lied under oath, and censored doctors promoting focused protection."
5111,18,The Megyn Kelly Show,"Trump vs. Newsom Over Female Sports, New COVID Vax Guidance, Diddy Trial Fireworks: AM Update 5/28",2025-05-28T10:00:00,1,5,0.95,mixed,childhood_schedule;covid19;efficacy_or_immunity;mandates_or_policy;misinformation_or_fact_checking;safety_or_side_effects,True,False,True,episode_5111_clip_2,375.1,"Reports removal of COVID vaccine from schedule for healthy kids, citing lack of data and safety concerns."
5575,2,The Joe Rogan Experience,#2111 - Katt Williams,2024-02-29T18:00:00,1,5,0.95,mixed,conspiracy_or_institutional_trust;misinformation_or_fact_checking,True,False,True,episode_5575_clip_1,711.1,Speaker alleges a shadow government plans to use vaccines to mitigate overpopulation by getting rid of people.
6036,18,The Megyn Kelly Show,"RFK and Tulsi Coast Toward Confirmation, and Trump's Legal Fights Ahead, with Dave Aronberg, Mike Davis, and Sean Stone | Ep. 999",2025-02-04T21:07:54,1,5,0.95,mixed,hpv;misinformation_or_fact_checking;mmr_measles;personal_decision_or_uptake;safety_or_side_effects,True,False,True,episode_6036_clip_1,11.1,"Speaker defends debating vaccine safety, cites personal HPV skepticism, and questions rising autism rates linked to vaccines."
6037,2,The Joe Rogan Experience,#2079 - Brigham Buhler,2023-12-27T18:00:00,1,5,0.95,mixed,conspiracy_or_institutional_trust;covid19;efficacy_or_immunity;safety_or_side_effects,True,False,True,episode_6037_clip_1,1525.6,Speaker claims media hides vaccine adverse events and cites studies suggesting increased hospitalization risk for multiply vaccinated elderly.
6055,17,The Tucker Carlson Show,"Ned Ryun on Who’s Planning to Sabotage Trump From Within, Is DOGE Too Ambitious, & the FBI’s Future",2025-01-08T19:10:00,1,5,0.95,mixed,conspiracy_or_institutional_trust;covid19;misinformation_or_fact_checking;safety_or_side_effects,True,False,True,episode_6055_clip_1,5442.8,Claims COVID restrictions and vaccine mandates were based on lies; argues CDC/NIH are politicized and untrustworthy regarding vaccine safety.
6057,2,The Joe Rogan Experience,JRE MMA Show #151 with Bo Nickal,2023-12-21T18:00:00,1,5,0.95,mixed,conspiracy_or_institutional_trust;covid19;influenza;mandates_or_policy;personal_decision_or_uptake;safety_or_side_effects,True,False,True,episode_6057_clip_1,5523.9,"Speakers allege vaccines lack rigorous testing, have dangerous side effects, and that manufacturers face no legal repercussions, citing Vioxx as a parallel."
6489,18,The Megyn Kelly Show,"Trump's Fascinating Rogan Appearance, Michelle Obama's Shame Tactics, and Why Actor Zachary Levi Endorsed Trump | Ep. 928",2024-10-28T19:36:37,1,5,0.95,critical,conspiracy_or_institutional_trust;covid19;efficacy_or_immunity;misinformation_or_fact_checking,True,False,True,episode_6489_clip_1,5686.9,"Speaker asserts official claims that vaccines prevent infection, transmission, severe illness, and death were all proven false."
6502,2,The Joe Rogan Experience,"Fight Companion - September 9, 2023",2023-09-10T06:42:21,1,5,0.95,critical,conspiracy_or_institutional_trust;covid19;misinformation_or_fact_checking;safety_or_side_effects,True,True,True,episode_6502_clip_1,3132.0,Discussion on whether Marburg virus is in vaccines and how absurd theories distract from real side effects.
6754,18,The Megyn Kelly Show,"Trump vs. Harris AND the Moderators in Biased ABC Debate, with Jashinsky, Lowry, Halperin, Hogan, Spicer, and Bolling | Ep. 884",2024-09-11T05:23:33,1,5,0.95,mixed,covid19;misinformation_or_fact_checking;safety_or_side_effects,True,False,True,episode_6754_clip_1,2085.6,Speaker alleges Pfizer boosters cause fatal myocarditis and heart scarring in young men who did not need the shot.
7747,18,The Megyn Kelly Show,"Radical Trans Ideology Hurting Kids and Female Athletes, with April Hutchinson, Robby Starbuck, Isabelle Ayala, and Jordan Campbell | Ep. 741",2024-03-07T19:00:00,1,5,0.95,mixed,covid19;mandates_or_policy;misinformation_or_fact_checking;safety_or_side_effects,True,False,True,episode_7747_clip_1,4165.0,Speaker criticizes pediatric guidelines for allegedly failing to warn about myocarditis risks in minors receiving COVID vaccines.
8781,18,The Megyn Kelly Show,"Explosive New Biden Corruption Allegations, Disney's Woke Implosion, and White House Cocaine Update, with Charlie Kirk | Ep. 582",2023-07-06T18:00:00,1,5,0.95,mixed,conspiracy_or_institutional_trust;covid19;mandates_or_policy;misinformation_or_fact_checking,False,False,True,episode_8781_clip_1,3587.0,Allegations that the White House pressured social media companies to censor anti-vaccine content and specific figures like RFK Jr.
8916,28,REAL AF with Andy Frisella,"949. Andy, Chad Robichaux & DJ CTI: Trump Tells The Post He’ll Visit The Middle East, Candace Owens On Charlie Kirk's Last Messages & Trump Considers Invoking Insurrection Act",2025-10-10T09:00:00,1,5,0.95,mixed,conspiracy_or_institutional_trust;misinformation_or_fact_checking,True,False,False,episode_8916_clip_1,7475.4,
9183,8,The MeidasTouch Podcast,MeidasTouch Full Podcast - 5/16/25,2025-05-16T09:00:00,1,5,0.95,mixed,conspiracy_or_institutional_trust;misinformation_or_fact_checking;mmr_measles,False,True,True,episode_9183_clip_1,2389.2,Host highlights RFK Jr.'s refusal to endorse measles vaccination for his own child while leading HHS during an outbreak.
10461,30,Candace,BREAKING NEWS: FBI Pressuring Utah To Close The Charlie Kirk Case | Candace Ep 242,2025-09-24T22:38:00,1,5,0.95,supportive,efficacy_or_immunity;influenza;misinformation_or_fact_checking;safety_or_side_effects,True,False,True,episode_10461_clip_1,1604.8,"The speaker claims flu shots are only moderately effective, cause injuries, and promotes an alternative kit with ivermectin and hydroxychloroquine."
10473,30,Candace,Who Moved The Camera Right Above Charlie's Head? | Candace Ep 239,2025-09-20T00:09:00,1,5,0.95,supportive,efficacy_or_immunity;influenza;misinformation_or_fact_checking;safety_or_side_effects,True,False,True,episode_10473_clip_1,1283.8,"Speaker celebrates low flu shot rates, claims moderate efficacy, cites vaccine injuries, and promotes an alternative medication kit."
10628,30,Candace,BREAKING NEWS! Brigitte Macron Sends Italian Police To Xavier Poussard! | Candace Ep 216,2025-07-15T21:50:00,1,5,0.95,supportive,conspiracy_or_institutional_trust;development_or_approval;safety_or_side_effects,True,False,True,episode_10628_clip_1,1483.5,The host claims Bill Gates uses vaccines and food additives to poison the population and conduct experiments on humans.
10632,28,REAL AF with Andy Frisella,"873. Andy & DJ CTI: Trump's Blue Suit At Pope's Funeral, Huge Power Outage Strikes Spain, Portugal And France & Virginia Giuffre Suicide",2025-04-29T09:00:00,1,5,0.95,supportive,conspiracy_or_institutional_trust;misinformation_or_fact_checking;safety_or_side_effects,True,False,True,episode_10632_clip_1,4802.8,"Speakers allege vaccines were a depopulation tool that accelerated myocarditis, cancer, and overall mortality rates."
10639,30,Candace,BREAKING NEWS: Brigitte Macron Loses In Court! (It’s A Dude.) | Candace Ep 214,2025-07-10T22:28:00,1,5,0.95,supportive,efficacy_or_immunity;misinformation_or_fact_checking;safety_or_side_effects,True,False,True,episode_10639_clip_1,1785.0,"An ad claims COVID vaccines reduce egg count by 60% and cause infertility, promoting a detox supplement as a solution."
10941,30,Candace,Harvey Speaks: Jessica Mann & The Five Year Affair | Ep 3,2025-03-10T21:46:00,1,5,0.95,mixed,childhood_schedule;conspiracy_or_institutional_trust;mmr_measles;personal_decision_or_uptake;safety_or_side_effects,True,False,True,episode_10941_clip_1,3020.7,Promotes a series claiming vaccines contain toxic chemicals and doctors gaslit parents into believing babies will die without them.
10951,28,REAL AF with Andy Frisella,"849. Andy & DJ CTI: Zelenskyy Meets With Trump & Vance, Boston Mayor Michelle Wu Sends Condolences To Armed Maniac & Steak 'n Shake RFK'd Their Fries",2025-03-04T10:00:00,1,5,0.95,mixed,conspiracy_or_institutional_trust;efficacy_or_immunity;misinformation_or_fact_checking;mmr_measles;safety_or_side_effects,True,False,True,episode_10951_clip_1,5500.0,"Discusses RFK Jr.'s measles vaccine stance, claims vaccine definitions changed to avoid liability, and links infant vaccines to autism rates."
11187,28,REAL AF with Andy Frisella,"830. Andy & DJ CTI: Trump's Official Inauguration, Georgia State Senator Assaulted And Arrested & Pope Francis Resistance To Immigration",2025-01-21T10:00:00,1,5,0.95,mixed,conspiracy_or_institutional_trust;covid19;mandates_or_policy;safety_or_side_effects,True,False,True,episode_11187_clip_1,1888.3,"Hosts claim COVID restrictions and vaccine mandates were intentional plots to disrupt the economy and prevent Trump's reelection, citing personal hardships."
11233,28,REAL AF with Andy Frisella,"825. Andy & DJ CTI: Election Certification, Justin Trudeau Resigns & New Orleans New Year's Truck Attack",2025-01-08T10:00:00,1,5,0.95,supportive,conspiracy_or_institutional_trust;development_or_approval;influenza;misinformation_or_fact_checking,True,False,True,episode_11233_clip_1,4868.9,"Alleges health officials may release a real virus and withhold the vaccine to control populations, calling bio-labs crimes against humanity."
11408,28,REAL AF with Andy Frisella,"804. Andy, Dan Hollaway & DJ CTI: Trump's Madison Square Garden Rally, Tim Walz And AOC Play Video Games & Luke Combs And Eric Church Raise Over $24M For Hurricane Victims",2024-10-29T09:00:00,1,5,0.95,mixed,childhood_schedule;conspiracy_or_institutional_trust;misinformation_or_fact_checking;mmr_measles;polio,True,False,True,episode_11408_clip_1,595.0,"Speaker claims polio and measles declines predated vaccines, alleges current polio cases come from vaccines, and cites Merck lawsuits."
11743,28,REAL AF with Andy Frisella,"769. Andy & DJ CTI: Zuckerberg Admits Facebook Suppressed Hunter Laptop Story, Chicago City-Run Grocery Store & Voluntary Lockdown At Four Massachusetts Towns",2024-08-28T09:00:00,1,5,0.95,critical,conspiracy_or_institutional_trust;covid19;efficacy_or_immunity;mandates_or_policy;safety_or_side_effects,True,False,True,episode_11743_clip_1,3370.8,"Speakers claim deaths were overreported to force vaccine uptake and profit, ignoring existing therapeutics."
11916,18,The Megyn Kelly Show,"Trump Investigation Circus, D.C. Corruption, and Saving America, with Glenn Beck | Ep. 371",2022-08-10T19:30:50,1,5,0.95,mixed,conspiracy_or_institutional_trust;covid19;development_or_approval;mandates_or_policy;safety_or_side_effects,True,False,True,episode_11916_clip_1,3570.0,"Speaker calls COVID vaccines 'poison' and 'experimental,' alleges forced administration and violation of Nuremberg laws."
12038,30,Candace,RFK Jr. Attacks Me For Rabbi Shmuley?!!! | Candace Ep 59,2024-09-05T21:46:00,1,5,0.95,mixed,childhood_schedule;conspiracy_or_institutional_trust;personal_decision_or_uptake;safety_or_side_effects,True,False,True,episode_12038_clip_1,1190.0,"Speaker claims vaccine information was a lie, cites personal injury, and praises RFK Jr. for challenging the 'medical mafia'."
12128,8,The MeidasTouch Podcast,Congressman Jake Auchincloss on GOP Blunders,2025-02-27T23:30:00,1,5,0.95,mixed,conspiracy_or_institutional_trust;covid19;efficacy_or_immunity;misinformation_or_fact_checking;mmr_measles,False,True,True,episode_12128_clip_1,595.0,Criticizes RFK Jr. for claiming chicken soup beats MMR vaccine and normalizing measles outbreaks during active deaths.
12327,28,REAL AF with Andy Frisella,"692. Andy & DJ CTI: Hillary Clinton Speaks On Trump, Iran-Allied Militia Coalition Claims Base Was Hit By Airstrike & Shohei Breaks Matusi's MLB Record",2024-04-23T09:00:00,1,5,0.95,supportive,conspiracy_or_institutional_trust;covid19;mandates_or_policy;personal_decision_or_uptake,True,False,True,episode_12327_clip_1,1636.3,Claims political opponents planned to arrest or kill unvaccinated people and alternative media figures during the pandemic.
12554,28,REAL AF with Andy Frisella,"662. Andy & DJ CTI: Trump's ""Big Win For America,"" Federal Court Allows Texas Immigration Law To Take Effect & Speaker Johnson Changes Mind",2024-03-05T10:00:00,1,5,0.95,mixed,conspiracy_or_institutional_trust;covid19;misinformation_or_fact_checking;safety_or_side_effects,True,False,True,episode_12554_clip_1,753.8,"Calls the vaccine rollout the biggest crime against humanity, claiming people were propagandized into taking it and are now scared."
12807,28,REAL AF with Andy Frisella,"633. Andy & DJ CTI: 2 Navy SEALs Dead, FBI Arrest Transgender Man & Georgia DA Claims Accusations Are Based On Race",2024-01-16T10:00:00,1,5,0.95,mixed,conspiracy_or_institutional_trust;covid19;misinformation_or_fact_checking;safety_or_side_effects,True,False,True,episode_12807_clip_1,1785.0,Speakers allege vaccines cause heart issues treated by more drugs and predict mass death among the vaccinated.
12890,28,REAL AF with Andy Frisella,"624. Andy & DJ CTI: Bill Unmasked On Epstein's List, No Charge For Sam Bankman-Fried & Mike DeWine Took 40K To Veto Bill",2024-01-02T10:00:00,1,5,0.95,mixed,covid19;mandates_or_policy;misinformation_or_fact_checking;safety_or_side_effects,True,False,True,episode_12890_clip_1,1190.0,Speaker asserts millions suffered myocarditis or died from forced vaccination and claims insurance data shows covered-up excess deaths.
12909,28,REAL AF with Andy Frisella,"621. Andy & DJ CTI: 8,000 Migrants Heading Towards US, Americans Back Biden Impeachment & Chicago Mayor On Crime Increase",2023-12-29T10:00:00,1,5,0.95,mixed,conspiracy_or_institutional_trust;covid19;mandates_or_policy;safety_or_side_effects,True,False,True,episode_12909_clip_1,3809.5,Speaker claims untested vaccinations are legitimately killing people and calls for accountability for those who enforced pandemic measures.
13212,28,REAL AF with Andy Frisella,592. The “HIDDEN” Agenda Destroying Your Life Ft. Curtis Bowers,2023-10-27T09:00:00,1,5,0.95,supportive,conspiracy_or_institutional_trust;covid19;mandates_or_policy;misinformation_or_fact_checking,True,False,True,episode_13212_clip_1,1950.7,Speakers describe pandemic measures including vaccines as compliance exercises for globalist depopulation and sterilization agendas.
13304,2,The Joe Rogan Experience,#1621 - Jim Breuer,2021-03-19T17:00:00,1,5,0.95,mixed,conspiracy_or_institutional_trust;covid19;efficacy_or_immunity;mandates_or_policy;safety_or_side_effects,True,False,True,episode_13304_clip_1,7140.0,"Discussion on natural immunity, vaccine trials, liability, and accusations of theater and mind control regarding masks and mandates."
13366,28,REAL AF with Andy Frisella,"577. Andy, Jaimee Michell, Becky Weiss & DJ CTI: UN General Assembly, Liberals Pray For Drag Queens & Piers Morgan Wants Russell Brand Cancelled",2023-09-22T09:00:00,1,5,0.95,mixed,conspiracy_or_institutional_trust;misinformation_or_fact_checking;safety_or_side_effects,True,False,True,episode_13366_clip_1,3218.2,
13689,28,REAL AF with Andy Frisella,"543. Andy, John Burk & DJ CTI: Ben & Jerry Customers Calling For Boycott, Missouri Vs. Biden Admin & Cocaine In White House",2023-07-07T09:00:00,1,5,0.95,mixed,conspiracy_or_institutional_trust;covid19;mandates_or_policy;safety_or_side_effects,True,False,True,episode_13689_clip_1,4042.3,"Speakers claim camps were built for dissenters, the jab caused deaths, and leaders questioned what to do with unvaccinated people."
13859,28,REAL AF with Andy Frisella,"521. Andy & DJ CTI: Target Loses $9B, BLM Goes Broke & Microsoft Hacked",2023-05-26T09:00:00,1,5,0.95,mixed,conspiracy_or_institutional_trust;covid19;mandates_or_policy,True,False,True,episode_13859_clip_1,687.6,Speaker calls mandatory vaccination 'dictatorish' and links COVID response to crimes against humanity.
14026,28,REAL AF with Andy Frisella,"500. Andy & DJ CTI: Sex Inclusive Condoms, Texas Dairy Farm Explosion & Biden's Family Dealings",2023-04-14T09:00:00,1,5,0.95,supportive,conspiracy_or_institutional_trust;covid19;mandates_or_policy,True,False,True,episode_14026_clip_1,1585.2,Claims authorities are forcing vaccines and ruining food supplies to implement a control agenda.
14522,18,The Megyn Kelly Show,"Dr. Ben Carson on American Exceptionalism, Being Victors Instead of Victims, and Biden and Trump | Ep. 129",2021-07-16T08:00:00,1,5,0.95,mixed,childhood_schedule;covid19;mandates_or_policy;misinformation_or_fact_checking;safety_or_side_effects,True,True,True,episode_14522_clip_1,2975.0,Host critiques Fauci's mask recommendations for children and claims vaccines are being tested on babies without long-term approval.
14680,18,The Megyn Kelly Show,"Dennis Prager on the Leftward Drift in Schools, Secular Extremism, and American Exceptionalism | Ep. 111",2021-06-04T08:00:00,1,5,0.95,supportive,conspiracy_or_institutional_trust;covid19;efficacy_or_immunity;misinformation_or_fact_checking;safety_or_side_effects,True,False,True,episode_14680_clip_1,384.6,Guest claims he avoided infection without vaccines using unproven therapeutics and alleges the vaccine is unproven and unsafe.
15667,8,The MeidasTouch Podcast,GOP Congressman Goes FULL PSYCHO at Worst Time for Party,2024-09-26T15:00:00,1,5,0.95,mixed,covid19;mandates_or_policy;personal_decision_or_uptake;safety_or_side_effects,True,True,True,episode_15667_clip_1,969.0,"A politician states he survived COVID but remains unvaccinated, calling the vaccine experimental; the host criticizes this stance."
17332,42,Armchair Expert with Dax Shepard,Suzanne O'Sullivan (on over diagnosis),2025-03-05T08:35:00,1,5,0.95,neutral,conspiracy_or_institutional_trust;misinformation_or_fact_checking;safety_or_side_effects,False,True,False,episode_17332_clip_1,1522.6,"Discussion of mass psychogenic illness mistaken for poisoning, noting how anti-vax groups exploit such events to spread fear."
18109,50,This Past Weekend w/ Theo Von,#595 - Dr. David Linden,2025-07-08T05:18:00,1,5,0.95,mixed,conspiracy_or_institutional_trust;covid19;development_or_approval;misinformation_or_fact_checking;safety_or_side_effects,True,True,True,episode_18109_clip_1,6863.1,"Discussion of RFK Jr.'s NIH budget priorities, cutting vaccine research for other studies, and debating ivermectin efficacy."
18865,52,Matt and Shane's Secret Podcast,Ep 504 - Reggie and Steve (feat. Billy),2024-07-23T17:54:00,1,5,0.95,mixed,conspiracy_or_institutional_trust;covid19;misinformation_or_fact_checking,True,False,True,episode_18865_clip_1,2975.0,
18901,52,Matt and Shane's Secret Podcast,Ep 499 - Revenge Body,2024-06-18T19:20:00,1,5,0.95,mixed,childhood_schedule;conspiracy_or_institutional_trust;misinformation_or_fact_checking,True,False,False,episode_18901_clip_1,0.0,
7724,2,The Joe Rogan Experience,#1927 - Forrest Galante,2023-01-17T18:00:00,1,5,0.94,mixed,conspiracy_or_institutional_trust;covid19;misinformation_or_fact_checking;safety_or_side_effects,True,False,True,episode_7724_clip_1,4268.6,Speakers claim COVID deaths were overcounted and cite financial incentives affecting treatment and reporting.
11661,28,REAL AF with Andy Frisella,"780. Andy & DJ CTI: Second Trump Assassination Attempt, ABC Whistleblower & Sean 'Diddy' Combs Forcing Victims Into 'Freak Off' Sex Sessions With Male Prostitutes",2024-09-18T09:00:00,1,5,0.94,mixed,conspiracy_or_institutional_trust;covid19;misinformation_or_fact_checking,True,False,False,episode_11661_clip_1,937.4,Speakers discuss a conspiracy theory that 5G could activate vaccine nanoparticles to cause death.
15798,28,REAL AF with Andy Frisella,"293. Q&AF: Showing Grace, Mindset Shift For Employees & Overcoming Frustrations With #75HARD",2022-05-13T09:00:32,1,5,0.94,mixed,conspiracy_or_institutional_trust;mandates_or_policy,True,False,True,episode_15798_clip_1,456.5,Speaker claims global propaganda machine pushed vaccines and shutdowns; says many have since apologized.
19275,53,The Diary Of A CEO with Steven Bartlett,We Can Now Reverse Stage 4 Cancer & These Foods Are Spreading It! Dr. William Li (Chronic Disease Expert),2025-05-19T05:00:00,1,5,0.94,neutral,development_or_approval;efficacy_or_immunity;other_vaccine,False,False,False,episode_19275_clip_1,3909.3,Describes experimental cancer peptide vaccines that train the immune system to target specific tumor mutations.
4695,19,Pod Save America,Trump's Indefensible Pardons,2025-01-24T08:05:00,1,5,0.9,mixed,hpv;mandates_or_policy;polio;safety_or_side_effects,False,False,True,episode_4695_clip_1,2708.3,RFK Jr. reportedly changed his mind on polio vaccines but retains financial interest in an HPV vaccine lawsuit.
4758,18,The Megyn Kelly Show,"MAGA Demands More Epstein Transparency, and Epstein's Potential Intel Ties, with Ben Shapiro and Michael Shellenberger | Ep. 1107",2025-07-14T19:13:47,1,5,0.9,supportive,conspiracy_or_institutional_trust;covid19;development_or_approval;misinformation_or_fact_checking,True,False,True,episode_4758_clip_1,6022.7,"Speculation that US funded bioweapons research in China to develop vaccines, which then leaked, influencing the pandemic response."
9043,17,The Tucker Carlson Show,Mike Benz,2024-02-16T21:00:00,1,5,0.9,neutral,conspiracy_or_institutional_trust;covid19;efficacy_or_immunity;mandates_or_policy;misinformation_or_fact_checking;safety_or_side_effects,True,False,True,episode_9043_clip_1,1857.2,
12200,28,REAL AF with Andy Frisella,"708. Andy, Matt Kim & DJ CTI: Biden And Trump Debate, King Charles III's Portrait & Harrison Butker Voices Christian Values",2024-05-17T09:00:00,1,5,0.9,mixed,conspiracy_or_institutional_trust;covid19;misinformation_or_fact_checking,True,False,True,episode_12200_clip_1,3916.4,Allegations that Biden administration pressured social media to censor trending videos about COVID vaccines and spread misinformation.
17802,48,We're Out of Time,The Secret to Making Every Moment Count With Kelly Wright,2025-06-17T18:44:00,1,5,0.9,mixed,conspiracy_or_institutional_trust;development_or_approval;mandates_or_policy,True,False,True,episode_17802_clip_1,2463.2,Claims Trump developed a vaccine in nine months instead of the usual 15-20 years by forcing scientists to comply under threat of firing.
17843,48,We're Out of Time,How Alexandra Capelouto's Memory Became A Focal Point In California's Prop 36,2025-04-29T15:44:00,1,5,0.9,mixed,conspiracy_or_institutional_trust;development_or_approval;mandates_or_policy,True,False,True,episode_17843_clip_1,1785.0,"Repeats the claim that a president created a vaccine in nine months versus the standard twenty years, ignoring regulatory processes."
14560,18,The Megyn Kelly Show,"Bret Weinstein on Tech Censorship, The Value of Conversation, and COVID Treatments | Ep. 124",2021-07-05T08:00:00,11,4,0.98,mixed,conspiracy_or_institutional_trust;covid19;development_or_approval;efficacy_or_immunity;misinformation_or_fact_checking;personal_decision_or_uptake;safety_or_side_effects,True,True,True,episode_14560_clip_12,5512.8,"Speaker alleges institutional failures regarding repurposed drugs, adverse event signals in vaccines, and the virus's origin."
14715,18,The Megyn Kelly Show,"COVID Reality on Kids and Masks, the Wuhan Lab, and Vaccines, with Dr. Nicole Saphier and Dr. Lucy McBride | Ep. 107",2021-05-26T08:00:00,10,4,0.98,mixed;neutral,childhood_schedule;conspiracy_or_institutional_trust;covid19;development_or_approval;efficacy_or_immunity;mandates_or_policy;misinformation_or_fact_checking;personal_decision_or_uptake;safety_or_side_effects,True,True,True,episode_14715_clip_1,41.4,"Discusses herd immunity, natural immunity vs vaccines, and criticizes Fauci/CDC messaging changes."
10789,2,The Joe Rogan Experience,#1775 - Dave Smith,2022-02-10T18:00:00,9,4,0.99,mixed;supportive,conspiracy_or_institutional_trust;covid19;development_or_approval;efficacy_or_immunity;mandates_or_policy;misinformation_or_fact_checking;personal_decision_or_uptake,True,True,True,episode_10789_clip_3,1549.2,"Critiques proposals to restrict unvaccinated movement, arguing natural immunity makes them safer than vaccinated individuals."
7366,19,Pod Save America,“Katie Porter’s stock tips.”,2021-02-01T22:04:58,9,4,0.98,neutral,conspiracy_or_institutional_trust;covid19;development_or_approval;efficacy_or_immunity;influenza;mandates_or_policy;misinformation_or_fact_checking;personal_decision_or_uptake,False,True,True,episode_7366_clip_6,1190.0,
15941,2,The Joe Rogan Experience,#1439 - Michael Osterholm,2020-03-10T00:00:00,8,4,0.99,neutral,conspiracy_or_institutional_trust;covid19;development_or_approval;efficacy_or_immunity;influenza;misinformation_or_fact_checking;mmr_measles;other_vaccine;polio;safety_or_side_effects,False,True,False,episode_15941_clip_4,3570.0,
6959,19,Pod Save America,“America’s Next Top MAGA.”,2021-12-02T22:21:05,8,4,0.98,neutral,conspiracy_or_institutional_trust;covid19;efficacy_or_immunity;mandates_or_policy;misinformation_or_fact_checking;personal_decision_or_uptake;safety_or_side_effects,False,True,True,episode_6959_clip_7,2491.4,Hosts criticize Dr. Oz for past COVID quackery and minimizing child mortality risks before vaccines.
13428,18,The Megyn Kelly Show,"January 6 Obsession and Maxwell Verdict, with Comfortably Smug, Michael Duncan, Josh Holmes, Arthur Aidala, and Lis Wiehl | Ep. 235",2022-01-06T19:59:33,8,4,0.98,mixed,conspiracy_or_institutional_trust;covid19;development_or_approval;efficacy_or_immunity;mandates_or_policy;misinformation_or_fact_checking;personal_decision_or_uptake;safety_or_side_effects,True,True,True,episode_13428_clip_7,4234.8,"Panel debates Novak Djokovic's deportation from Australia due to vaccination status, discussing medical exemptions and potential career-ending reactions."
11576,2,The Joe Rogan Experience,"#1728 - Ari Shaffir, Shane Gillis & Mark Normand",2021-11-03T17:00:00,8,4,0.95,mixed;neutral;supportive,conspiracy_or_institutional_trust;covid19;efficacy_or_immunity;mandates_or_policy;misinformation_or_fact_checking;other_vaccine;personal_decision_or_uptake;safety_or_side_effects,True,True,True,episode_11576_clip_8,9849.2,"Speaker claims the virus is fake and compares it to the Holocaust, while another notes the vaccine barely worked on a Biden voter."
13402,2,The Joe Rogan Experience,#1616 - Jamie Metzl,2021-03-09T18:00:00,8,4,0.95,neutral;supportive,access_or_equity;conspiracy_or_institutional_trust;covid19;development_or_approval;efficacy_or_immunity;safety_or_side_effects,False,True,False,episode_13402_clip_4,3570.0,"Compares efficacy of Chinese, J&J, and mRNA vaccines; addresses fetal tissue concerns and side effects."
13417,18,The Megyn Kelly Show,"Afghanistan Accountability and COVID Misinformation at Supreme Court, with Stuart Scheller and Robert Barnes | Ep. 236",2022-01-07T20:20:59,7,4,0.98,mixed,conspiracy_or_institutional_trust;covid19;efficacy_or_immunity;mandates_or_policy;misinformation_or_fact_checking;safety_or_side_effects,True,True,True,episode_13417_clip_4,3048.6,
13451,18,The Megyn Kelly Show,"Zuby on COVID Doom Addiction, the Harms of Closing Schools, and How to Fight Back | Ep. 233",2022-01-04T20:52:33,7,4,0.96,mixed,childhood_schedule;conspiracy_or_institutional_trust;covid19;development_or_approval;efficacy_or_immunity;mandates_or_policy;misinformation_or_fact_checking;personal_decision_or_uptake;safety_or_side_effects,True,False,True,episode_13451_clip_4,1303.2,Host and guest describe vaccine promotion in schools and parades as cultish indoctrination and shaming of the unvaccinated.
6871,2,The Joe Rogan Experience,#2000 - Duncan Trussell,2023-06-20T17:00:56,7,4,0.95,mixed;neutral,conspiracy_or_institutional_trust;efficacy_or_immunity;mandates_or_policy;misinformation_or_fact_checking;personal_decision_or_uptake;safety_or_side_effects,True,True,True,episode_6871_clip_3,5486.7,"Speakers discuss an unverified claim that Anderson Cooper received $12 million from Pfizer to promote vaccines, questioning media integrity."
7339,19,Pod Save America,"“When they Cuomo, we go high.”",2021-02-22T22:29:00,7,4,0.95,neutral,access_or_equity;covid19;mandates_or_policy;personal_decision_or_uptake,False,False,True,episode_7339_clip_6,1785.0,Debates teacher vaccination priority tiers and argues schools should have been prioritized over bars.
13397,18,The Megyn Kelly Show,"Adam Curry on Coordinated COVID Attacks, Following the Money, and Michael and Janet Jackson | Ep. 238",2022-01-11T20:37:13,7,4,0.95,mixed;supportive,conspiracy_or_institutional_trust;covid19;efficacy_or_immunity;mandates_or_policy;misinformation_or_fact_checking;personal_decision_or_uptake,True,False,True,episode_13397_clip_1,736.4,"Speakers criticize political rhetoric labeling unvaccinated as anti-vax, discuss shaming of mandate opponents, and mention a death of an unvaccinated lawyer."
12076,2,The Joe Rogan Experience,#1695 - Andrew Schulz,2021-08-12T17:00:00,7,4,0.94,mixed;neutral,conspiracy_or_institutional_trust;covid19;efficacy_or_immunity;mandates_or_policy;misinformation_or_fact_checking;personal_decision_or_uptake;safety_or_side_effects,True,False,True,episode_12076_clip_7,10734.2,"Recounts a YouTube demonetization incident involving a guest's claim that vaccines cause cancer, framed as censorship of correct information."
8759,18,The Megyn Kelly Show,"Grandpa Joe's Cruelty, Kamala's Nonsense, and the Cocaine at the White House, with The Fifth Column Hosts | Ep. 585",2023-07-11T19:31:43,7,4,0.9,mixed,conspiracy_or_institutional_trust;covid19;efficacy_or_immunity;mandates_or_policy;misinformation_or_fact_checking;mmr_measles;safety_or_side_effects,False,True,True,episode_8759_clip_1,1253.9,Discussion of RFK Jr.'s polling and his history of vaccine skepticism and conspiracy theories regarding Big Pharma.
13558,18,The Megyn Kelly Show,"Bombshell Report on Masking Kids and Little House on the Prairie Tell-All, with David Zweig and Karen Grassle | Ep. 224",2021-12-17T20:00:31,6,4,0.98,mixed,childhood_schedule;conspiracy_or_institutional_trust;covid19;efficacy_or_immunity;mandates_or_policy;misinformation_or_fact_checking;safety_or_side_effects,True,True,True,episode_13558_clip_6,2618.0,
11064,2,The Joe Rogan Experience,#1760 - Adam Curry,2022-01-08T18:00:00,6,4,0.95,mixed,conspiracy_or_institutional_trust;covid19;efficacy_or_immunity;mandates_or_policy;misinformation_or_fact_checking;personal_decision_or_uptake;safety_or_side_effects,True,False,True,episode_11064_clip_1,3775.9,"Speakers discuss mass formation psychosis, suggesting vaccinated people feel shame when getting Omicron, which may wake them from a hypnotic state induced by pandemic measures."
13214,18,The Megyn Kelly Show,"Zucker's Seismic CNN Exit, Whoopi's Suspension, and Canada's Freedom-Loving Truckers, with Rich Lowry, Melissa Cronin, Stu Burguiere, and Ezra Levant | Ep. 253",2022-02-02T20:34:28,6,4,0.95,mixed;supportive,conspiracy_or_institutional_trust;covid19;development_or_approval;mandates_or_policy;personal_decision_or_uptake;safety_or_side_effects,True,False,True,episode_13214_clip_3,4165.0,"Speaker argues vaccine mandates for truckers lack scientific basis and are unjust, citing police retreat and public support for protesters."
5330,20,SmartLess,“Dr. Vivek Murthy”,2021-11-15T08:01:00,5,4,0.98,neutral;supportive,access_or_equity;childhood_schedule;conspiracy_or_institutional_trust;covid19;development_or_approval;efficacy_or_immunity;mandates_or_policy;misinformation_or_fact_checking;mmr_measles;polio;safety_or_side_effects,False,True,False,episode_5330_clip_6,3573.5,Discussion on health harms caused by misinformation leading to vaccine refusal.
11688,18,The Megyn Kelly Show,"Biden Says COVID is Over, and Martha's Migrants, with Victor Davis Hanson, and a Powerful Tribute to Blake Barklage | Ep. 393",2022-09-19T19:33:05,5,4,0.98,mixed;neutral,access_or_equity;conspiracy_or_institutional_trust;covid19;efficacy_or_immunity;mandates_or_policy;personal_decision_or_uptake;safety_or_side_effects,True,True,True,episode_11688_clip_2,377.8,Discusses NYC teacher layoffs due to vaccine mandates and alleges the pandemic was used as a cover to expand government control.
11002,18,The Megyn Kelly Show,"Shadowbanning Science, and Meghan and Harry Dishonoring the Queen, with Dan Wootton and Dr. Jay Bhattacharya | Ep. 455",2022-12-16T20:25:02,5,4,0.97,critical;mixed,conspiracy_or_institutional_trust;covid19;efficacy_or_immunity;mandates_or_policy;misinformation_or_fact_checking;safety_or_side_effects,True,True,True,episode_11002_clip_3,413.4,Claims CDC falsely stated vaccines prevent spread and suppressed accurate info on myocarditis risks.
13175,2,The Joe Rogan Experience,#1629 - Lara Beitz,2021-04-03T17:00:00,5,4,0.96,mixed;neutral,access_or_equity;covid19;efficacy_or_immunity;mandates_or_policy;misinformation_or_fact_checking;personal_decision_or_uptake;safety_or_side_effects,True,False,True,episode_13175_clip_3,1821.9,Claims Vitamin D deficiency explains disparities in outcomes and questions why specific groups were not prioritized for vaccination.
14755,2,The Joe Rogan Experience,#1525 - Tim Dillon,2020-08-14T00:00:00,5,4,0.96,mixed;neutral,conspiracy_or_institutional_trust;covid19;development_or_approval;efficacy_or_immunity;misinformation_or_fact_checking;personal_decision_or_uptake,True,False,True,episode_14755_clip_2,2752.8,Speakers discuss the possibility of the virus being genetically modified in a lab and vaccines potentially not working across variants.
18788,2,The Joe Rogan Experience,#1300 - Michael Malice,2019-05-20T00:00:00,5,4,0.96,mixed,conspiracy_or_institutional_trust;efficacy_or_immunity;misinformation_or_fact_checking;mmr_measles;polio;safety_or_side_effects,True,True,True,episode_18788_clip_1,1046.5,"Speakers acknowledge vaccine success against smallpox and polio but debate injury rates, deplatforming of anti-vax voices, and circumcision risks."
4759,19,Pod Save America,Introducing: Assembly Required with Stacey Abrams,2025-01-01T08:00:00,5,4,0.95,neutral;supportive,childhood_schedule;covid19;development_or_approval;efficacy_or_immunity;mandates_or_policy;misinformation_or_fact_checking;personal_decision_or_uptake;polio,False,True,True,episode_4759_clip_4,1568.6,
6170,2,The Joe Rogan Experience,#2067 - Dave Smith,2023-11-23T18:00:00,5,4,0.95,mixed;supportive,conspiracy_or_institutional_trust;covid19;development_or_approval;efficacy_or_immunity;mandates_or_policy;personal_decision_or_uptake;safety_or_side_effects,True,False,True,episode_6170_clip_4,4524.4,"Speakers allege doctors push COVID vaccines without argument, natural immunity was ignored, and nurses were fired for non-compliance due to a propaganda machine."
6395,2,The Joe Rogan Experience,#2043 - Francis Foster & Konstantin Kisin,2023-10-04T17:00:00,5,4,0.95,mixed,conspiracy_or_institutional_trust;covid19;efficacy_or_immunity;mandates_or_policy;misinformation_or_fact_checking;personal_decision_or_uptake;safety_or_side_effects,True,False,True,episode_6395_clip_3,3858.5,Discusses Canadian trucker protests against experimental vaccine mandates and subsequent bank account freezes.
6740,2,The Joe Rogan Experience,#2012 - Gad Saad,2023-07-26T17:00:00,5,4,0.95,mixed,conspiracy_or_institutional_trust;covid19;mandates_or_policy;misinformation_or_fact_checking;personal_decision_or_uptake,True,False,True,episode_6740_clip_2,5772.9,Speakers discuss lab leak theory evidence and recount a comedy bit where a character claims vaccination prevents COVID but not other illnesses.
6865,19,Pod Save America,Offline: Abbie Richards on Fighting Disinformation on TikTok,2022-01-30T08:01:00,5,4,0.95,mixed;neutral,conspiracy_or_institutional_trust;covid19;efficacy_or_immunity;misinformation_or_fact_checking;personal_decision_or_uptake,False,True,True,episode_6865_clip_3,2149.1,Guest explains 'inoculation' against misinformation using a vaccine analogy: exposing people to small doses of false tactics to build resistance.
7071,19,Pod Save America,"“You win some, you Newsom.”",2021-09-16T20:42:00,5,4,0.95,neutral,childhood_schedule;covid19;development_or_approval;mandates_or_policy;misinformation_or_fact_checking;personal_decision_or_uptake;safety_or_side_effects,False,False,True,episode_7071_clip_3,1192.0,
7494,2,The Joe Rogan Experience,#1944 - Ryan Long,2023-02-21T18:00:00,5,4,0.95,mixed;neutral,conspiracy_or_institutional_trust;covid19;development_or_approval;mandates_or_policy;other_vaccine;personal_decision_or_uptake;safety_or_side_effects,False,False,True,episode_7494_clip_3,1548.3,"Speakers discuss rapid vaccine approval, potential long-term effects, and political polarization surrounding vaccination decisions."
7855,19,Pod Save America,"“More Warren, less Kushner.”",2020-04-06T20:51:06,5,4,0.95,neutral,covid19;development_or_approval;efficacy_or_immunity,False,True,True,episode_7855_clip_3,1859.4,"Scientists indicate a vaccine is twelve to eighteen months away, framing realistic paths to reopening."
8796,17,The Tucker Carlson Show,Sage Steele,2024-04-04T23:00:00,5,4,0.95,mixed,conspiracy_or_institutional_trust;development_or_approval;efficacy_or_immunity;mandates_or_policy;personal_decision_or_uptake;safety_or_side_effects,True,False,True,episode_8796_clip_2,1785.0,Speaker recounts being forced to vaccinate to keep her job despite wanting more time for research on approval timelines.
9197,2,The Joe Rogan Experience,#1807 - Douglas Murray,2022-04-22T17:00:00,5,4,0.95,mixed,covid19;influenza;mandates_or_policy;misinformation_or_fact_checking;other_vaccine;personal_decision_or_uptake;safety_or_side_effects,True,False,True,episode_9197_clip_4,10563.4,
11818,2,The Joe Rogan Experience,#1713 - Mike Baker,2021-09-30T17:00:00,5,4,0.95,mixed;neutral,conspiracy_or_institutional_trust;covid19;efficacy_or_immunity;influenza;mandates_or_policy;misinformation_or_fact_checking;personal_decision_or_uptake;safety_or_side_effects,True,True,True,episode_11818_clip_5,9273.1,Discusses Russian active measures exploiting the anti-vax vs pro-vax divide to create dissension.
13158,2,The Joe Rogan Experience,#1630 - Dan Crenshaw,2021-04-06T17:00:00,5,4,0.95,mixed,conspiracy_or_institutional_trust;covid19;development_or_approval;efficacy_or_immunity;mandates_or_policy;personal_decision_or_uptake;safety_or_side_effects,True,False,True,episode_13158_clip_4,8494.3,"Speakers question risk communication, claim healthy immune systems protect against severe outcomes, and criticize mask mandates for vaccinated individuals."
15641,2,The Joe Rogan Experience,#1460 - Donnell Rawlings,2020-04-17T00:00:00,5,4,0.95,mixed;neutral,childhood_schedule;conspiracy_or_institutional_trust;covid19;development_or_approval;efficacy_or_immunity;influenza;mmr_measles;other_vaccine;safety_or_side_effects,True,True,False,episode_15641_clip_3,6673.3,"Speakers discuss chickenpox parties, vaccine scars, and mention a microchip conspiracy theory linked to vaccines."
14781,18,The Megyn Kelly Show,"A Parent Fights Back: Andrew Gutmann on Critical Race Theory and ""Anti-Racism"" Indoctrination at His Daughter's School | Ep. 99",2021-05-07T08:00:00,4,4,0.99,critical;mixed;supportive,conspiracy_or_institutional_trust;covid19;efficacy_or_immunity;mandates_or_policy;personal_decision_or_uptake;safety_or_side_effects,True,True,True,episode_14781_clip_2,2975.0,"Host shares personal experience getting vaccinated, expresses pro-vax stance, and advises consulting doctors over online sources."
14918,28,REAL AF with Andy Frisella,"378. Andy, Dave Smith & DJ CTI: Migrants Bussed To DC, Facebook Spying On Private Messages & Ohio Teachers Allowed To Carry - Part 2",2022-09-17T09:00:33,4,4,0.99,mixed;supportive,conspiracy_or_institutional_trust;covid19;efficacy_or_immunity;mandates_or_policy;misinformation_or_fact_checking;personal_decision_or_uptake;safety_or_side_effects,False,False,True,episode_14918_clip_4,3140.3,Discusses Dr. Malone's appearance on Rogan regarding mRNA vaccine side effects and the intense backlash from elites.
22488,53,The Diary Of A CEO with Steven Bartlett,"Matt Hancock: Opens Up About His Affair, Mistakes & The Pandemic",2022-02-28T06:00:00,4,4,0.99,neutral,conspiracy_or_institutional_trust;covid19;development_or_approval;efficacy_or_immunity;misinformation_or_fact_checking;personal_decision_or_uptake,False,True,True,episode_22488_clip_2,1810.5,Hancock describes the early pandemic timeline and the government mission to develop a vaccine by Christmas.
6069,18,The Megyn Kelly Show,"Next Deportation Actions, RFK's Nomination Battle Ahead, and New Baldoni Audio, with Tom Homan, Mark Halperin, and Dan Turrentine | Ep. 993",2025-01-28T20:04:55,4,4,0.98,mixed;neutral,conspiracy_or_institutional_trust;covid19;hpv;mandates_or_policy;misinformation_or_fact_checking;personal_decision_or_uptake;safety_or_side_effects,False,False,True,episode_6069_clip_4,3865.9,"Trump proposes reinstating service members expelled for refusing the COVID vaccine mandate, a move noted as popular on the right."
6829,19,Pod Save America,"""How To Win A Culture War.""",2022-02-17T22:46:00,4,4,0.98,mixed;neutral,conspiracy_or_institutional_trust;covid19;mandates_or_policy;misinformation_or_fact_checking;other_vaccine;personal_decision_or_uptake,False,True,True,episode_6829_clip_2,1904.8,Speakers discuss branding Republicans as anti-vax and countering misinformation.
6848,19,Pod Save America,"""Fine, we’ll talk about Joe Rogan.”",2022-02-08T08:01:00,4,4,0.98,mixed;neutral,conspiracy_or_institutional_trust;covid19;efficacy_or_immunity;misinformation_or_fact_checking;personal_decision_or_uptake;safety_or_side_effects,False,True,True,episode_6848_clip_1,1581.0,
7262,19,Pod Save America,“Daunte Wright should be alive today.”,2021-04-15T21:08:00,4,4,0.98,neutral;supportive,conspiracy_or_institutional_trust;covid19;efficacy_or_immunity;mandates_or_policy;misinformation_or_fact_checking;personal_decision_or_uptake;safety_or_side_effects,False,True,True,episode_7262_clip_1,71.3,"Hosts discuss the FDA/CDC pause of the J&J vaccine due to blood clots, weighing transparency against potential vaccine hesitancy."
7407,19,Pod Save America,“Sedition: Impossible.”,2021-01-04T22:30:04,4,4,0.98,mixed;neutral,access_or_equity;covid19;development_or_approval;mandates_or_policy;personal_decision_or_uptake,False,False,True,episode_7407_clip_3,2493.9,"Speakers discuss logistical failures in vaccine distribution, state-level confusion, and healthcare worker hesitancy."
7436,19,Pod Save America,“Caught in the Trump trap.”,2020-12-07T22:11:26,4,4,0.98,neutral,conspiracy_or_institutional_trust;covid19;development_or_approval;efficacy_or_immunity;mandates_or_policy;personal_decision_or_uptake;safety_or_side_effects,False,True,True,episode_7436_clip_3,595.0,
7873,22,Wait Wait... Don't Tell Me!,Yamiche Alcindor,2021-09-18T16:00:33,4,4,0.98,neutral,access_or_equity;covid19;influenza;mandates_or_policy;misinformation_or_fact_checking;safety_or_side_effects,True,True,False,episode_7873_clip_1,69.9,"Panel discusses Nicki Minaj's tweet claiming a vaccine caused impotence and swollen testicles, noting the story was debunked by officials."
11905,2,The Joe Rogan Experience,#1707 - Kyle Dunnigan & Kurt Metzger,2021-09-15T17:00:00,4,4,0.98,mixed;neutral,conspiracy_or_institutional_trust;covid19;development_or_approval;efficacy_or_immunity;mandates_or_policy;misinformation_or_fact_checking;personal_decision_or_uptake;safety_or_side_effects,True,False,True,episode_11905_clip_2,3570.0,"Speaker clarifies he is not anti-vax, describes missing a vaccine appointment due to J&J pause, and recounts friends' adverse events and breakthrough cases."
12631,2,The Joe Rogan Experience,JRE MMA Show #110 with Craig Jones & Alex Volkanovski,2021-05-27T17:00:00,4,4,0.98,mixed;neutral,covid19;efficacy_or_immunity;personal_decision_or_uptake;safety_or_side_effects,False,False,False,episode_12631_clip_1,1453.1,Guest describes severe side effects including swollen lymph nodes and fluid retention after receiving a COVID vaccine.
13275,2,The Joe Rogan Experience,#1623 - Doug Stanhope,2021-03-25T17:00:00,4,4,0.98,mixed,conspiracy_or_institutional_trust;covid19;development_or_approval;efficacy_or_immunity;influenza;misinformation_or_fact_checking;personal_decision_or_uptake;safety_or_side_effects,False,True,True,episode_13275_clip_3,4165.0,Discusses Sacha Baron Cohen's parody of microchip conspiracy theories and Facebook's handling of vaccine misinformation.
13721,18,The Megyn Kelly Show,"Omicron Panic and Limbaugh's Legacy, with Kmele Foster, Michael Moynihan, Matt Welch, and James Golden | Ep. 210",2021-11-29T19:51:20,4,4,0.98,mixed,covid19;efficacy_or_immunity;mandates_or_policy,False,False,True,episode_13721_clip_2,595.0,
13781,2,The Joe Rogan Experience,#1599 - Tulsi Gabbard,2021-01-21T18:00:00,4,4,0.98,mixed;neutral,access_or_equity;conspiracy_or_institutional_trust;covid19;efficacy_or_immunity;mandates_or_policy;misinformation_or_fact_checking;safety_or_side_effects,True,False,True,episode_13781_clip_4,7735.0,"Guest argues vaccines prevent death but not transmission, criticizing mandates for essential workers based on unproven spread prevention."
14195,18,The Megyn Kelly Show,"Dr. Drew and Paulina Pinsky on Radical Honesty, Hard Conversations, and the Benefits of Therapy | Ep. 164",2021-09-21T19:51:58,4,4,0.98,mixed,childhood_schedule;covid19;efficacy_or_immunity;mandates_or_policy;misinformation_or_fact_checking;personal_decision_or_uptake;safety_or_side_effects,True,False,True,episode_14195_clip_3,712.9,Dr. Drew expresses hesitation on vaccinating young children due to low risk and lack of long-term data.
15774,28,REAL AF with Andy Frisella,"295. Andy, Ian Smith & DJ CTI: Baby Formula Shortage, Air Force Academy Cadets & Sexual Harassment For Using Wrong Pronouns",2022-05-16T09:00:44,4,4,0.98,mixed,conspiracy_or_institutional_trust;covid19;mandates_or_policy;safety_or_side_effects,False,False,True,episode_15774_clip_4,4760.0,Discussion of Air Force cadets blocked from graduation due to refusing COVID vaccine; speakers call it disgusting and ego-driven.
16400,28,REAL AF with Andy Frisella,"209. Andy & DJ CTI: Boosters For Children?, ""No More Here"" & We The People",2022-01-04T10:00:00,4,4,0.98,mixed;neutral;supportive,conspiracy_or_institutional_trust;covid19;development_or_approval;mandates_or_policy;misinformation_or_fact_checking;personal_decision_or_uptake;safety_or_side_effects,True,True,True,episode_16400_clip_3,1511.2,Speakers predict a narrative shift blaming Trump for vaccine side effects and allege governments lied about COVID data to restrict freedoms.
13288,18,The Megyn Kelly Show,"Hysteria Harming Our Kids and Why We Can't Stay Focused, with Abigail Shrier, Johann Hari, and Megan Rafalski | Ep. 247",2022-01-25T20:22:42,4,4,0.97,mixed,covid19;efficacy_or_immunity;mandates_or_policy;personal_decision_or_uptake;safety_or_side_effects,False,False,True,episode_13288_clip_1,109.5,"Discusses liberal moms opposing mandates, citing mental health harms and questioning vaccine necessity for children."
14757,18,The Megyn Kelly Show,"Ryan Long on Intersectional Trainwrecks, the State of Comedy, and COVID Hypocrisy | Ep. 102",2021-05-14T08:00:00,4,4,0.97,critical,conspiracy_or_institutional_trust;covid19;efficacy_or_immunity;mandates_or_policy;personal_decision_or_uptake;safety_or_side_effects,True,True,True,episode_14757_clip_2,2166.3,"Speakers criticize CDC guidance on masking for children, citing high vaccination rates and low outdoor transmission risks."
5194,2,The Joe Rogan Experience,#2138 - Tucker Carlson,2024-04-19T17:00:00,4,4,0.96,mixed;neutral;supportive,conspiracy_or_institutional_trust;development_or_approval;misinformation_or_fact_checking;safety_or_side_effects,True,True,True,episode_5194_clip_1,3570.0,"Speakers discuss whether questioning vaccine safety constitutes science, noting correlation between vaccine schedules and autism diagnoses."
8698,17,The Tucker Carlson Show,Gina Carano,2024-04-12T23:00:00,4,4,0.96,mixed;supportive,conspiracy_or_institutional_trust;covid19;mandates_or_policy;misinformation_or_fact_checking;personal_decision_or_uptake;safety_or_side_effects,True,False,True,episode_8698_clip_1,18.8,
11702,24,The Shawn Ryan Show,#114 Tim Parlatore - The Weaponization of 3 Letter Agencies,2024-05-30T10:00:00,4,4,0.96,mixed,conspiracy_or_institutional_trust;covid19;efficacy_or_immunity;mandates_or_policy,False,False,True,episode_11702_clip_4,1785.0,Speakers label the vaccine mandate a total failure and note the Army is now recalling those discharged for refusing it.
3865,17,The Tucker Carlson Show,Tucker Carlson LIVE: The End of Free Speech,2025-09-25T03:22:00,4,4,0.95,critical;mixed,conspiracy_or_institutional_trust;covid19;mandates_or_policy;misinformation_or_fact_checking;safety_or_side_effects,True,True,True,episode_3865_clip_3,1785.0,Speaker criticizes claim that anti-vax accounts are 'killing people' as insane and untrue.
7382,2,The Joe Rogan Experience,#1953 - Duncan Trussell,2023-03-10T18:00:00,4,4,0.95,mixed,conspiracy_or_institutional_trust;covid19;development_or_approval;efficacy_or_immunity;misinformation_or_fact_checking;safety_or_side_effects,True,False,True,episode_7382_clip_3,7178.1,Speakers argue against suppressing dissenting voices like McCullough and Malone and criticize mask efficacy.
7454,19,Pod Save America,"""The ads that defined 2020.""",2020-11-26T08:02:00,4,4,0.95,neutral,covid19;development_or_approval;misinformation_or_fact_checking;personal_decision_or_uptake,False,True,True,episode_7454_clip_1,414.9,A Trump campaign ad claims a vaccine finish line is approaching with safety protocols in place while criticizing Biden's economic plans.
7531,2,The Joe Rogan Experience,#1940 - Matt Taibbi,2023-02-13T18:00:00,4,4,0.95,mixed,access_or_equity;conspiracy_or_institutional_trust;covid19;development_or_approval;mandates_or_policy;misinformation_or_fact_checking;safety_or_side_effects,True,False,True,episode_7531_clip_2,6071.2,Speaker claims Google hid stories of a doctor's heart attack after vaccination to prevent hesitancy.
7580,19,Pod Save America,“Herd mentality.”,2020-09-17T21:09:33,4,4,0.95,neutral,conspiracy_or_institutional_trust;covid19;development_or_approval;efficacy_or_immunity;mandates_or_policy;misinformation_or_fact_checking;safety_or_side_effects,False,True,True,episode_7580_clip_1,44.7,Analyzes Trump's conflict with CDC director over mask efficacy and vaccine timeline predictions ahead of the 2020 election.
8293,17,The Tucker Carlson Show,"Patrick Bet-David on Trump, Iran, and What Chris Cuomo Should Do with the Rest of His Life",2024-05-23T17:00:00,4,4,0.95,mixed,conspiracy_or_institutional_trust;covid19;mandates_or_policy;misinformation_or_fact_checking;personal_decision_or_uptake;safety_or_side_effects,True,False,True,episode_8293_clip_1,3800.1,Speakers discuss Robert De Niro suggesting a vaccine-autism link and question why such claims are suppressed.
12099,18,The Megyn Kelly Show,"Biden's Inflation Crisis, and Elon Musk vs. the Bots, with David Sacks, Renee DiResta, and Todd Henderson | Ep. 356",2022-07-13T18:57:06,4,4,0.95,mixed;neutral,childhood_schedule;conspiracy_or_institutional_trust;covid19;efficacy_or_immunity;mandates_or_policy;misinformation_or_fact_checking;mmr_measles,True,True,True,episode_12099_clip_1,4586.3,"Speaker asserts vaccines do not prevent spread and lab leak theory was true, claiming these were censored truths."
12110,2,The Joe Rogan Experience,#1693 - Evan Hafer,2021-08-06T17:00:00,4,4,0.95,mixed;neutral,conspiracy_or_institutional_trust;covid19;efficacy_or_immunity;mandates_or_policy;personal_decision_or_uptake,True,False,True,episode_12110_clip_1,2472.8,
12151,2,The Joe Rogan Experience,#1691 - Yeonmi Park,2021-08-03T17:00:00,4,4,0.95,mixed;neutral,access_or_equity;conspiracy_or_institutional_trust;covid19;efficacy_or_immunity;mandates_or_policy;misinformation_or_fact_checking,False,False,True,episode_12151_clip_3,8330.0,Discussion cites Alex Berenson's deplatforming for questioning vaccine effectiveness and CDC data handling.
12903,18,The Megyn Kelly Show,"Exclusive Breonna Taylor Raid Details, and Omicron Reality, with Sgt. John Mattingly and David Leonhardt | Ep. 279",2022-03-14T19:15:41,4,4,0.95,mixed,childhood_schedule;conspiracy_or_institutional_trust;covid19;efficacy_or_immunity;mandates_or_policy;personal_decision_or_uptake;safety_or_side_effects,False,True,True,episode_12903_clip_1,4361.3,"Debate on masking young children; one guest argues vaccines changed the risk calculus, making mandates for low-risk kids unnecessary."
13538,28,REAL AF with Andy Frisella,"556. Andy, Eric Schmitt & DJ CTI: GOP Introduce Censorship Bill, WW3 Watch & Trump to Appear In D.C. Court",2023-08-04T09:00:00,4,4,0.95,mixed;neutral,conspiracy_or_institutional_trust;covid19;efficacy_or_immunity;mandates_or_policy;misinformation_or_fact_checking,False,True,True,episode_13538_clip_2,373.6,Speakers review emails showing White House pressure on social media to remove vaccine-discouraging content.
13582,18,The Megyn Kelly Show,"Dave Ramsey on Inflation Reality, the Millionaire Mentality, and the Power of Hope | Ep. 222",2021-12-15T20:09:42,4,4,0.95,mixed,conspiracy_or_institutional_trust;covid19;mandates_or_policy;personal_decision_or_uptake,False,False,True,episode_13582_clip_2,1498.9,"Speakers argue pandemic restrictions and vaccine mandates are driven by control rather than health, eroding public trust."
13808,18,The Megyn Kelly Show,"Jim Breuer on the Downsides of Fame and Vanity, SNL in the 90s, and Canceling Chappelle | Ep. 202",2021-11-12T20:47:46,4,4,0.95,mixed;supportive,mandates_or_policy;misinformation_or_fact_checking;personal_decision_or_uptake;safety_or_side_effects,True,False,True,episode_13808_clip_4,5160.5,"Guest explains refusing vaccine mandate venues, citing a friend's child paralyzed after a swine flu vaccination."
14233,2,The Joe Rogan Experience,#1567 - Donnell Rawlings & Dave Chappelle,2020-11-19T18:00:00,4,4,0.95,mixed;neutral,conspiracy_or_institutional_trust;covid19;development_or_approval;efficacy_or_immunity;mandates_or_policy;personal_decision_or_uptake;safety_or_side_effects,False,False,True,episode_14233_clip_1,4455.7,"Speakers discuss Black community hesitancy, herd immunity thresholds, and potential side effects, weighing risks versus benefits."
14396,18,The Megyn Kelly Show,"Andrew Sullivan on the Woke Left's Religious Zealotry, Anti-Tribalism, and a Crisis of Trust | Ep. 142",2021-08-09T20:06:00,4,4,0.95,mixed;neutral,access_or_equity;conspiracy_or_institutional_trust;covid19;efficacy_or_immunity;mandates_or_policy;personal_decision_or_uptake,False,True,True,episode_14396_clip_2,595.0,"Debate on mandates versus natural immunity, virus mutation trends, and the need for vaccination to end restrictions despite hesitancy."
15626,2,The Joe Rogan Experience,#1463 - Tom Green,2020-04-24T00:00:00,4,4,0.95,mixed;neutral,conspiracy_or_institutional_trust;efficacy_or_immunity;mandates_or_policy;other_vaccine,True,False,True,episode_15626_clip_3,8330.0,"Discussion imagines an app tracking vaccinated vs. unvaccinated people, allowing social shaming or exclusion from public spaces."
15670,2,The Joe Rogan Experience,#1455 - Lex Fridman,2020-04-08T00:00:00,4,4,0.95,neutral,covid19;development_or_approval;efficacy_or_immunity;other_vaccine,False,False,False,episode_15670_clip_5,9900.9,"Discussion compares smallpox's historical devastation to modern viruses, noting smallpox was controlled only after vaccine development."
19422,2,The Joe Rogan Experience,#1274 - Nicholas Christakis,2019-03-28T00:00:00,4,4,0.95,mixed;neutral,conspiracy_or_institutional_trust;mandates_or_policy;misinformation_or_fact_checking;mmr_measles;safety_or_side_effects,False,True,False,episode_19422_clip_1,1055.2,Discusses strategies to counter anti-vaxxers who believe vaccines kill people despite lack of scientific evidence.
19983,52,Matt and Shane's Secret Podcast,Ep 370 - Gladiator,2021-11-11T20:59:00,4,4,0.95,mixed,conspiracy_or_institutional_trust;covid19;development_or_approval;misinformation_or_fact_checking;personal_decision_or_uptake;safety_or_side_effects,True,False,True,episode_19983_clip_1,595.0,"Speaker claims hot baths and spicy food cure COVID, expresses preference for avoiding vaccines, and notes adverse reactions occur."
20059,52,Matt and Shane's Secret Podcast,Ep 360 - The Perfect One,2021-08-26T13:57:00,4,4,0.95,mixed,conspiracy_or_institutional_trust;covid19;development_or_approval;efficacy_or_immunity;mandates_or_policy;personal_decision_or_uptake;safety_or_side_effects,True,False,True,episode_20059_clip_2,743.0,"Speaker expresses hesitation due to FDA approval speed, comparing it to Vioxx, and mentions rumors of tracking."
20245,8,The MeidasTouch Podcast,Trump EXPOSED with NO CASH as DESPERATION GROWS,2024-03-19T09:00:00,4,4,0.95,neutral,childhood_schedule;covid19;mandates_or_policy;misinformation_or_fact_checking,False,True,True,episode_20245_clip_1,0.0,Host discusses a court case regarding the government asking social media to remove vaccine disinformation.
4033,2,The Joe Rogan Experience,#2207 - Shawn Ryan,2024-09-26T17:00:00,4,4,0.92,mixed,conspiracy_or_institutional_trust;covid19;development_or_approval;misinformation_or_fact_checking;safety_or_side_effects,True,False,True,episode_4033_clip_3,2380.0,Speakers claim doctors like Peter McCullough were censored for truthfully criticizing vaccines and that YouTube forces self-censorship on vaccine topics.
9267,2,The Joe Rogan Experience,#1804 - Bill Maher,2022-04-12T17:00:00,4,4,0.92,mixed,conspiracy_or_institutional_trust;covid19;efficacy_or_immunity;misinformation_or_fact_checking;personal_decision_or_uptake;safety_or_side_effects,False,True,True,episode_9267_clip_3,3570.0,"Notes suppression of dissenting doctors and alternative treatments (vitamin D, monoclonal antibodies); acknowledges vaccine prevents death but criticizes narrow narrative."
10827,2,The Joe Rogan Experience,#1773 - Akaash Singh,2022-02-08T18:00:00,4,4,0.9,mixed,covid19;efficacy_or_immunity;mandates_or_policy;misinformation_or_fact_checking;personal_decision_or_uptake;safety_or_side_effects,True,True,True,episode_10827_clip_3,9057.6,"Speakers debate vaccine necessity for children, alternative treatments, and lifestyle factors in COVID outcomes."
15723,2,The Joe Rogan Experience,#1452 - Greg Fitzsimmons,2020-04-02T00:00:00,4,4,0.9,neutral,covid19;development_or_approval;efficacy_or_immunity;influenza;other_vaccine,False,False,False,episode_15723_clip_1,3285.5,Speakers discuss the history of smallpox inoculation using corpse material and the 1796 development of the first vaccine.
6902,19,Pod Save America,“Democracy in Disarray.”,2022-01-13T22:54:00,3,4,0.99,mixed;neutral,covid19;efficacy_or_immunity;mandates_or_policy;misinformation_or_fact_checking;personal_decision_or_uptake,False,True,True,episode_6902_clip_1,1785.0,"Analysis of shifting to endemic COVID management, emphasizing vaccine efficacy against severe disease and long COVID reduction."
7238,19,Pod Save America,"“Vax On, Mask Off.”",2021-05-03T22:38:00,3,4,0.99,neutral,access_or_equity;covid19;development_or_approval;efficacy_or_immunity;mandates_or_policy;misinformation_or_fact_checking;personal_decision_or_uptake;safety_or_side_effects,False,True,True,episode_7238_clip_4,1785.0,"Discussion on strategies to increase uptake, distinguishing between access issues and hesitancy driven by misinformation or safety concerns."
12690,2,The Joe Rogan Experience,#1654 - Whitney Cummings,2021-05-19T17:00:00,3,4,0.99,mixed,conspiracy_or_institutional_trust;covid19;efficacy_or_immunity;misinformation_or_fact_checking;personal_decision_or_uptake;safety_or_side_effects,True,True,True,episode_12690_clip_1,847.9,"Discusses Chelsea Handler's claimed deafness after Moderna, personal vaccination choices, and social pressure to vaccinate."
13857,18,The Megyn Kelly Show,"Policing Comedy and the Kaepernick Documentary, with Jason Whitlock and Seth Dillon | Ep. 197",2021-11-05T18:52:53,3,4,0.99,mixed,covid19;mandates_or_policy;misinformation_or_fact_checking;personal_decision_or_uptake;safety_or_side_effects,False,False,True,episode_13857_clip_3,2380.0,Guest argues vaccines are unnecessary for young athletes and expresses opposition to mandates.
4830,19,Pod Save America,The Old Man and the Clemency,2024-12-03T08:05:00,3,4,0.98,critical;mixed,conspiracy_or_institutional_trust;covid19;mandates_or_policy;misinformation_or_fact_checking;safety_or_side_effects,False,True,True,episode_4830_clip_2,2975.0,
5461,18,The Megyn Kelly Show,"Remembering Pope Francis’ Life and Legacy, Reality of Trump’s Tariff Policies, and Media Lies, with Kevin O’Leary and David Zweig | Ep. 1053",2025-04-21T19:34:40,3,4,0.98,mixed,conspiracy_or_institutional_trust;covid19;safety_or_side_effects,True,False,True,episode_5461_clip_3,5950.0,Alleges CDC buried myocarditis signals in young males from vaccines and denies side effects.
7217,19,Pod Save America,"“Dr. Fauci, Unmasked.”",2021-05-17T21:55:00,3,4,0.98,neutral,covid19;efficacy_or_immunity;mandates_or_policy;misinformation_or_fact_checking;personal_decision_or_uptake;safety_or_side_effects,False,True,True,episode_7217_clip_1,2098.7,Dr. Fauci explains CDC guidance changes based on data showing high vaccine effectiveness against variants and reduced transmission.
7622,19,Pod Save America,"“The RNC: Now, With 5x More Trump!”",2020-08-24T20:46:59,3,4,0.98,mixed;neutral,conspiracy_or_institutional_trust;covid19;development_or_approval;mandates_or_policy;safety_or_side_effects,False,True,True,episode_7622_clip_1,826.2,"Hosts discuss Trump's political strategy regarding vaccine announcements, potential October surprises, and public concern over speed versus safety."
10916,18,The Megyn Kelly Show,"Fauci Finally Retires, and Idaho Murders Arrest, with Dave Rubin, Harmeet Dhillon, and Viva Frei | Ep. 462",2023-01-02T20:21:22,3,4,0.98,mixed,conspiracy_or_institutional_trust;covid19;efficacy_or_immunity;mandates_or_policy;misinformation_or_fact_checking,False,True,True,episode_10916_clip_2,2727.5,
12178,2,The Joe Rogan Experience,#1689 - Yannis Pappas,2021-07-29T17:00:00,3,4,0.98,mixed,conspiracy_or_institutional_trust;covid19;efficacy_or_immunity;mandates_or_policy;misinformation_or_fact_checking;safety_or_side_effects,True,False,True,episode_12178_clip_1,0.0,"Discussion of breakthrough infections in Israel, citing a claim that 80% of hospitalized COVID patients were previously vaccinated."
14128,18,The Megyn Kelly Show,"Glenn Beck on the Impending Inflation Disaster, the Border Crisis, and Biden's Divisive Messaging | Ep. 172",2021-10-01T19:50:53,3,4,0.98,mixed,covid19;efficacy_or_immunity;mandates_or_policy;personal_decision_or_uptake;safety_or_side_effects,False,True,True,episode_14128_clip_1,87.3,"Discusses NBA players' vaccine choices, natural immunity, and media criticism of mandates."
6166,19,Pod Save America,DeSantis DeShakeUp,2023-07-18T07:00:00,3,4,0.97,neutral,conspiracy_or_institutional_trust;covid19;mandates_or_policy;misinformation_or_fact_checking;personal_decision_or_uptake,False,True,True,episode_6166_clip_2,2481.7,Critiques RFK Jr. for misreading studies to support conspiracy theories about COVID origins and ethnicity.
7639,2,The Joe Rogan Experience,#1934 - Lex Fridman,2023-01-31T18:00:00,3,4,0.97,mixed,conspiracy_or_institutional_trust;covid19;development_or_approval;efficacy_or_immunity;misinformation_or_fact_checking;safety_or_side_effects,False,True,True,episode_7639_clip_2,6871.6,"Discussion on ChatGPT's biased description of Fauci, vaccine expertise, and censorship of criticism."
11783,18,The Megyn Kelly Show,"Biden Attacks Half the Country, and Legacy Media Decline, with Michael Knowles and Chris Stirewalt | Ep. 384",2022-09-01T18:57:57,3,4,0.97,mixed,conspiracy_or_institutional_trust;covid19;development_or_approval;efficacy_or_immunity;mandates_or_policy;safety_or_side_effects,True,False,True,episode_11783_clip_1,1785.0,Speakers argue medical authorities were wrong about vaccine efficacy and compare them unfavorably to tribal shamans.
14816,18,The Megyn Kelly Show,"Charles C.W. Cooke on Biden's Broken Promises, COVID Craziness, and Police Reform | Ep. 95",2021-04-28T08:00:00,3,4,0.97,mixed;neutral,covid19;efficacy_or_immunity;mandates_or_policy;misinformation_or_fact_checking;personal_decision_or_uptake;safety_or_side_effects,False,True,True,episode_14816_clip_1,3570.0,"Host supports vaccination but criticizes excessive mask mandates and public fear, citing low risk for children."
14879,18,The Megyn Kelly Show,"Clay Travis on American Sports and China, Hunter Biden, and Dealing with Bullies | Ep. 88",2021-04-12T08:00:00,3,4,0.97,neutral,access_or_equity;efficacy_or_immunity;mandates_or_policy;misinformation_or_fact_checking;personal_decision_or_uptake,False,True,True,episode_14879_clip_2,595.0,"Details how local officials requested Publix partnership for vaccine rollout, contradicting media claims of corruption."
16198,28,REAL AF with Andy Frisella,"239. Andy & DJ CTI: Dave Chappelle Not Canceled, Australia Fully Reopened? & Iran Slams Suppressing Peaceful Protest",2022-02-22T10:00:00,3,4,0.97,mixed,conspiracy_or_institutional_trust;covid19;mandates_or_policy;misinformation_or_fact_checking;personal_decision_or_uptake,True,False,True,episode_16198_clip_1,968.7,
4650,19,Pod Save America,Is Elon a Drag on Trump?,2025-02-14T08:05:00,3,4,0.96,mixed,childhood_schedule;conspiracy_or_institutional_trust;covid19;misinformation_or_fact_checking;polio,False,True,True,episode_4650_clip_1,434.0,
16900,42,Armchair Expert with Dax Shepard,Eric Topol Returns (on longevity),2025-05-21T07:35:00,3,4,0.96,neutral,development_or_approval;efficacy_or_immunity;other_vaccine;safety_or_side_effects,False,False,False,episode_16900_clip_3,3707.8,Discusses mRNA technology used to create cancer vaccines that train the immune system to target tumors.
1778,2,The Joe Rogan Experience,#2308 - Jordan Peterson,2025-04-22T17:00:00,3,4,0.95,mixed,conspiracy_or_institutional_trust;covid19;efficacy_or_immunity;mandates_or_policy;misinformation_or_fact_checking;safety_or_side_effects,True,False,True,episode_1778_clip_1,3870.4,"Speaker criticizes White House messaging threatening unvaccinated with death, alleging fear tactics and ignoring vaccine injuries."
2588,2,The Joe Rogan Experience,#2269 - Bret Weinstein,2025-02-06T18:00:00,3,4,0.95,mixed,conspiracy_or_institutional_trust;covid19;development_or_approval;mandates_or_policy;safety_or_side_effects,False,False,True,episode_2588_clip_2,2595.6,"Mentions vaccine injuries, skepticism of pharmaceuticals, and political alliances involving anti-vaccine figures."
3347,2,The Joe Rogan Experience,#2247 - Duncan Trussell,2024-12-25T18:00:00,3,4,0.95,mixed,conspiracy_or_institutional_trust;covid19;efficacy_or_immunity;misinformation_or_fact_checking;personal_decision_or_uptake;safety_or_side_effects,True,False,True,episode_3347_clip_2,5355.0,Speaker claims boosters are in people's eyeballs and describes being treated like a 'plague rat' for being unvaccinated.
4612,19,Pod Save America,Will Elon Find the Epstein Files Before It's Too Late?,2025-02-28T08:05:00,3,4,0.95,critical,conspiracy_or_institutional_trust;development_or_approval;efficacy_or_immunity;influenza;mandates_or_policy;mmr_measles;other_vaccine,True,True,True,episode_4612_clip_1,143.9,Reports FDA canceled flu vaccine planning meeting and HHS Secretary downplayed a fatal measles outbreak.
5967,18,The Megyn Kelly Show,"Zachary Levi on RFK and Tulsi Bringing Him to Trump, Secrets of Hollywood, and How God Saved His Life | Ep. 1010",2025-02-19T20:26:41,3,4,0.95,mixed,childhood_schedule;conspiracy_or_institutional_trust;covid19;mandates_or_policy;personal_decision_or_uptake;safety_or_side_effects,True,False,True,episode_5967_clip_2,5059.0,"Discussion of RFK Jr.'s plan to investigate chronic disease causes including vaccine schedules, pesticides, and EMF, criticizing regulatory agencies."
5990,18,The Megyn Kelly Show,"RFK Confirmed, Trump Makes Kennedy Center ""Hot"" Again, and Unearthed Blake Lively Video, with Ruthless Podcast | Ep. 1007",2025-02-13T20:12:51,3,4,0.95,mixed;supportive,conspiracy_or_institutional_trust;covid19;efficacy_or_immunity;mandates_or_policy;misinformation_or_fact_checking;safety_or_side_effects,False,True,True,episode_5990_clip_1,3044.3,"Host discusses RFK Jr.'s confirmation, past censorship of vaccine questions, and his own shift from skepticism to support."
6664,18,The Megyn Kelly Show,"Polls Shift Toward Trump, and How Dems Abandoned Their Voters, with Nicole Shanahan, Charles C.W. Cooke, and Jim Geraghty | Ep. 897",2024-09-25T20:07:05,3,4,0.95,critical;mixed;supportive,access_or_equity;childhood_schedule;conspiracy_or_institutional_trust;mandates_or_policy;misinformation_or_fact_checking;personal_decision_or_uptake;safety_or_side_effects,True,False,True,episode_6664_clip_1,4240.6,"Speaker recounts a family story where a young boy was severely vaccine injured and nearly died, calling it a clear case."
7384,19,Pod Save America,“Joe Biden is President.”,2021-01-21T22:22:00,3,4,0.95,neutral,access_or_equity;covid19;efficacy_or_immunity;mandates_or_policy;personal_decision_or_uptake,False,False,True,episode_7384_clip_2,2975.0,
7506,19,Pod Save America,"“Covid, covid, covid.”",2020-10-26T21:34:02,3,4,0.95,neutral,access_or_equity;covid19;development_or_approval;mandates_or_policy,False,False,True,episode_7506_clip_1,368.1,Discusses White House stance on controlling pandemic via vaccines rather than containment measures.
7613,18,The Megyn Kelly Show,"Caitlin Clark Haters, and Trump's VP Apprentice and Abortion Announcement, with Stu Burguiere and Dave Marcus | Ep. 760",2024-04-08T19:14:18,3,4,0.95,mixed,conspiracy_or_institutional_trust;covid19;development_or_approval;mandates_or_policy;personal_decision_or_uptake;safety_or_side_effects,False,False,True,episode_7613_clip_2,4795.4,Discusses RFK Jr.'s appeal regarding COVID views and vaccine mandates.
7678,2,The Joe Rogan Experience,#1930 - Adam Curry,2023-01-25T18:00:00,3,4,0.95,mixed,conspiracy_or_institutional_trust;covid19;development_or_approval;efficacy_or_immunity;misinformation_or_fact_checking;personal_decision_or_uptake;safety_or_side_effects,True,False,True,episode_7678_clip_1,1911.7,"Speakers allege pharmaceutical companies profited from pandemic, pushed boosters for growth, and media amplified fear."
8127,24,The Shawn Ryan Show,"#175 Dr. Gabrielle Lyon - The Nicotine Debate, Aging Conspiracies and Living to 100",2025-02-24T11:00:00,3,4,0.95,mixed;neutral,childhood_schedule;conspiracy_or_institutional_trust;covid19;misinformation_or_fact_checking;personal_decision_or_uptake;safety_or_side_effects,False,True,False,episode_8127_clip_2,1308.9,Host critiques functional medicine doctors for focusing on anti-vaccine sales pitches rather than comprehensive care.
8402,2,The Joe Rogan Experience,"Fight Companion - September 3, 2022",2022-09-04T03:48:07,3,4,0.95,mixed;neutral,conspiracy_or_institutional_trust;covid19;mandates_or_policy;misinformation_or_fact_checking;personal_decision_or_uptake,True,True,True,episode_8402_clip_3,14357.7,Speakers discuss Chinese gene-edited babies allegedly created to immunize against HIV while improving IQ.
9089,18,The Megyn Kelly Show,"Fox Goes to War with Tucker Carlson, and Fauci Pressed on His Lies, with Michael Brendan Dougherty and Noah Rothman | Ep. 537",2023-04-26T19:33:05,3,4,0.95,mixed,conspiracy_or_institutional_trust;covid19;development_or_approval;efficacy_or_immunity;mandates_or_policy;misinformation_or_fact_checking,True,True,True,episode_9089_clip_2,3828.6,Alleges Fauci lied about herd immunity thresholds to boost vaccination rates and mask efficacy.
9161,2,The Joe Rogan Experience,JRE MMA Show #123 with BJ Penn,2022-04-27T17:00:00,3,4,0.95,mixed,conspiracy_or_institutional_trust;efficacy_or_immunity;influenza;mandates_or_policy;personal_decision_or_uptake;safety_or_side_effects,False,False,True,episode_9161_clip_1,4629.3,Speaker recounts being denied hospital access to see dying father due to unvaccinated status and business closures.
9779,18,The Megyn Kelly Show,"Tucker's 1/6 Footage, Fauci's Lies, and Chris Rock's Special, with Emily Jashinsky and Eliana Johnson | Ep. 507",2023-03-08T20:14:12,3,4,0.95,mixed,conspiracy_or_institutional_trust;covid19;efficacy_or_immunity;mandates_or_policy,False,False,True,episode_9779_clip_1,3649.7,"Discusses Djokovic's exclusion due to vaccination status, asserting natural immunity is superior and policies are unscientific."
10598,30,Candace,BREAKING! Brigitte Sues Me For Defamation | Candace Ep 218,2025-07-23T21:57:00,3,4,0.95,supportive,conspiracy_or_institutional_trust;misinformation_or_fact_checking;personal_decision_or_uptake;safety_or_side_effects,True,True,True,episode_10598_clip_2,2682.2,"The host admits to not vaccinating her children, rejecting the 'anti-vax' label while confirming her personal choice."
11583,18,The Megyn Kelly Show,"VP Harris' Relief ""Equity,"" and NFL's Concussion Issue, with Rich Lowry, Chris Nowinski, and Chloe Valdary | Ep. 403",2022-10-03T19:40:02,3,4,0.95,mixed,covid19;efficacy_or_immunity;mandates_or_policy;safety_or_side_effects,True,False,True,episode_11583_clip_2,678.7,
11769,18,The Megyn Kelly Show,"Bombshell School Videos, and Dark Brandon's Speech, with Kmele Foster, Michael Moynihan, and Matt Welch | Ep. 385",2022-09-06T19:21:17,3,4,0.95,mixed,covid19;efficacy_or_immunity;mandates_or_policy;safety_or_side_effects,True,False,True,episode_11769_clip_2,2408.9,"Speakers criticize school vaccine mandates, arguing vaccines do not prevent transmission and citing ignored studies on masks."
11771,30,Candace,What Really Happened To Malaysian Airlines Flight 370? | Candace EP 80,2024-10-07T20:00:00,3,4,0.95,mixed;supportive,conspiracy_or_institutional_trust;covid19;development_or_approval;misinformation_or_fact_checking;safety_or_side_effects,True,False,True,episode_11771_clip_3,6134.7,Speaker claims to have found scientific literature proving vaccines are a farce after nine months of self-study.
11966,18,The Megyn Kelly Show,"""Experts"" Mislead on COVID Origins, and Biden's Afghanistan Baggage, with Josh Rogin and Robert O'Neill | Ep. 366",2022-08-03T19:11:12,3,4,0.95,mixed,access_or_equity;childhood_schedule;conspiracy_or_institutional_trust;covid19;mandates_or_policy,True,False,True,episode_11966_clip_1,1537.7,"Critique of school vaccine mandates for children, highlighting racial disparities and low risk to kids causing absenteeism."
12358,24,The Shawn Ryan Show,#99 John Crist - Beating Cancel Culture,2024-03-04T11:00:00,3,4,0.95,mixed,conspiracy_or_institutional_trust;mandates_or_policy;misinformation_or_fact_checking;personal_decision_or_uptake;safety_or_side_effects,True,True,True,episode_12358_clip_1,4490.6,"Speaker suggests Amish avoid vaccines and have no autism or disease, then admits it is unverified conspiracy."
12500,2,The Joe Rogan Experience,#1666 - Duncan Trussell,2021-06-11T17:00:00,3,4,0.95,mixed,conspiracy_or_institutional_trust;covid19;development_or_approval;misinformation_or_fact_checking;personal_decision_or_uptake;safety_or_side_effects,True,False,True,episode_12500_clip_1,2132.6,Speaker speculates COVID-19 might be a bioweapon engineered like toxoplasmosis to make people want to gather and contract it.
12912,2,The Joe Rogan Experience,#1642 - Andrew Santino,2021-04-29T17:29:21,3,4,0.95,mixed,covid19;development_or_approval;efficacy_or_immunity;mandates_or_policy;personal_decision_or_uptake;safety_or_side_effects,False,True,True,episode_12912_clip_1,992.6,"Speaker discusses getting vaccinated after prior infection, calling himself a 'sheep' but citing waning antibodies as the reason."
13190,18,The Megyn Kelly Show,"Zucker Advising Cuomo, Olympics Propaganda, and Cancel Culture, with Tatiana Siegel, Allison Williams, Ethan Strauss, and Akaash Singh | Ep. 255",2022-02-04T20:04:13,3,4,0.95,mixed,conspiracy_or_institutional_trust;efficacy_or_immunity;mandates_or_policy;personal_decision_or_uptake,False,False,True,episode_13190_clip_2,2785.1,"Debate ensues over whether vaccine mandates constitute force, with claims that vaccinated individuals can still transmit the virus."
13326,18,The Megyn Kelly Show,"Tristan Harris on Secrets of Social Media Algorithms, Tech Manipulation and Addiction, and How Our Feeds Divide Us | Ep. 244",2022-01-20T21:09:54,3,4,0.95,neutral,conspiracy_or_institutional_trust;covid19;development_or_approval;misinformation_or_fact_checking;safety_or_side_effects,False,False,True,episode_13326_clip_3,4347.1,
13941,18,The Megyn Kelly Show,"Culture War Disconnects, Nike Hypocrisy, and the Religion of Woke, with John McWhorter and Ethan Strauss | Ep. 189",2021-10-26T19:11:33,3,4,0.95,mixed,conspiracy_or_institutional_trust;covid19;mandates_or_policy;misinformation_or_fact_checking;personal_decision_or_uptake,False,False,True,episode_13941_clip_4,4760.0,"Analyzes Kyrie Irving's vaccine stance, noting his flat earth comments and how political sides opportunistically claim him."
14511,18,The Megyn Kelly Show,"Allie Beth Stuckey on Protecting Women and Girls, Motherhood, and the Courage To Stand Up | Ep. 130",2021-07-19T20:05:00,3,4,0.95,mixed,access_or_equity;childhood_schedule;covid19;mandates_or_policy;mmr_measles;personal_decision_or_uptake;safety_or_side_effects,False,False,True,episode_14511_clip_1,645.6,"Speakers discuss state laws allowing minors to get COVID vaccines without parental consent, citing concerns about safety and maturity."
15545,2,The Joe Rogan Experience,#1471 - Tony Hinchcliffe,2020-05-07T00:00:00,3,4,0.95,mixed;neutral,conspiracy_or_institutional_trust;covid19;development_or_approval;efficacy_or_immunity,True,False,True,episode_15545_clip_2,5950.0,Speakers speculate a scientist was murdered to prevent him from publishing a vaccine cure.
16528,8,The MeidasTouch Podcast,Trump IN PANIC MODE as HE SINKS in POLLS,2024-08-27T12:23:00,3,4,0.95,mixed;neutral,childhood_schedule;conspiracy_or_institutional_trust;mandates_or_policy;misinformation_or_fact_checking;personal_decision_or_uptake,False,False,True,episode_16528_clip_1,0.0,Reports on Trump endorsing RFK Jr. and promoting a platform to ban all school vaccine requirements under a 'Make America Healthy Again' slogan.
19129,52,Matt and Shane's Secret Podcast,Ep 469 - Joesthetics (feat. WARMODE),2023-11-22T20:46:00,3,4,0.95,mixed,conspiracy_or_institutional_trust;covid19;development_or_approval;misinformation_or_fact_checking;safety_or_side_effects,True,True,True,episode_19129_clip_1,1785.0,Speakers claim a fitness influencer died due to the vaccine despite media attributing it to coffee consumption.
20010,52,Matt and Shane's Secret Podcast,Ep 366 - He's Back,2021-10-08T17:34:00,3,4,0.95,mixed,conspiracy_or_institutional_trust;covid19;development_or_approval;efficacy_or_immunity;mandates_or_policy;personal_decision_or_uptake,True,False,True,episode_20010_clip_2,4591.8,"Speakers claim vaccines were never intended to prevent infection, only reduce hospitalizations, and allege politicians lied about mandates."
20020,52,Matt and Shane's Secret Podcast,"Ep 365 - Weed Guy (feat. Brian Six, Lemaire Lee, Ryan Shaner)",2021-09-30T22:02:00,3,4,0.95,mixed,access_or_equity;conspiracy_or_institutional_trust;covid19;development_or_approval;mandates_or_policy;misinformation_or_fact_checking;personal_decision_or_uptake;safety_or_side_effects,True,False,True,episode_20020_clip_1,3246.2,Host warns guests about YouTube banning negative speech on FDA-approved vaccines and mentions pharma funding of FDA.
20446,52,Matt and Shane's Secret Podcast,Ep 307- Shatgazi,2020-07-29T18:05:37,3,4,0.95,mixed,conspiracy_or_institutional_trust;covid19;development_or_approval;influenza;other_vaccine;personal_decision_or_uptake;safety_or_side_effects,True,False,True,episode_20446_clip_1,3600.4,Speakers speculate Bill Gates and pharma companies may manipulate vaccine markets for profit and population control.
8952,17,The Tucker Carlson Show,Andrew Tate,2024-03-06T17:00:00,3,4,0.94,supportive,conspiracy_or_institutional_trust;covid19;efficacy_or_immunity;mandates_or_policy;misinformation_or_fact_checking;personal_decision_or_uptake;safety_or_side_effects,True,False,True,episode_8952_clip_2,2254.3,Speaker cites Sweden's lack of restrictions and low death rates as proof lockdowns and vaccines were unnecessary.
11457,28,REAL AF with Andy Frisella,"800. Andy & DJ CTI: Trump Works Fry Cooker At McDonald's, Kamala Harris's Dating Show-Style Ad & Hezbollah Drone Targets Netanyahu's House",2024-10-22T09:00:00,3,4,0.94,neutral;supportive,conspiracy_or_institutional_trust;covid19;mandates_or_policy;misinformation_or_fact_checking;personal_decision_or_uptake,False,False,True,episode_11457_clip_3,4520.4,Discusses a Pentagon campaign using fake social media accounts to undermine confidence in China's COVID vaccines.
8084,2,The Joe Rogan Experience,#1894 - Suzanne Santo,2022-11-04T17:00:00,3,4,0.93,mixed,childhood_schedule;conspiracy_or_institutional_trust;covid19;development_or_approval;efficacy_or_immunity;misinformation_or_fact_checking;safety_or_side_effects,True,False,True,episode_8084_clip_3,4825.6,Speakers discuss a book alleging HIV vaccine experiments on foster kids and defend its citations against conspiracy labels.
12597,18,The Megyn Kelly Show,"Elon Musk Buys Twitter, and Free Speech Under Attack, with Charles C.W. Cooke and Yascha Mounk | Ep. 307",2022-04-25T19:25:15,3,4,0.93,mixed,conspiracy_or_institutional_trust;covid19;efficacy_or_immunity;misinformation_or_fact_checking;safety_or_side_effects,False,True,True,episode_12597_clip_3,4514.7,"Argues RFK Jr. was wrongly labeled a disinformation purveyor for challenging vaccines, noting his claims had factual bases."
4171,17,The Tucker Carlson Show,"Sen. Eric Schmitt: FBI and DOJ Corruption, and How Politicized Judges Are Undermining America",2025-08-13T16:59:00,3,4,0.92,mixed,conspiracy_or_institutional_trust;efficacy_or_immunity;mandates_or_policy;misinformation_or_fact_checking;personal_decision_or_uptake,True,False,True,episode_4171_clip_4,4612.0,Senator claims vaccines did not change transmission rates and that stating this truth led to censorship.
10725,24,The Shawn Ryan Show,#134 John Gentry - Unpacking the Information War Against the U.S.,2024-09-26T10:00:00,3,4,0.92,mixed,conspiracy_or_institutional_trust;covid19;mandates_or_policy;personal_decision_or_uptake,True,False,True,episode_10725_clip_1,6303.0,Speakers question if forced military vaccinations were an agenda to remove the old guard and demoralize institutions rather than a health measure.
12563,18,The Megyn Kelly Show,"Elite Panic Over Alternative Media Power, and Press Ignores Biden's Mental Fitness, with Matt Taibbi | Ep. 310",2022-04-28T19:29:04,3,4,0.92,mixed,conspiracy_or_institutional_trust;covid19;efficacy_or_immunity;mandates_or_policy;personal_decision_or_uptake,True,False,True,episode_12563_clip_2,2975.0,"Discussion of ongoing vaccine mandates, firing of unvaccinated staff, and suggestion that politicians benefit from perpetual emergency status."
5709,17,The Tucker Carlson Show,"Ken Paxton: How Soros Protects Drug Cartels, Being Blacklisted by Fox News, and the Laken Riley Act",2025-02-12T19:10:00,3,4,0.9,mixed,conspiracy_or_institutional_trust;covid19;development_or_approval;efficacy_or_immunity;misinformation_or_fact_checking;safety_or_side_effects,True,False,True,episode_5709_clip_3,4165.0,"Speaker claims Pfizer lied about vaccine effectiveness, censored critics, and avoided proper testing due to federal immunity."
6780,17,The Tucker Carlson Show,"Miranda Devine: All of the Biden Family Crimes, Hunter’s Future, and How History Will Remember Them",2024-10-17T17:59:00,3,4,0.9,mixed,conspiracy_or_institutional_trust;covid19;development_or_approval;efficacy_or_immunity;misinformation_or_fact_checking;safety_or_side_effects,True,False,True,episode_6780_clip_1,3678.6,Speaker claims censorship prevented scientists from stating vaccines were unnecessary and potentially harmful to young people.
7394,2,The Joe Rogan Experience,#1952 - Michael Malice,2023-03-08T18:00:00,3,4,0.9,mixed,conspiracy_or_institutional_trust;covid19;efficacy_or_immunity;mandates_or_policy;misinformation_or_fact_checking;personal_decision_or_uptake;safety_or_side_effects,True,False,True,episode_7394_clip_3,2218.4,Speaker jokes that Landmark Forum's 94% success rate is better than vaccine efficacy.
7469,19,Pod Save America,“Transition to greatness!”,2020-11-16T22:57:20,3,4,0.9,neutral,access_or_equity;covid19;development_or_approval,False,False,True,episode_7469_clip_1,374.8,Speakers discuss the Biden team's inability to coordinate vaccine supply chains due to lack of official transition access.
8274,18,The Megyn Kelly Show,"Adam Carolla on Hunter Biden Playing the Victim, ""Sociopath"" Gavin Newsom, and Crazy Plane Lady's New Excuse | Ep. 662",2023-11-03T19:00:05,3,4,0.9,mixed,conspiracy_or_institutional_trust;covid19;efficacy_or_immunity;mandates_or_policy;misinformation_or_fact_checking;personal_decision_or_uptake;safety_or_side_effects,True,False,True,episode_8274_clip_1,1604.2,"Speaker asserts that all claims made by officials about COVID vaccines were wrong, either due to stupidity or lying."
11546,2,The Joe Rogan Experience,#1730 - Cameron Hanes,2021-11-05T17:00:00,3,4,0.9,mixed,conspiracy_or_institutional_trust;covid19;efficacy_or_immunity;mandates_or_policy;misinformation_or_fact_checking;safety_or_side_effects,True,False,True,episode_11546_clip_1,2790.9,"Speakers allege tech censorship of alternative COVID treatments, claim media bias due to Pfizer funding, and oppose vaccine mandates."
12206,18,The Megyn Kelly Show,"Andrew Schulz on Trump and Biden, the State of Comedy, and Feminism | Summer Re-Release",2022-06-23T18:00:00,3,4,0.9,mixed;neutral,covid19;efficacy_or_immunity;misinformation_or_fact_checking;personal_decision_or_uptake;safety_or_side_effects,True,False,False,episode_12206_clip_3,3368.3,Guest questions the need for vaccination after prior infection and expresses uncertainty about vaccine necessity.
12620,30,Candace,Piers Morgan Caught LYING About Brigitte Macron | Candace Ep 13,2024-06-26T20:00:00,3,4,0.9,supportive,conspiracy_or_institutional_trust;covid19;efficacy_or_immunity;mandates_or_policy;misinformation_or_fact_checking,True,False,True,episode_12620_clip_1,223.8,Speaker claims mainstream media knew COVID vaccines would not prevent infection but lied to the public.
12854,28,REAL AF with Andy Frisella,"628. Andy & DJ CTI: Biden Condemns White Supremacy, Defense Secretary Austin Resumes Duties & Epstein Kept Sex Tapes",2024-01-09T10:00:00,3,4,0.9,mixed;neutral,conspiracy_or_institutional_trust;covid19;development_or_approval;mandates_or_policy,False,False,True,episode_12854_clip_2,3227.3,Speaker criticizes Biden's vaccine stance but offers grace due to misleading advice from advisors like Fauci.
12949,2,The Joe Rogan Experience,#1640 - Josh Rogin,2021-04-27T17:00:00,3,4,0.9,neutral,conspiracy_or_institutional_trust;covid19;development_or_approval;efficacy_or_immunity,False,False,True,episode_12949_clip_1,3348.9,Discusses Fauci's role in gain-of-function research and notes mRNA vaccines were funded by DARPA.
12981,18,The Megyn Kelly Show,"Biden's Incoherent State of the Union and Pandemic Hypocrisy, with Charles C.W. Cooke, Jeremy Peters, Matt Welch, and Nancy Rommelmann | Ep. 272",2022-03-02T20:13:26,3,4,0.9,mixed,conspiracy_or_institutional_trust;covid19;mandates_or_policy;personal_decision_or_uptake,False,False,True,episode_12981_clip_2,1951.8,"Panel critiques Biden's pivot on COVID, questioning why schools stayed closed and why unvaccinated or previously infected people were demonized."
15320,28,REAL AF with Andy Frisella,345. American Freedom: Now Or Never Ft. Eric Greitens,2022-07-28T09:00:14,3,4,0.9,mixed,conspiracy_or_institutional_trust;covid19;efficacy_or_immunity;mandates_or_policy;misinformation_or_fact_checking;personal_decision_or_uptake;safety_or_side_effects,True,False,True,episode_15320_clip_1,1535.6,Speaker claims firing elite operators for refusing the COVID vaccine benefits foreign adversaries and weakens the US.
15372,24,The Shawn Ryan Show,#49 Tim Parlatore - The Fight for Free Speech Against a Foreign Government,2023-02-23T11:00:00,3,4,0.9,mixed,conspiracy_or_institutional_trust;covid19;mandates_or_policy;personal_decision_or_uptake,False,False,True,episode_15372_clip_1,0.0,"Host states a guest was fired for refusing the COVID vaccine and mask mandates, framing it as censorship."
5843,19,Pod Save America,The Biden-Trump Polls are All Over the Place,2024-02-02T08:00:00,2,4,0.99,neutral,misinformation_or_fact_checking;personal_decision_or_uptake,False,False,True,episode_5843_clip_1,1327.9,Host identifies RFK Jr. as the darling of the anti-vax movement and discusses his third-party campaign finances.
6224,19,Pod Save America,12 Angry Hopefuls,2023-06-06T07:00:00,2,4,0.99,mixed,conspiracy_or_institutional_trust;covid19;misinformation_or_fact_checking;safety_or_side_effects,False,False,True,episode_6224_clip_3,3570.0,
6995,19,Pod Save America,"""Josh Hawley’s Masculinity Press Tour.""",2021-11-09T08:01:00,2,4,0.99,mixed;neutral,covid19;efficacy_or_immunity;misinformation_or_fact_checking;personal_decision_or_uptake;safety_or_side_effects,False,True,True,episode_6995_clip_2,3032.5,Criticizes Aaron Rodgers for lying about immunization status and rejecting science while accepting sports medicine.
7006,19,Pod Save America,“Can Youngkin escape Trump’s taint?”,2021-11-02T07:01:00,2,4,0.99,mixed;neutral,covid19;efficacy_or_immunity;mandates_or_policy;misinformation_or_fact_checking;personal_decision_or_uptake,False,True,True,episode_7006_clip_2,2030.1,Reveals a profiled individual was an anti-vax activist who helped destroy a testing site.
7323,19,Pod Save America,“Basket of Neanderthals.”,2021-03-04T21:57:00,2,4,0.99,mixed;neutral,conspiracy_or_institutional_trust;covid19;efficacy_or_immunity;mandates_or_policy;misinformation_or_fact_checking;personal_decision_or_uptake;safety_or_side_effects,False,False,True,episode_7323_clip_2,595.0,
7897,17,The Tucker Carlson Show,"Catherine Herridge: Being Fired From CBS, the Trump v. Biden Debate, and Hunter’s Laptop",2024-07-11T17:00:00,2,4,0.99,mixed,covid19;safety_or_side_effects,False,False,True,episode_7897_clip_1,2975.0,Interview discusses soldier's heart condition allegedly caused by COVID vaccine and military's response.
8134,18,The Megyn Kelly Show,"Fiery and Fun GOP Debate, and Vivek vs. Haley, with Josh Holmes, Glenn Greenwald, Rich Lowry, and Jim Geraghty | Ep. 681",2023-12-07T19:57:03,2,4,0.99,mixed;neutral,conspiracy_or_institutional_trust;covid19;mandates_or_policy;misinformation_or_fact_checking;safety_or_side_effects,True,False,True,episode_8134_clip_5,5585.6,Speakers discuss low compensation payouts for COVID vaccine injuries and allege censorship of safety debates.
11925,30,Candace,Guess Who’s Back? I’m Out of YouTube Jail. | Candace Ep 68,2024-09-19T21:41:00,2,4,0.99,mixed,childhood_schedule;conspiracy_or_institutional_trust;misinformation_or_fact_checking;personal_decision_or_uptake;safety_or_side_effects,True,False,True,episode_11925_clip_2,2192.9,Host reads comments praising innate immunity over vaccines and declares pride in being anti-vax.
12155,28,REAL AF with Andy Frisella,"716. Andy, Matt Graham & DJ CTI: Trump Reaction To Being Booed, Mysterious Shooting Outside Army Special Forces Residence In NC & Biden Visits Hunter's Ex Days Before Trial",2024-05-28T09:00:00,2,4,0.99,mixed,conspiracy_or_institutional_trust;efficacy_or_immunity;mandates_or_policy;misinformation_or_fact_checking;safety_or_side_effects,False,False,True,episode_12155_clip_2,4376.2,
12670,30,Candace,"I Say Ban Porn, Cardi B Defends It | Candace Ep 8",2024-06-19T20:00:00,2,4,0.99,mixed,conspiracy_or_institutional_trust;misinformation_or_fact_checking;personal_decision_or_uptake;safety_or_side_effects,True,False,True,episode_12670_clip_1,320.4,"Speaker questions why government would lie about vaccine safety, linking it to power, control, and other conspiracies."
13319,35,Right About Now - Legendary Business Advice,"Power Plays: Layoffs, Impeachment, and Strategic Shifts",2024-08-23T09:00:00,2,4,0.99,mixed;neutral,access_or_equity;childhood_schedule;conspiracy_or_institutional_trust;mandates_or_policy;other_vaccine,False,False,True,episode_13319_clip_1,1441.6,Discussion of RFK Jr.'s influence on voters due to his stance on vaccine schedules and pharmaceutical control.
13893,8,The MeidasTouch Podcast,Dems Finally go ATTACK MODE on Republicans IN PUBLIC,2024-12-15T00:00:00,2,4,0.99,mixed,conspiracy_or_institutional_trust;mandates_or_policy;misinformation_or_fact_checking;mmr_measles;polio,False,True,True,episode_13893_clip_1,224.9,Host labels Senator Banks and RFK Jr. as spreading vaccine disinfo regarding polio and measles that could cause deaths.
14566,8,The MeidasTouch Podcast,EVEN Rupert Murdoch TURNS AGAINST Trump for his Picks,2024-11-16T16:00:00,2,4,0.99,mixed,conspiracy_or_institutional_trust;mandates_or_policy;misinformation_or_fact_checking;other_vaccine,False,True,True,episode_14566_clip_1,0.0,"Discusses RFK Jr.'s appointment to HHS, citing his history of conspiracy theories on vaccines and Trump's past criticism of those views."
15255,28,REAL AF with Andy Frisella,"352. Andy & DJ CTI: Brittney Griner Verdict, MMA Fighter Takes Down NYC Assault Suspect & Nancy Pelosi Prepares To Visit DMZ With North Korea",2022-08-05T09:00:21,2,4,0.99,mixed;supportive,conspiracy_or_institutional_trust;covid19;efficacy_or_immunity;personal_decision_or_uptake;safety_or_side_effects,True,False,True,episode_15255_clip_1,1190.0,Speaker cites personal knowledge of young deaths from sudden adult death syndrome allegedly linked to vaccines.
18265,2,The Joe Rogan Experience,#1324 - Ian Edwards,2019-07-11T00:00:00,2,4,0.99,mixed,conspiracy_or_institutional_trust;efficacy_or_immunity;misinformation_or_fact_checking;safety_or_side_effects,True,True,False,episode_18265_clip_1,1636.9,"Speakers discuss the autism-vaccine link, noting intelligent people believe it while acknowledging scientific consensus on disease prevention."
578,12,Up First from NPR,"Autism and Tylenol, Jimmy Kimmel Returns, Trump At The UN",2025-09-23T11:26:35,2,4,0.98,mixed;neutral,conspiracy_or_institutional_trust;efficacy_or_immunity;misinformation_or_fact_checking;other_vaccine;safety_or_side_effects,True,True,True,episode_578_clip_2,219.2,Expert states the case is closed on vaccines causing autism while uncertainty remains regarding acetaminophen.
1321,2,The Joe Rogan Experience,#2326 - Jimmy Carr,2025-05-22T17:00:00,2,4,0.98,mixed,conspiracy_or_institutional_trust;development_or_approval;mandates_or_policy;mmr_measles;other_vaccine;safety_or_side_effects,True,False,True,episode_1321_clip_1,3909.5,Discussion claims pharma immunity led to unnecessary baby vaccines and that shaming tactics increased hesitancy.
2017,2,The Joe Rogan Experience,#2297 - Francis Foster & Konstantin Kisin,2025-03-29T17:00:00,2,4,0.98,mixed,conspiracy_or_institutional_trust;covid19;efficacy_or_immunity;mandates_or_policy;safety_or_side_effects,True,False,True,episode_2017_clip_2,5771.1,Speaker claims experimental vaccines were ineffective and protests led to bank account closures.
3496,6,Morbid,Listener Tales 42,2022-06-17T04:00:00,2,4,0.98,neutral;supportive,covid19;personal_decision_or_uptake;safety_or_side_effects,False,True,False,episode_3496_clip_1,3672.6,Narrator's brother attributed initial symptoms to his first COVID vaccine dose but was later diagnosed with COVID contracted before vaccination.
4369,20,SmartLess,"""Bill Gates""",2025-02-10T08:01:00,2,4,0.98,neutral,access_or_equity;conspiracy_or_institutional_trust;covid19;misinformation_or_fact_checking;other_vaccine,False,True,False,episode_4369_clip_2,2153.2,Gates addresses microchip conspiracy theories and notes misinformation caused vaccine hesitancy during the pandemic.
4802,2,The Joe Rogan Experience,#2162 - Tim Dillon,2024-06-11T17:00:00,2,4,0.98,mixed,conspiracy_or_institutional_trust;covid19;mandates_or_policy;misinformation_or_fact_checking;safety_or_side_effects,True,False,True,episode_4802_clip_1,2712.1,"Speakers allege Fauci lied about mandates and vaccines, citing leaked tapes and deleted emails regarding gain-of-function research."
4953,18,The Megyn Kelly Show,"Andrew Schulz, Dave Portnoy, Tim Dillon, Karoline Leavitt: Best MK Show In-Person Moments of 2025",2025-06-16T18:00:00,2,4,0.98,mixed,childhood_schedule;conspiracy_or_institutional_trust;misinformation_or_fact_checking;safety_or_side_effects,True,False,True,episode_4953_clip_2,2130.2,"Speakers allege financial incentives drive doctors to push vaccines and question why safe treatments require bonuses, implying corruption."
5637,19,Pod Save America,The Trump-Mike Johnson-MTG Love Triangle,2024-04-12T07:00:00,2,4,0.98,mixed,conspiracy_or_institutional_trust;covid19;misinformation_or_fact_checking;personal_decision_or_uptake,False,False,True,episode_5637_clip_1,2146.8,"Discussion of RFK Jr.'s anti-vax appeal, Trump's strategy regarding third-party voters, and targeting anti-vax demographics."
6126,18,The Megyn Kelly Show,"Biden Mumbles Through Farewell Speech, and Jill's Mean Girl Exit, with Ana Kasparian, Kevin Madden, Amala Ekpunobi, and Link Lauren | Ep. 984",2025-01-16T20:32:55,2,4,0.98,mixed,conspiracy_or_institutional_trust;covid19;misinformation_or_fact_checking;other_vaccine;safety_or_side_effects,True,False,True,episode_6126_clip_3,5705.2,"Speakers discuss RFK Jr.'s upcoming hearing, noting media will label him an anti-vaxxer for linking vaccines to autism, while praising his other health positions."
6519,2,The Joe Rogan Experience,#2031 - Luis J. Gomez,2023-09-06T17:00:00,2,4,0.98,mixed;neutral,conspiracy_or_institutional_trust;covid19;mandates_or_policy;misinformation_or_fact_checking;personal_decision_or_uptake;safety_or_side_effects,True,False,True,episode_6519_clip_1,5022.4,"Speakers question COVID vaccine safety, cite AZT history, and suggest a link between flu shots and voice injury."
6971,19,Pod Save America,"“Kyle Rittenhouse, Right-Wing Hero.”",2021-11-23T08:01:00,2,4,0.98,mixed,conspiracy_or_institutional_trust;covid19;development_or_approval;efficacy_or_immunity;misinformation_or_fact_checking;safety_or_side_effects,True,True,True,episode_6971_clip_1,156.3,"Hosts discuss booster authorization and antiviral pills, with one criticizing public health experts for delaying booster availability."
7064,19,Pod Save America,“Humane immigration and salad vaccination.”,2021-09-23T20:14:00,2,4,0.98,mixed;neutral,conspiracy_or_institutional_trust;covid19;misinformation_or_fact_checking;personal_decision_or_uptake,False,True,True,episode_7064_clip_2,3006.8,
7089,19,Pod Save America,“Problems not solved.”,2021-08-26T20:42:00,2,4,0.98,neutral,mandates_or_policy;personal_decision_or_uptake,False,False,True,episode_7089_clip_2,2812.9,Hosts argue Democrats should campaign aggressively in favor of vaccine mandates.
7799,22,Wait Wait... Don't Tell Me!,Ed Begley Jr.,2021-11-13T17:00:46,2,4,0.98,mixed;neutral,covid19;mandates_or_policy;misinformation_or_fact_checking;personal_decision_or_uptake,False,True,True,episode_7799_clip_1,92.5,
9147,28,REAL AF with Andy Frisella,"908. Andy & DJ CTI: Elmo's X Account Goes Rogue, Biden Tells NY Times He Didn't Approve Pardons Via Autopen & Elon Musk-Backed Neuralink Chip Gives Patient Mind-Control Superpower",2025-07-15T09:00:00,2,4,0.98,mixed,conspiracy_or_institutional_trust;covid19;efficacy_or_immunity;mandates_or_policy;misinformation_or_fact_checking;safety_or_side_effects,False,False,True,episode_9147_clip_1,2414.1,
10841,30,Candace,The Justin Bieber Plot Thickens! | Candace Ep 176,2025-04-14T22:16:00,2,4,0.98,mixed,childhood_schedule;conspiracy_or_institutional_trust;covid19;efficacy_or_immunity;mandates_or_policy;misinformation_or_fact_checking;safety_or_side_effects,True,False,True,episode_10841_clip_2,3229.1,The speaker promotes the series 'A Shot in the Dark' as essential for parents to see evidence on disease history and vaccine effectiveness before deciding.
10887,30,Candace,Who Is Controlling RFK Jr.? | Candace Ep 167,2025-03-28T22:00:00,2,4,0.98,mixed,conspiracy_or_institutional_trust;mandates_or_policy;misinformation_or_fact_checking;personal_decision_or_uptake,True,False,True,episode_10887_clip_1,1021.4,Host credits RFK Jr. for her decision not to vaccinate her children and calls the CDC a drug cartel.
11013,28,REAL AF with Andy Frisella,"843. Andy, Becky Weiss & DJ CTI: Kash Patel Confirmed As FBI Director, Zelensky Cancels Saudi Arabia Trip & RFK Jr. First Move As Health Secretary",2025-02-21T10:00:00,2,4,0.98,mixed;supportive,conspiracy_or_institutional_trust;covid19;mandates_or_policy;personal_decision_or_uptake,True,False,True,episode_11013_clip_2,5555.0,Speaker describes realizing they were 'lied to' about vaccines and criticizes the LGBTQ community for supporting mandates.
11074,30,Candace,BREAKING! Taylor Swift Turns Against Blake Lively & Ryan Reynolds | Candace Ep 141,2025-01-29T22:54:00,2,4,0.98,mixed,childhood_schedule;conspiracy_or_institutional_trust;misinformation_or_fact_checking;personal_decision_or_uptake,True,False,True,episode_11074_clip_2,2706.9,"Host identifies as anti-vax, promoting a series to help parents question vaccine necessity and understand her journey against childhood vaccines."
12422,18,The Megyn Kelly Show,"Uncovering the UAP Mystery, and Standing For Your Beliefs, with Lue Elizondo and Jonathan Isaac | Ep. 324",2022-05-18T18:00:00,2,4,0.98,mixed,covid19;efficacy_or_immunity;misinformation_or_fact_checking;personal_decision_or_uptake;safety_or_side_effects,False,False,True,episode_12422_clip_1,5470.1,"Guest explains refusing COVID vaccine due to prior infection and natural immunity, citing rare severe reaction risks and media misrepresentation."
14969,2,The Joe Rogan Experience,#1507 - Bob Saget,2020-07-14T10:00:00,2,4,0.98,neutral,covid19;development_or_approval;efficacy_or_immunity;safety_or_side_effects,False,False,False,episode_14969_clip_2,8655.1,"Discusses uncertainty around mRNA vaccine mechanisms, development speed, and potential long-term effects."
15048,28,REAL AF with Andy Frisella,"368. Andy & DJ CTI: FBI Agent Escorted From Headquarters, Federal Reserve To Launch New Instant Payment Service & Elon Musk’s Warning About Shift To Green Energy",2022-08-31T09:00:54,2,4,0.98,mixed,conspiracy_or_institutional_trust;covid19;mandates_or_policy;personal_decision_or_uptake,True,False,True,episode_15048_clip_1,985.0,Claims government intentionally dehumanized and fired unvaccinated individuals as part of a plan to establish tyranny.
16461,2,The Joe Rogan Experience,#1415 - Bari Weiss,2020-01-20T00:00:00,2,4,0.98,supportive,conspiracy_or_institutional_trust;efficacy_or_immunity;mandates_or_policy;misinformation_or_fact_checking;mmr_measles;other_vaccine;safety_or_side_effects,False,True,True,episode_16461_clip_2,1785.0,"Speakers discuss vaccine safety, the return of measles due to ignorance, and oppose religious exemptions while noting conspiracy theories."
19929,53,The Diary Of A CEO with Steven Bartlett,"Reid Hoffman, LinkedIn Founder: It’s Time To Quit Your Job When You Feel This! Selling LinkedIn For $26 Billion Taught Me This About Life! Trump Is Going To Punish Me!",2024-12-16T06:00:00,2,4,0.98,neutral,conspiracy_or_institutional_trust;covid19;misinformation_or_fact_checking;safety_or_side_effects,False,True,False,episode_19929_clip_1,5030.4,"Speaker cites false claims about chips and autism to argue for limiting reach, not speech, of misinformation."
20300,52,Matt and Shane's Secret Podcast,Ep 328- Undercover Homeless,2020-12-15T03:19:42,2,4,0.98,mixed,covid19;efficacy_or_immunity;misinformation_or_fact_checking;safety_or_side_effects,True,False,False,episode_20300_clip_2,650.1,A doctor claims the vaccine is a waste of time because the virus mutates too quickly.
20777,8,The MeidasTouch Podcast,Trump RUSHES to Supreme Court as WALLS CLOSE IN,2024-02-13T10:00:00,2,4,0.98,neutral,conspiracy_or_institutional_trust;covid19;misinformation_or_fact_checking;personal_decision_or_uptake;safety_or_side_effects,False,True,True,episode_20777_clip_2,1432.7,
7041,19,Pod Save America,"“Trump’s running again, again.”",2021-10-11T21:08:00,2,4,0.97,mixed;neutral,covid19;efficacy_or_immunity;mandates_or_policy;personal_decision_or_uptake,False,False,True,episode_7041_clip_2,2443.2,Discusses Youngkin opposing vaccine mandates while personally supporting vaccination; notes Trump's unvaccinated base.
7441,19,Pod Save America,“Pardon me?”,2020-12-03T21:52:23,2,4,0.97,neutral,access_or_equity;conspiracy_or_institutional_trust;covid19;hpv;personal_decision_or_uptake,False,False,True,episode_7441_clip_2,2975.0,
19241,8,The MeidasTouch Podcast,Trump RAGES after Horrible DAY FOR HIM,2024-05-10T09:00:00,2,4,0.97,neutral,conspiracy_or_institutional_trust;mandates_or_policy;misinformation_or_fact_checking;other_vaccine,False,True,True,episode_19241_clip_2,3570.0,Discussion on RFK Jr.'s anti-vax stance appealing to Trump voters and shifting political alliances.
6154,19,Pod Save America,Indictment Excitement (with Chris Christie!),2023-07-27T20:37:34,2,4,0.96,mixed;neutral,covid19;development_or_approval;mandates_or_policy;misinformation_or_fact_checking;safety_or_side_effects,False,False,True,episode_6154_clip_1,832.5,"Hosts analyze DeSantis's alignment with anti-vaccine figures like RFK Jr., debating whether his stance is anti-vax or merely anti-mandate."
7326,2,The Joe Rogan Experience,#1958 - Andrew Huberman,2023-03-21T17:00:00,2,4,0.96,mixed,conspiracy_or_institutional_trust;covid19;efficacy_or_immunity;misinformation_or_fact_checking;personal_decision_or_uptake,True,False,False,episode_7326_clip_1,4804.0,Suggests high percentage of COVID hospitalizations could be prevented with vitamin D supplementation.
7843,19,Pod Save America,“Trump’s Grand Opening.”,2020-04-13T20:50:12,2,4,0.96,neutral,covid19;development_or_approval;efficacy_or_immunity,False,False,True,episode_7843_clip_1,343.2,"Discussion emphasizes need for testing, tracing, and treatments until a vaccine is available to control COVID-19."
7972,18,The Megyn Kelly Show,"DeSantis Endorses Trump, Trump's VP Test, and Man Swimming Against Girls, with Emily Jashinsky, Eliana Johnson, and David Menzies | Ep. 707",2024-01-22T20:44:35,2,4,0.96,mixed,conspiracy_or_institutional_trust;covid19;mandates_or_policy;misinformation_or_fact_checking,True,False,True,episode_7972_clip_1,1785.0,Speakers allege the Biden administration worked with tech companies to censor critics and suppress COVID vaccine information.
8674,2,The Joe Rogan Experience,JRE MMA Show #127 with Mikey Musumeci,2022-07-20T17:00:00,2,4,0.96,mixed,covid19;efficacy_or_immunity;misinformation_or_fact_checking;personal_decision_or_uptake;safety_or_side_effects,True,False,False,episode_8674_clip_2,6595.9,
11662,24,The Shawn Ryan Show,"#115 Tucker Carlson - Revolution, World War 3, WTC Building 7 and Supernatural Phenomenon",2024-06-03T10:00:00,2,4,0.96,mixed,conspiracy_or_institutional_trust;covid19;efficacy_or_immunity;safety_or_side_effects,True,False,True,episode_11662_clip_1,303.3,"Speaker explains refusing the COVID vaccine due to perceived dishonesty of promoters, asserting it caused harm."
12591,28,REAL AF with Andy Frisella,"657. Andy & DJ CTI: Trump Appeals Ruling In Fraud Case, Trump Vs. Haley In South Carolina & UFC Fan Knocked Out In Massive Brawl",2024-02-27T10:00:00,2,4,0.96,supportive,conspiracy_or_institutional_trust;covid19;efficacy_or_immunity;misinformation_or_fact_checking;safety_or_side_effects,True,False,True,episode_12591_clip_1,946.8,Asserts pro-vaccine individuals were victims of a massive propaganda initiative and were wrong about vaccine safety and efficacy.
13917,28,REAL AF with Andy Frisella,"514. Andy & DJ CTI: South Shore Residents Outraged Over Migrants, Trump's Addresses CNN Town Hall In New Hampshire & Biden's Family Involved In Biz Dealings",2023-05-12T09:00:00,2,4,0.96,mixed,conspiracy_or_institutional_trust;misinformation_or_fact_checking;personal_decision_or_uptake,False,False,True,episode_13917_clip_1,2248.0,"Speaker compares election fraud believers to those forced into vaccines, claiming they attacked others who resisted the narrative."
16315,28,REAL AF with Andy Frisella,"219. Andy & DJ CTI: American Voting Rights, Doctors Vs. Podcasters & NCAA's Transgender Policy",2022-01-22T10:00:32,2,4,0.96,mixed;supportive,conspiracy_or_institutional_trust;covid19;mandates_or_policy;misinformation_or_fact_checking,False,True,True,episode_16315_clip_2,1511.5,"Discusses letter accusing Rogan of anti-vax misinformation, noting signatories' lack of medical degrees and defending dissenting doctors."
19249,52,Matt and Shane's Secret Podcast,Ep 453 - Tough Guy Heaven,2023-07-26T18:20:00,2,4,0.96,mixed,access_or_equity;conspiracy_or_institutional_trust;covid19;mandates_or_policy;personal_decision_or_uptake;safety_or_side_effects,True,False,True,episode_19249_clip_2,3086.8,Speaker jokes about getting blood clots from vaccines and recounts getting one dose to bypass work mandates.
630,2,The Joe Rogan Experience,#2361 - Graham Linehan,2025-08-06T17:00:00,2,4,0.95,mixed,conspiracy_or_institutional_trust;covid19;misinformation_or_fact_checking;safety_or_side_effects,True,False,True,episode_630_clip_1,4541.1,Speakers discuss social ostracization of unvaccinated people during COVID and allege media fabrication regarding ivermectin and flu shots.
1371,8,The MeidasTouch Podcast,Meidas Health: Dr. Nick Mark on H-1B Visas and The Future of American Medicine,2025-09-28T23:00:00,2,4,0.95,neutral;supportive,conspiracy_or_institutional_trust;development_or_approval;mandates_or_policy;misinformation_or_fact_checking;mmr_measles;safety_or_side_effects,False,True,True,episode_1371_clip_2,1190.0,"Speakers express alarm at policy shifts questioning MMRV and Hepatitis B guidelines, urging education to counter misinformation."
1913,2,The Joe Rogan Experience,#2302 - Ron White,2025-04-09T17:00:00,2,4,0.95,mixed,conspiracy_or_institutional_trust;covid19;mandates_or_policy;misinformation_or_fact_checking;safety_or_side_effects,True,False,True,episode_1913_clip_2,1860.4,Speaker claims people were tricked into believing vaccines were the only option and that everyone would die without them.
2516,2,The Joe Rogan Experience,#2272 - Mike Benz,2025-02-12T18:00:00,2,4,0.95,mixed,conspiracy_or_institutional_trust;covid19;mandates_or_policy;misinformation_or_fact_checking;safety_or_side_effects,True,False,True,episode_2516_clip_2,4584.9,Speaker claims 'information integrity' initiatives censor those questioning COVID vaccine safety or election results.
2547,2,The Joe Rogan Experience,#2270 - Bridget Phetasy,2025-02-10T18:00:00,2,4,0.95,mixed,conspiracy_or_institutional_trust;covid19;misinformation_or_fact_checking;safety_or_side_effects,True,False,True,episode_2547_clip_1,1190.0,Speaker alleges the Biden administration censored social media posts discussing truthful information about vaccine injuries and side effects.
3481,2,The Joe Rogan Experience,"#2239 - Derek, More Plates More Dates",2024-12-05T18:00:00,2,4,0.95,mixed,covid19;mandates_or_policy;misinformation_or_fact_checking;personal_decision_or_uptake;safety_or_side_effects,True,False,True,episode_3481_clip_1,6791.5,"Speakers allege lack of aspiration during injection caused vaccines to enter bloodstream, leading to heart conditions."
3652,16,The Charlie Kirk Show,"Illegal Immigrant Trucker Carnage, Courtesy of President Biden",2025-08-20T20:30:48,2,4,0.95,mixed,conspiracy_or_institutional_trust;mandates_or_policy,False,False,True,episode_3652_clip_1,1190.0,Speaker describes vaccine mandates as part of a sinister social experiment driving young voters away from Democrats.
3777,12,Up First from NPR,"Campaigning In Georgia, Vaccinations In Gaza, Judicial Reform in Mexico",2024-08-31T12:42:21,2,4,0.95,neutral,access_or_equity;efficacy_or_immunity;polio,False,False,False,episode_3777_clip_1,258.4,UN launching polio vaccination campaign in Gaza amid logistical challenges and conflict pauses to prevent regional spread.
5416,2,The Joe Rogan Experience,#2123 - Gary Clark Jr.,2024-03-22T17:00:00,2,4,0.95,mixed,conspiracy_or_institutional_trust;covid19;mandates_or_policy;misinformation_or_fact_checking;safety_or_side_effects,True,False,True,episode_5416_clip_1,7513.6,Speakers discuss Eric Clapton's vaccine injury claims and allege a coordinated media effort to silence him for causing hesitancy.
5907,2,The Joe Rogan Experience,#2089 - Joey Diaz,2024-01-20T18:00:00,2,4,0.95,mixed,conspiracy_or_institutional_trust;mandates_or_policy;other_vaccine;personal_decision_or_uptake;safety_or_side_effects,True,False,True,episode_5907_clip_1,5099.5,Speaker alleges government and media colluded to shame anti-vaccine people and censor social media posts.
6284,2,The Joe Rogan Experience,#2054 - Elon Musk,2023-10-31T18:34:19,2,4,0.95,mixed,conspiracy_or_institutional_trust;covid19;mandates_or_policy;misinformation_or_fact_checking;safety_or_side_effects,True,False,True,episode_6284_clip_1,3893.4,"Elon Musk argues lockdowns and vaccine mandates were panic-driven, claiming early COVID treatments like intubation caused more harm than the virus."
6295,19,Pod Save America,“Clarence Thomas’ Sügar Daddy.”,2023-04-11T07:00:00,2,4,0.95,neutral,conspiracy_or_institutional_trust;covid19;hpv;mandates_or_policy,False,False,True,episode_6295_clip_1,107.6,Speakers warn that a court ruling overturning FDA drug approvals could allow anti-vaxxers to challenge COVID and HPV vaccines via forum shopping.
6420,24,The Shawn Ryan Show,#229 AJ Gentile - Creator & Host of The Why Files,2025-08-21T10:00:00,2,4,0.95,mixed;neutral,conspiracy_or_institutional_trust;covid19;development_or_approval;misinformation_or_fact_checking;personal_decision_or_uptake,True,True,True,episode_6420_clip_1,9233.6,Speaker recounts taking the COVID vaccine for his son's birth but discusses a guest's misleading claims about SARS vs. COVID vaccine patents.
6565,19,Pod Save America,"""The GOP's One-Man Ban.""",2022-09-15T20:46:50,2,4,0.95,neutral,conspiracy_or_institutional_trust;covid19;misinformation_or_fact_checking;personal_decision_or_uptake,False,True,True,episode_6565_clip_2,2155.1,Candidate denies opponent's claim that Bill Gates implants microchips via COVID vaccine.
6859,24,The Shawn Ryan Show,#215 Charles Hoskinson - Cardano Founder on the Secret DARPA AI Project That Became Siri,2025-07-07T10:00:00,2,4,0.95,mixed,conspiracy_or_institutional_trust;covid19;misinformation_or_fact_checking;safety_or_side_effects,True,True,True,episode_6859_clip_2,4760.0,Speaker claims public perception of the CDC shifted from viewing them as courageous to believing they tried to kill children with vaccines.
6876,19,Pod Save America,"""Cold War, Hot Mic.""",2022-01-25T08:01:00,2,4,0.95,mixed;neutral,conspiracy_or_institutional_trust;mandates_or_policy;misinformation_or_fact_checking;personal_decision_or_uptake,False,True,True,episode_6876_clip_2,3297.3,
7016,19,Pod Save America,“How Mark Zucked America.”,2021-10-26T07:00:00,2,4,0.95,neutral,conspiracy_or_institutional_trust;covid19;misinformation_or_fact_checking,False,True,True,episode_7016_clip_1,901.0,Speakers argue Facebook algorithms radicalize users by recommending anti-vaccine and conspiracy content.
7166,17,The Tucker Carlson Show,"Charlie Kirk: Christian Values Under Attack, JFK’s Death, & How Trump Changed Politics Forever",2024-09-15T16:08:00,2,4,0.95,mixed,conspiracy_or_institutional_trust;covid19;mandates_or_policy;safety_or_side_effects,True,False,True,episode_7166_clip_1,938.9,"Speaker calls the vaccine a 'crime' history will prove wrong, notes no regret among unvaccinated, and argues pandemic measures were designed to divide families."
7414,19,Pod Save America,"""PSA Presents: The Pundies.""",2020-12-28T08:01:00,2,4,0.95,mixed,conspiracy_or_institutional_trust;covid19;efficacy_or_immunity;misinformation_or_fact_checking,False,True,True,episode_7414_clip_1,1882.9,Critiques Aaron Rodgers' unvaccinated status and media coverage of booster shot evidence.
7542,2,The Joe Rogan Experience,"Fight Companion - February 11, 2023",2023-02-12T08:31:08,2,4,0.95,mixed,conspiracy_or_institutional_trust;mandates_or_policy;misinformation_or_fact_checking;personal_decision_or_uptake;safety_or_side_effects,True,False,True,episode_7542_clip_1,12604.2,Speaker argues vaccine hesitancy is justified because people are having heart attacks and new drugs should always be viewed with caution.
7851,22,Wait Wait... Don't Tell Me!,RZA,2021-10-02T16:00:58,2,4,0.95,mixed;neutral,childhood_schedule;covid19;personal_decision_or_uptake;safety_or_side_effects,False,True,False,episode_7851_clip_1,255.8,NBA players refuse vaccination citing fears; host jokes about injury but highlights high WNBA vaccination rates.
7881,22,Wait Wait... Don't Tell Me!,Antoni Porowski,2021-09-11T01:44:26,2,4,0.95,neutral,covid19;mandates_or_policy;misinformation_or_fact_checking;safety_or_side_effects,True,True,False,episode_7881_clip_2,2380.0,"Quiz covers vaccine mandates, religious exemptions, and a study linking horse dewormer to sterilization risks."
7903,18,The Megyn Kelly Show,"RFK's 2024 Impact, ""Woke Kindergarten,"" and Inspiring ""Fast Car"" Grammys Collab, with Matt Welch, Liz Wolfe, and Sage Steele | Ep. 718",2024-02-06T20:07:45,2,4,0.95,mixed,conspiracy_or_institutional_trust;covid19;mandates_or_policy;misinformation_or_fact_checking;personal_decision_or_uptake;safety_or_side_effects,False,True,True,episode_7903_clip_1,2657.2,Speaker opposes vaccine mandates for children but states RFK Jr. spouts medical quackery regarding vaccines while supporting his right to speak.
8120,18,The Megyn Kelly Show,"Tucker Carlson on His Exit From Fox, What He's Building Now, and America's Free Speech Reckoning | Ep. 683",2023-12-11T21:00:51,2,4,0.95,mixed,covid19;mandates_or_policy;misinformation_or_fact_checking;safety_or_side_effects,True,False,True,episode_8120_clip_2,2052.0,"Promo asserts media lied claiming masks worked and vaccines were safe, alongside other contested claims."
8418,18,The Megyn Kelly Show,"Wargaming How Democrats Could Ditch Biden Next Year, and Criminalizing Speech in the U.K., with Chris Stirewalt and Calvin Robinson | Ep. 640",2023-10-04T19:06:06,2,4,0.95,mixed;neutral,conspiracy_or_institutional_trust;covid19;mandates_or_policy;personal_decision_or_uptake;safety_or_side_effects,True,False,True,episode_8418_clip_2,5781.3,"Speaker claims UK regulators censored questions about vaccine safety, lockdowns, and mask efficacy during the pandemic."
8823,18,The Megyn Kelly Show,"What Bombshell Hunter Biden Message Reveals, and Trump vs. Biden Hypocrisy From Left and Media, with Glenn Greenwald | Ep. 575",2023-06-26T19:05:40,2,4,0.95,mixed,conspiracy_or_institutional_trust;covid19;mandates_or_policy;misinformation_or_fact_checking;safety_or_side_effects,True,False,True,episode_8823_clip_1,1075.4,Claim that children were forced to receive unnecessary vaccines and that lies about COVID caused immense harm.
8943,2,The Joe Rogan Experience,#1825 - Ali Siddiq,2022-05-27T17:00:00,2,4,0.95,neutral;supportive,covid19;personal_decision_or_uptake;safety_or_side_effects,False,False,False,episode_8943_clip_2,10870.7,"Speaker claims healthy children rarely need COVID vaccines, cites personal family experience with mild illness."
9185,17,The Tucker Carlson Show,Gord Magill,2024-01-24T20:00:00,2,4,0.95,mixed,conspiracy_or_institutional_trust;covid19;mandates_or_policy,False,False,True,episode_9185_clip_1,0.0,Narrator frames Canadian trucker protest against vaccine mandates as reasonable resistance to authoritarianism.
10459,18,The Megyn Kelly Show,"Lori Lightfoot Voted Out, and Murdaugh Closing Arguments, with Mark Steyn, Dave Aronberg, and Eric Bland | Ep. 503",2023-03-01T20:14:00,2,4,0.95,neutral;supportive,conspiracy_or_institutional_trust;covid19;efficacy_or_immunity;mandates_or_policy;misinformation_or_fact_checking;other_vaccine;safety_or_side_effects,True,False,True,episode_10459_clip_1,2462.5,"Guest claims boosters lack science, caused deaths/injuries, and risks outweigh benefits for young men, criticizing Fauci."
10656,30,Candace,DOUBLE SERVED! Blake Lively And Brigitte Macron | Candace Ep 210,2025-07-02T21:33:00,2,4,0.95,mixed,childhood_schedule;conspiracy_or_institutional_trust;covid19;misinformation_or_fact_checking;safety_or_side_effects,True,False,True,episode_10656_clip_1,2401.8,"Speaker calls pregnancy vaccines absurd, cites RFK Jr. linking Hep B vaccine to autism, and states she declined Hep B for her children."
10872,30,Candace,HYPOCRISY: Blake Lively Improvised Grabbing Her Co-Star's Private Parts | Candace Ep 170,2025-04-02T22:07:00,2,4,0.95,supportive,childhood_schedule;conspiracy_or_institutional_trust;covid19;development_or_approval;mandates_or_policy;personal_decision_or_uptake,True,False,True,episode_10872_clip_1,1633.3,"Speaker opposes military vaccine mandates, claiming troops are subjected to sinister experimental testing akin to MK Ultra."
11116,28,REAL AF with Andy Frisella,"836. Andy & DJ CTI: Elon Musk Shuts Down USAID, D.C. Plane Crash & Democrats Mocked",2025-02-04T10:00:00,2,4,0.95,mixed,conspiracy_or_institutional_trust;covid19;misinformation_or_fact_checking,True,False,True,episode_11116_clip_2,2380.0,"Speakers allege powerful figures may unleash a pandemic to blame opponents and achieve depopulation, citing RFK Jr.'s stance."
11148,8,The MeidasTouch Podcast,Trump Has Meltdown as He Runs Away Like a Coward,2025-03-30T09:00:00,2,4,0.95,critical;supportive,conspiracy_or_institutional_trust;mandates_or_policy;misinformation_or_fact_checking;mmr_measles;safety_or_side_effects,False,True,True,episode_11148_clip_2,647.4,Reports FDA official resigned citing leadership's vaccine misinformation undermining public health.
11284,28,REAL AF with Andy Frisella,"818. Andy & DJ CTI: Elon Musk Publicized Names Of Gov. Employees He Wants To Cut, Kamala Harris Talks To Supporters & Eagles Fan Taunts LeBron James About Diddy Parties",2024-11-28T10:00:00,2,4,0.95,mixed,conspiracy_or_institutional_trust;covid19;mandates_or_policy;misinformation_or_fact_checking;personal_decision_or_uptake,True,False,True,episode_11284_clip_1,597.1,"Speakers discuss Trump's nomination of Jay Bhattacharya, labeling him a conspiracy theorist who endangered lives, while debating if the nomination exposes flawed officials."
11289,28,REAL AF with Andy Frisella,"817. Andy & DJ CTI: Denver Mayor Prepared To Go To Jail Over Opposition To Trump Deportations, Elon Musk Considering Buying MSNBC & Anti-Police Activist Blew $75K In Charity Funds",2024-11-27T10:00:00,2,4,0.95,mixed,conspiracy_or_institutional_trust;covid19;mandates_or_policy;misinformation_or_fact_checking;mmr_measles,True,False,True,episode_11289_clip_1,1190.0,Hosts criticize a Surgeon General pick for promoting child vaccination and discuss conflicting views on vaccine mandates and censorship.
11385,18,The Megyn Kelly Show,"Need for Pelosi Attack Transparency, Media Hypocrisy, and Left Abandons Free Speech, with Sen. Tom Cotton | Ep. 423",2022-10-31T19:39:29,2,4,0.95,mixed,conspiracy_or_institutional_trust;covid19;efficacy_or_immunity;misinformation_or_fact_checking;personal_decision_or_uptake;safety_or_side_effects,True,False,True,episode_11385_clip_1,1565.8,"Speakers allege COVID vaccines were not tested for transmission prevention and cite censorship of studies showing this, alongside claims of lab leaks."
11876,30,Candace,I Think I Found Kamala’s Real Family | Candace Ep 73,2024-09-26T22:34:00,2,4,0.95,mixed,conspiracy_or_institutional_trust;covid19;misinformation_or_fact_checking;personal_decision_or_uptake;safety_or_side_effects,True,False,True,episode_11876_clip_1,1898.0,"Claims media lies led to deaths from vaccine-induced myocarditis, contrasting with legal action against Alex Jones."
12036,18,The Megyn Kelly Show,"Biden has COVID Not Cancer, and Green Policy Consequences, with the Ruthless Podcast Hosts | Ep. 362",2022-07-21T19:10:12,2,4,0.95,mixed,covid19;efficacy_or_immunity;mandates_or_policy,True,True,True,episode_12036_clip_1,0.0,"Host critiques Biden's breakthrough case, arguing vaccines do not prevent spread and mandates are unjustified."
12103,2,The Joe Rogan Experience,JRE MMA Show #114 with Rickson Gracie,2021-08-10T17:00:00,2,4,0.95,mixed,conspiracy_or_institutional_trust;covid19;efficacy_or_immunity;mandates_or_policy;personal_decision_or_uptake,True,False,True,episode_12103_clip_1,5784.0,"Speaker claims vaccinated friend spread virus to twelve people, questioning vaccine efficacy against transmission."
12111,28,REAL AF with Andy Frisella,"722. Andy, Riley Gaines & DJ CTI: Day 3 Of Hunter Biden's Gun Trial, Trump's Concealed Carry Permit Revoked & Border Agents Turning Back Migrants",2024-06-07T09:00:00,2,4,0.95,mixed,conspiracy_or_institutional_trust;covid19;efficacy_or_immunity;mandates_or_policy;personal_decision_or_uptake;safety_or_side_effects,True,False,True,episode_12111_clip_1,2747.2,"Speaker claims COVID measures were for control and recounts refusing the vaccine, calling it 'pure blood'."
12137,2,The Joe Rogan Experience,JRE MMA Show #113 with Chad Mendes,2021-08-04T17:00:00,2,4,0.95,mixed;neutral,covid19;efficacy_or_immunity;mandates_or_policy;personal_decision_or_uptake,False,False,True,episode_12137_clip_1,6098.2,"Hosts question vaccine passport logic, claiming vaccines don't stop spread and may cause variants, while ignoring natural immunity."
12168,30,Candace,Andrew Tate x Candace Owens | Candace Ep 46,2024-08-15T20:00:00,2,4,0.95,mixed,conspiracy_or_institutional_trust;covid19;mandates_or_policy;personal_decision_or_uptake;safety_or_side_effects,True,False,True,episode_12168_clip_1,2873.0,
12189,2,The Joe Rogan Experience,#1688 - Greg Fitzsimmons,2021-07-28T17:00:00,2,4,0.95,mixed,covid19;efficacy_or_immunity;misinformation_or_fact_checking;safety_or_side_effects,False,False,False,episode_12189_clip_1,5591.3,"Discussion on waning vaccine immunity, breakthrough cases, and the argument that obesity/comorbidities are the primary risk factors."
12376,30,Candace,Biden Speech Incoming / Assassination Memory Hole | Candace Ep 31,2024-07-25T21:58:00,2,4,0.95,mixed,conspiracy_or_institutional_trust;mandates_or_policy;misinformation_or_fact_checking;safety_or_side_effects,True,False,True,episode_12376_clip_2,3144.3,"Questions why government insists on vaccination, implying ulterior motives and lack of genuine care."
12459,2,The Joe Rogan Experience,#1669 - Kyle Kulinski,2021-06-17T17:00:00,2,4,0.95,mixed,conspiracy_or_institutional_trust;covid19;efficacy_or_immunity;mandates_or_policy;safety_or_side_effects,True,False,True,episode_12459_clip_2,9882.9,"Conversation covers mask efficacy, vaccine passports, state databases, and claims vitamin D deficiency is a major comorbidity."
12471,18,The Megyn Kelly Show,"Disney's Decline, and Alarming Crypto and Stock Drops, with Chris Rufo, Eric Bolling, and Bethany Mandel | Ep. 320",2022-05-12T19:16:37,2,4,0.95,mixed,conspiracy_or_institutional_trust;covid19;mandates_or_policy;personal_decision_or_uptake;safety_or_side_effects,False,False,True,episode_12471_clip_1,5394.5,"Host criticizes CDC/FDA urgency, citing delays in addressing myocarditis in teen boys compared to formula safety investigations."
12609,30,Candace,OUCH! Tucker Carlson Embarrasses The Australian Press | Candace Ep 14,2024-06-27T20:30:00,2,4,0.95,supportive,conspiracy_or_institutional_trust;covid19;efficacy_or_immunity;misinformation_or_fact_checking;personal_decision_or_uptake,True,False,True,episode_12609_clip_2,991.1,"Speaker claims COVID shots saved tens of millions of lives, then immediately quotes a clip denying this efficacy."
12611,18,The Megyn Kelly Show,"Why CNN Plus Failed, DeSantis vs. Disney, and What Depp Trial Says About Marriage, with Steven Crowder | Ep. 306",2022-04-22T19:20:40,2,4,0.95,supportive,childhood_schedule;covid19;efficacy_or_immunity;mandates_or_policy;misinformation_or_fact_checking;safety_or_side_effects,True,False,True,episode_12611_clip_2,3570.0,"Speaker criticizes administering vaccines to children over five, claiming the risk is not real for that age group."
12630,18,The Megyn Kelly Show,"Corporate Media's Latest Smears, and a Disastrous Border Crisis, with Glenn Greenwald and Brandon Judd | Ep. 304",2022-04-20T19:04:13,2,4,0.95,supportive,covid19;efficacy_or_immunity;mandates_or_policy;personal_decision_or_uptake;safety_or_side_effects,True,False,True,episode_12630_clip_2,3570.0,Speaker claims school mandates forced vaccination despite belief that vaccines don't prevent spread and pose risks to children.
12654,18,The Megyn Kelly Show,"The Truth About Biden's Decline, and the Liberal Meltdown Over Elon Musk with Buck Sexton and Dana Loesch | Ep. 301",2022-04-15T18:00:00,2,4,0.95,mixed;supportive,conspiracy_or_institutional_trust;covid19;efficacy_or_immunity;mandates_or_policy;safety_or_side_effects,True,False,True,episode_12654_clip_1,1984.0,"Host critiques CDC guidelines, mask mandates, and claims vaccines do not stop spread while acknowledging some benefit."
12893,18,The Megyn Kelly Show,"Tone-deaf Green Activism, and Absurd COVID Authoritarianism and Kyrie Irving, with Victor Davis Hanson and Adam Carolla | Ep. 280",2022-03-15T19:23:49,2,4,0.95,mixed,childhood_schedule;covid19;mandates_or_policy;personal_decision_or_uptake;safety_or_side_effects,False,True,True,episode_12893_clip_2,4894.9,"Speakers challenge the science behind toddler mask mandates, noting low hospitalization rates for older children and low uptake among 5-11 year olds."
13074,28,REAL AF with Andy Frisella,"604. Andy & DJ CTI: Irish Representative Boasts Hate Speech Bill, Streaker Arrest At Disneyland & New York's #MeToo Law",2023-11-28T10:00:00,2,4,0.95,mixed,conspiracy_or_institutional_trust;covid19;mandates_or_policy;safety_or_side_effects,True,False,True,episode_13074_clip_1,1472.6,
13266,18,The Megyn Kelly Show,"Disturbing Leaked Illegal Immigration Video and Ray Epps Latest, with Matt Walsh and Julie Kelly | Ep. 249",2022-01-27T20:16:58,2,4,0.95,mixed,conspiracy_or_institutional_trust;covid19;development_or_approval;mandates_or_policy;misinformation_or_fact_checking;safety_or_side_effects,True,True,True,episode_13266_clip_2,3276.9,"Discusses Joe Rogan hosting an anti-vax doctor, Spotify removing the episode, and artists demanding action against misinformation."
13352,18,The Megyn Kelly Show,"Terror in Texas and a Possible Clinton Comeback, with Monica Crowley and Briahna Joy Gray | Ep. 242",2022-01-18T20:10:27,2,4,0.95,mixed,conspiracy_or_institutional_trust;covid19;efficacy_or_immunity;mandates_or_policy;safety_or_side_effects,False,True,True,episode_13352_clip_1,4989.2,
13370,2,The Joe Rogan Experience,#1618 - Mat Fraser,2021-03-11T18:00:00,2,4,0.95,mixed,covid19;efficacy_or_immunity;personal_decision_or_uptake;safety_or_side_effects,False,False,True,episode_13370_clip_1,7146.2,
13411,28,REAL AF with Andy Frisella,"570. Andy, Andrew Crapuchettes & DJ CTI: Trump Reclaiming Power, Influx Of Migrant Children In NYC & Barack Obama Gay Encounter",2023-09-08T09:00:00,2,4,0.95,mixed,conspiracy_or_institutional_trust;mandates_or_policy;personal_decision_or_uptake,False,False,True,episode_13411_clip_2,610.5,"Anecdote shared of a worker who felt coerced into vaccination to keep their job, describing it as a moral compromise."
13435,34,Finding Peak with Ryan Hanley,RHS 122 - Brandon Smith on How to Train Unstoppable Producers,2021-10-28T09:00:00,2,4,0.95,mixed,covid19;efficacy_or_immunity;mandates_or_policy;personal_decision_or_uptake;safety_or_side_effects,False,False,True,episode_13435_clip_1,412.7,"Speaker describes getting vaccinated due to peer pressure despite prior infection, reporting severe side effects like swollen lymph nodes."
13987,28,REAL AF with Andy Frisella,"505. Andy & DJ CTI: Tucker Carlson Leaves Fox, Americans Stranded In Sudan & Harriet Hageman Calls For Antony Blinken To Appear Before Congress",2023-04-25T09:00:00,2,4,0.95,mixed,conspiracy_or_institutional_trust;covid19;mandates_or_policy;misinformation_or_fact_checking;safety_or_side_effects,True,False,True,episode_13987_clip_2,1660.7,Host criticizes a journalist for advocating jail for unvaccinated people and calling vaccines unproven and potentially dangerous.
14373,18,The Megyn Kelly Show,"Heather Mac Donald on COVID Fear and Power, Embracing Balance, and The Demonization of Men | Ep. 145",2021-08-13T08:00:00,2,4,0.95,mixed,covid19;efficacy_or_immunity;mandates_or_policy;misinformation_or_fact_checking;personal_decision_or_uptake;safety_or_side_effects,False,True,True,episode_14373_clip_1,238.2,"Guest criticizes both left-wing hysteria and right-wing anti-vax movements, affirming vaccine efficacy against COVID."
14857,28,REAL AF with Andy Frisella,"383. Q&AF: Getting Buy-In From Your Employees, Compromising Quality For Price & Most Crucial Part About Personal Development",2022-09-26T09:00:19,2,4,0.95,supportive,conspiracy_or_institutional_trust;covid19;mandates_or_policy;misinformation_or_fact_checking;personal_decision_or_uptake;safety_or_side_effects,True,False,True,episode_14857_clip_1,457.1,"Host expresses shock at TV commercials for children's myocarditis, framing it as an unprecedented negative outcome."
14894,2,The Joe Rogan Experience,#1513 - Andrew Huberman,2020-07-23T00:00:00,2,4,0.95,neutral,conspiracy_or_institutional_trust;covid19;misinformation_or_fact_checking,False,True,False,episode_14894_clip_3,6230.1,
14900,18,The Megyn Kelly Show,"Chris Distefano on COVID Hysteria, Raising Tough Kids, and The Plague of Narcissism | Ep. 86",2021-04-07T08:00:00,2,4,0.95,mixed,childhood_schedule;covid19;efficacy_or_immunity;mandates_or_policy;personal_decision_or_uptake,False,False,True,episode_14900_clip_1,1535.0,"Comedian recounts pediatrician framing childhood vaccines as optional choice, contrasting with his own mandatory upbringing."
14995,35,Right About Now - Legendary Business Advice,"Tracy Duhs - Modern Wellness Advocate, Hydration Expert, Experience Maker & Community Builder",2022-05-31T08:30:00,2,4,0.95,neutral;supportive,access_or_equity;other_vaccine;personal_decision_or_uptake;safety_or_side_effects,True,False,False,episode_14995_clip_2,1785.0,"Speaker claims her daughter was vaccine-injured at age two, resulting in autoimmune conditions and hair loss."
15059,24,The Shawn Ryan Show,#52 Andrew Bustamante - CIA Spy / U.S. vs China - The New Cold War | Part 2,2023-04-03T10:00:00,2,4,0.95,mixed,conspiracy_or_institutional_trust;covid19;development_or_approval;efficacy_or_immunity;mandates_or_policy,True,False,True,episode_15059_clip_2,1282.2,Suggests the government cannot admit the pandemic response or vaccine race was a mistake due to potential lab leak implications.
15076,28,REAL AF with Andy Frisella,"366. Andy & DJ CTI: Fauci Defends Disastrous Career, Ukrainian Parliament Give Themselves A Raise & Biden's $20,000 Student Loan Forgiveness",2022-08-25T09:00:36,2,4,0.95,mixed,conspiracy_or_institutional_trust;covid19;development_or_approval;mandates_or_policy;safety_or_side_effects,True,False,True,episode_15076_clip_1,179.3,"Highlights claims that the Omicron vaccine was rushed to approval without human data, blaming Operation Warp Speed."
15115,28,REAL AF with Andy Frisella,"362. Andy & DJ CTI: Sam Harris' Absurd Comments About Trump, Opening Statement By Progressive Democrat & Berkeley Bans White People",2022-08-20T09:00:24,2,4,0.95,mixed,conspiracy_or_institutional_trust;covid19;mandates_or_policy,True,False,True,episode_15115_clip_1,595.0,
15243,18,The Megyn Kelly Show,"Biden Begins, with Ben Domenech, Krystal Ball, Saagar Enjeti, and Ryan Grim | Ep. 53",2021-01-20T10:00:00,2,4,0.95,mixed,conspiracy_or_institutional_trust;covid19;development_or_approval;efficacy_or_immunity;personal_decision_or_uptake;safety_or_side_effects,True,False,True,episode_15243_clip_3,4760.0,"Panel discusses vaccine hesitancy, trust issues, and shares anecdote that prior infection may cause worse vaccine reactions."
15414,2,The Joe Rogan Experience,#1478 - Joel Salatin,2020-05-21T00:00:00,2,4,0.95,mixed,conspiracy_or_institutional_trust;covid19;development_or_approval;efficacy_or_immunity;influenza,True,False,True,episode_15414_clip_2,3570.0,"Guest asserts flu shot efficacy is undetermined because it often misses circulating strains, rejecting expert opinion that it still offers partial protection."
15493,28,REAL AF with Andy Frisella,"327. Andy & DJ CTI: Highland Park Parade Shooting, In Mourning After Roe V. Wade & Transgender Monkeys",2022-07-06T09:00:30,2,4,0.95,mixed,conspiracy_or_institutional_trust;covid19;safety_or_side_effects,True,False,True,episode_15493_clip_2,2380.0,"Speakers suggest solar storms causing heart deaths in 2025 is a cover-up for vaccine side effects, alleging deception."
15546,8,The MeidasTouch Podcast,LEAKED Contract EXPOSES Alleged Trump PAYOFF to RFK,2024-10-06T12:00:00,2,4,0.95,mixed,childhood_schedule;covid19;misinformation_or_fact_checking;personal_decision_or_uptake;safety_or_side_effects,True,False,True,episode_15546_clip_2,595.0,"RFK Jr. claims babies receive too many vaccines, comparing doses to those for horses."
15615,2,The Joe Rogan Experience,#1465 - Tim Pool,2020-04-27T00:00:00,2,4,0.95,mixed;neutral,conspiracy_or_institutional_trust;efficacy_or_immunity;mandates_or_policy;other_vaccine,True,False,True,episode_15615_clip_1,1053.6,"Discussion links Bill Gates to conspiracy theories, mentioning 'mark of the beast' rhetoric and fears of permanent surveillance tied to vaccines."
15901,28,REAL AF with Andy Frisella,"281. Andy, Topher, Tommy Vext & DJ CTI: Rudy Giuliani's Surprise Appearance, Trump Vs. Piers Morgan & Black Lives Matter?",2022-04-22T09:00:33,2,4,0.95,supportive,conspiracy_or_institutional_trust;covid19;mandates_or_policy;safety_or_side_effects,True,False,True,episode_15901_clip_2,1785.0,"Speaker equates support for Ukraine aid with support for forced vaccination, alleging a deliberate economic reset."
17324,42,Armchair Expert with Dax Shepard,Armchair Anonymous: Wild Card VII,2025-03-07T08:35:00,2,4,0.95,neutral,other_vaccine;safety_or_side_effects,True,False,False,episode_17324_clip_1,227.6,"Narrator describes receiving Tdap and flu shots, then developing a high fever and severe arm swelling requiring emergency care."
17723,2,The Joe Rogan Experience,#1347 - Neil deGrasse Tyson,2019-09-05T00:00:00,2,4,0.95,neutral,conspiracy_or_institutional_trust;misinformation_or_fact_checking,False,True,False,episode_17723_clip_1,595.0,"Identifies vaccine deniers as a group rejecting mainstream science, noting their selective acceptance of scientific advancements while denying vaccine safety."
18195,50,This Past Weekend w/ Theo Von,#589 - Roman Empire Expert Mike Duncan,2025-06-14T08:18:00,2,4,0.95,neutral,childhood_schedule;development_or_approval;efficacy_or_immunity;mandates_or_policy,False,False,False,episode_18195_clip_1,2772.1,"Speakers discuss how vaccines eradicated childhood diseases, drastically reducing historical child mortality rates."
18688,52,Matt and Shane's Secret Podcast,Ep 526 - Reunited (feat. Billy),2024-11-01T15:52:00,2,4,0.95,mixed,childhood_schedule;covid19;mandates_or_policy;misinformation_or_fact_checking;personal_decision_or_uptake;safety_or_side_effects,True,False,False,episode_18688_clip_1,2668.7,Host recounts refusing COVID vaccine for his child and compares vet vaccine pushes to human mandates.
19050,53,The Diary Of A CEO with Steven Bartlett,Vitamin D Expert: The Fastest Way To Dementia & The Dangerous Lie You've Been Told About Sunlight!,2025-07-17T05:00:00,2,4,0.95,neutral,covid19;efficacy_or_immunity;safety_or_side_effects,False,True,False,episode_19050_clip_1,5098.4,"Explains innate vs adaptive immunity, noting SARS-CoV-2 mutations may affect vaccine antibody binding."
19802,52,Matt and Shane's Secret Podcast,"Ep 392 - Suss Al (feat. LeMaire Lee, Andy Malafarina, and mystery guest))",2022-04-19T23:49:00,2,4,0.95,mixed,covid19;efficacy_or_immunity;misinformation_or_fact_checking;safety_or_side_effects,True,False,False,episode_19802_clip_1,443.2,
19868,52,Matt and Shane's Secret Podcast,Ep 384 - Justin From Canada,2022-02-23T17:37:00,2,4,0.95,mixed,access_or_equity;conspiracy_or_institutional_trust;covid19;mandates_or_policy,False,False,True,episode_19868_clip_1,643.0,Discussion of Trudeau's comments on anti-vaxxers and asset freezing policies.
20209,52,Matt and Shane's Secret Podcast,Ep 339- The Pennsylvania Nutcracker,2021-03-17T15:34:00,2,4,0.95,mixed,conspiracy_or_institutional_trust;covid19;influenza;mandates_or_policy;misinformation_or_fact_checking;personal_decision_or_uptake,True,False,True,episode_20209_clip_1,50.9,Speaker praises Tucker Carlson for making sense when questioning belief in vaccines.
20217,53,The Diary Of A CEO with Steven Bartlett,The Anti-Woke Expert: “USA & UK Are Brainwashed!”,2024-09-23T07:40:00,2,4,0.95,mixed,conspiracy_or_institutional_trust;covid19;mandates_or_policy;misinformation_or_fact_checking,False,False,True,episode_20217_clip_1,4171.1,Speaker argues free speech regarding vaccines shifted based on which party held power.
23006,46,Pardon My Take,"Kansas State And Gonzaga Win In Thrillers, Comedian Ari Shaffir + Fyre Fest Of The Week",2023-03-24T08:18:51,2,4,0.95,mixed,conspiracy_or_institutional_trust;covid19;misinformation_or_fact_checking;safety_or_side_effects,True,True,True,episode_23006_clip_1,3765.8,Speakers mock the immediate public reaction attributing an NFL player's heart attack to vaccines as predictable misinformation.
4013,19,Pod Save America,Can Democrats Win a Shutdown Fight?,2025-09-30T07:05:00,2,4,0.94,mixed,conspiracy_or_institutional_trust;misinformation_or_fact_checking;safety_or_side_effects,True,True,True,episode_4013_clip_1,3832.8,Describes QAnon 'MedBed' conspiracy theory claiming technology can reverse vaccine damage and cure diseases.
8644,2,The Joe Rogan Experience,#1848 - Francis Foster & Konstantin Kisin,2022-07-27T17:00:00,2,4,0.94,mixed,conspiracy_or_institutional_trust;covid19;mandates_or_policy;personal_decision_or_uptake;safety_or_side_effects,True,False,True,episode_8644_clip_2,4599.0,Speaker expresses distrust in pharmaceutical companies due to past deception and criticizes non-experts forcing doctors to take vaccines.
14190,24,The Shawn Ryan Show,#72 Tony Cowden - CIA Operator Survives Deadly IED Blast that Sent Him to the Morgue | Part 2,2023-08-30T10:00:00,2,4,0.94,mixed,conspiracy_or_institutional_trust;covid19;mandates_or_policy;personal_decision_or_uptake;safety_or_side_effects,True,False,True,episode_14190_clip_2,8670.2,Speaker asserts the pandemic and vaccine narratives were lies and demands accountability for officials.
1251,2,The Joe Rogan Experience,#2329 - Ehsan Ahmad,2025-05-29T17:00:00,2,4,0.93,mixed,conspiracy_or_institutional_trust;covid19;misinformation_or_fact_checking;safety_or_side_effects,True,False,True,episode_1251_clip_2,4760.0,"Speaker claims a news report linking a doctor's death to the COVID vaccine appeared on DuckDuckGo but not Google, suggesting curation."
13130,28,REAL AF with Andy Frisella,"599. Andy & DJ CTI: Chinese Flags In San Francisco, Facebook Now Allowing 2020 Election Stolen Ads & Chris Wray Gets Caught",2023-11-18T10:00:00,2,4,0.93,mixed,conspiracy_or_institutional_trust;covid19;mandates_or_policy,True,False,True,episode_13130_clip_1,2487.0,Speaker warns of future persecution for unvaccinated individuals similar to workforce exclusion during the pandemic.
3840,2,The Joe Rogan Experience,#2219 - Donald Trump,2024-10-26T02:33:00,2,4,0.92,mixed,covid19;development_or_approval;efficacy_or_immunity;misinformation_or_fact_checking;polio;safety_or_side_effects,False,False,True,episode_3840_clip_2,7735.0,"Discusses polio vaccine success, mentions vaccine-derived polio strain, and critiques pharmaceutical advertising and side effects."
4009,2,The Joe Rogan Experience,#2208 - Brigham Buhler,2024-10-01T17:00:00,2,4,0.92,mixed,childhood_schedule;covid19;efficacy_or_immunity;misinformation_or_fact_checking;personal_decision_or_uptake;safety_or_side_effects,True,False,True,episode_4009_clip_1,1785.0,"Questions necessity of infant COVID and Hep B vaccines, linking vaccine schedule to rising autism rates."
12572,18,The Megyn Kelly Show,"Megyn Kelly's Special Message on Open and Honest Conversations, Exclusively For Podcast Listeners",2022-04-28T12:00:00,2,4,0.92,mixed,conspiracy_or_institutional_trust;covid19;efficacy_or_immunity;mandates_or_policy;misinformation_or_fact_checking;safety_or_side_effects,False,True,True,episode_12572_clip_2,741.7,"Defends RFK Jr. against disinformation labels, asserting his questions about vaccine safety are legitimate and sometimes validated by CDC reversals."
4734,19,Pod Save America,Will the GOP Hold Disaster Relief Hostage?,2025-01-14T08:05:00,2,4,0.9,supportive,conspiracy_or_institutional_trust;covid19;misinformation_or_fact_checking,False,True,True,episode_4734_clip_1,2598.2,Discussion of Zuckerberg's stance on COVID vaccine misinformation policies and government interaction regarding content moderation.
5171,19,Pod Save America,Kamala Harris's Path to 270,2024-08-27T07:00:00,2,4,0.9,mixed,conspiracy_or_institutional_trust;misinformation_or_fact_checking,True,True,True,episode_5171_clip_1,695.9,
5262,18,The Megyn Kelly Show,"Trump Takes On Big Pharma with Historic Drug Prices Exec Order, and Michelle Obama's Bitterness, with Walter Kirn | Ep. 1070",2025-05-12T19:24:35,2,4,0.9,mixed,conspiracy_or_institutional_trust;covid19;mandates_or_policy;misinformation_or_fact_checking,True,False,True,episode_5262_clip_2,2049.0,"Alleges media and politicians are controlled by Big Pharma, citing a comedian's pro-vaccine segment as paid promotion."
6223,18,The Megyn Kelly Show,"ABC Host ""Humiliated"" After Settlement, and Trump's Victory Ending the Cancel Era, with Adam Carolla and Justine Bateman | Ep. 968",2024-12-18T19:59:44,2,4,0.9,supportive,conspiracy_or_institutional_trust;covid19;efficacy_or_immunity;mandates_or_policy;misinformation_or_fact_checking,False,False,True,episode_6223_clip_3,1610.7,Asserts that mainstream narratives on vaccine efficacy and origins were wrong and conspiracy theories were correct.
7024,19,Pod Save America,“Darkest before a deal.”,2021-10-21T20:46:00,2,4,0.9,neutral,conspiracy_or_institutional_trust;covid19;misinformation_or_fact_checking,False,True,True,episode_7024_clip_2,1680.1,Speakers note Republicans are pushing anti-vaccine conspiracy theories while lacking media attention.
7300,19,Pod Save America,“The voter suppression will continue until morale improves.”,2021-03-22T21:15:00,2,4,0.9,neutral,conspiracy_or_institutional_trust;covid19;development_or_approval;misinformation_or_fact_checking;safety_or_side_effects,False,True,True,episode_7300_clip_2,2458.5,Criticizes Senator Ron Johnson for refusing to affirm vaccine safety while promoting unproven treatments.
7788,18,The Megyn Kelly Show,"Meltdown Over Supreme Court Tackling Trump ""Immunity,"" and Why Biden Won't Take Cognitive Test, with The Fifth Column | Ep. 734",2024-02-29T20:23:15,2,4,0.9,mixed,conspiracy_or_institutional_trust;covid19;misinformation_or_fact_checking;personal_decision_or_uptake,False,False,True,episode_7788_clip_2,4514.2,
8766,18,The Megyn Kelly Show,"Media's Attacks on Casey DeSantis and RFK Continue, and Importance of IRL Connection, with Stu Burguiere, David Marcus, and The Wachobs | Ep. 584",2023-07-10T19:20:58,2,4,0.9,mixed,covid19;mandates_or_policy;misinformation_or_fact_checking;personal_decision_or_uptake;safety_or_side_effects,False,True,True,episode_8766_clip_2,2975.0,Critique of media avoidance of debating RFK Jr. on vaccines; discusses his views on toxins and personal choice.
9056,2,The Joe Rogan Experience,#1816 - Gad Saad,2022-05-11T17:00:00,2,4,0.9,mixed;supportive,conspiracy_or_institutional_trust;covid19;efficacy_or_immunity;mandates_or_policy;misinformation_or_fact_checking;safety_or_side_effects,True,True,True,episode_9056_clip_1,1190.0,
10867,18,The Megyn Kelly Show,"Idaho Murders Latest, and 1/6 Intel Failures, with Matt Taibbi, Candice DeLong, Brian Entin, and Jonna Spilbor | Ep. 466",2023-01-06T21:58:00,2,4,0.9,mixed;supportive,conspiracy_or_institutional_trust;covid19;misinformation_or_fact_checking;personal_decision_or_uptake,False,True,True,episode_10867_clip_1,211.8,Guest discusses Twitter Files and alleges social media suppression of COVID vaccine experts and dissenting voices.
11456,2,The Joe Rogan Experience,#1736 - Tristan Harris & Daniel Schmachtenberger,2021-11-18T18:00:00,2,4,0.9,mixed;neutral,conspiracy_or_institutional_trust;mandates_or_policy;misinformation_or_fact_checking;personal_decision_or_uptake;safety_or_side_effects,False,True,True,episode_11456_clip_2,1847.8,Speakers discuss AI's ability to generate convincing anti-vaccine papers and fake data to flood the internet.
11477,18,The Megyn Kelly Show,"Biden's ""Strong"" Economy Spin, and Smears Over Ukraine Nuclear Concerns, with David Sacks and David Friedberg | Ep. 413",2022-10-17T19:17:17,2,4,0.9,neutral;supportive,conspiracy_or_institutional_trust;covid19;misinformation_or_fact_checking;safety_or_side_effects,True,False,True,episode_11477_clip_2,4644.6,"Discusses leaked PayPal policy to fine users $1500 for stating vaccines kill people, framing it as censorship and unconstitutional."
11562,18,The Megyn Kelly Show,"Fauci Overstays His Welcome, a Society of Whiners, and Meltdown Over Elon Buying Twitter, with Gad Saad | Ep. 405",2022-10-05T18:59:16,2,4,0.9,mixed,conspiracy_or_institutional_trust;covid19;development_or_approval;efficacy_or_immunity;misinformation_or_fact_checking,True,False,True,episode_11562_clip_1,3262.1,Speakers claim vaccines fail to prevent infection and resources should have gone to pills instead.
11731,28,REAL AF with Andy Frisella,"770. Andy, Duke Gomez & DJ CTI: Armed Venezuelan Gang Storms Colorado Apartment, Trump ‘Respectfully’ Honored Fallen Troops At Arlington Cemetery & Bud Light Back To Basics After Culture Wars Backlash",2024-08-30T09:00:00,2,4,0.9,critical,conspiracy_or_institutional_trust;covid19;personal_decision_or_uptake;safety_or_side_effects,True,False,True,episode_11731_clip_1,1190.0,Speakers joke that vaccines are a method of temporary sterilization and part of a population control scheme.
12123,18,The Megyn Kelly Show,"Threats Aimed at Kavanaugh, and a Free Speech Culture, with Greg Lukianoff and Anjelah Johnson-Reyes | Ep. 353",2022-07-08T18:57:38,2,4,0.9,mixed,covid19;efficacy_or_immunity;misinformation_or_fact_checking;safety_or_side_effects,False,True,True,episode_12123_clip_1,1027.2,Discusses Alex Berenson's suspension for claiming vaccines don't stop transmission and have terrible side effects.
12388,28,REAL AF with Andy Frisella,"683. Andy & DJ CTI: Solar Eclipse 2024, Anti-Abortion Groups Rally Behind Trump & Biden's ""Temporary"" Amnesty To 1.2M Foreign Nationals",2024-04-09T09:00:00,2,4,0.9,mixed,conspiracy_or_institutional_trust;mandates_or_policy;misinformation_or_fact_checking;personal_decision_or_uptake;safety_or_side_effects,True,False,True,episode_12388_clip_2,2388.1,"Compares abortion restrictions to vaccine mandates, arguing both impose on personal bodily autonomy."
12812,18,The Megyn Kelly Show,"Biden's Blunder and Will Smith's Oscars Smack, with Sohrab Ahmari, Emily Jashinsky, and Eliana Johnson | Ep. 287",2022-03-28T19:32:03,2,4,0.9,mixed;neutral,covid19;mandates_or_policy;misinformation_or_fact_checking;personal_decision_or_uptake,False,True,True,episode_12812_clip_1,845.7,"Host discusses fact-checking an RFK Jr. interview on vaccines, noting he was largely accurate despite reputation."
13210,24,The Shawn Ryan Show,#87 Michael Shellenberger - The Demise of California | Part 1,2023-12-04T11:00:00,2,4,0.9,mixed;supportive,conspiracy_or_institutional_trust;mandates_or_policy,True,False,True,episode_13210_clip_2,3784.4,Speaker claims police were demoralized and forced out via 'force vaccines' and woke agendas as part of a deeper ideological attack.
13272,28,REAL AF with Andy Frisella,"586. Andy & DJ CTI: Israel / Gaza Conflict, Biden's Communications With Hunter & Philadelphia Journalist Killed",2023-10-13T09:00:00,2,4,0.9,mixed,conspiracy_or_institutional_trust;covid19;misinformation_or_fact_checking;safety_or_side_effects,True,False,True,episode_13272_clip_1,1362.2,Speaker claims people died from vaccines and argues narratives shift to distract from vaccine failures and other controversies.
13663,28,REAL AF with Andy Frisella,"545. Andy, Matt Graham & DJ CTI: Trump Special Prosecutor Spent Over $9M, US Providing Cluster Bombs To Ukraine & Sound Of Freedom Exceeds Expectations",2023-07-11T09:00:00,2,4,0.9,mixed,conspiracy_or_institutional_trust;covid19;efficacy_or_immunity;misinformation_or_fact_checking;other_vaccine,True,False,True,episode_13663_clip_1,1869.4,"Speaker claims ivermectin is a proven therapeutic censored by platforms, implying vaccines were unnecessary and created for profit and control."
14072,18,The Megyn Kelly Show,"COVID Origins and the Homelessness Crisis, with Richard Muller and Michael Shellenberger | Ep. 178",2021-10-11T19:13:50,2,4,0.9,mixed,conspiracy_or_institutional_trust;covid19;development_or_approval;mandates_or_policy,True,False,True,episode_14072_clip_1,325.0,Guest argues lab leak theory is highly probable and criticizes Scott Gottlieb's stance on masks and vaccines due to Pfizer board ties.
14163,28,REAL AF with Andy Frisella,484. Part 1 - Andy & DJ CTI: ATL Police Release Alleged Terror Attack Footage & 4 U.S. Citizens Kidnapped In Mexico,2023-03-08T10:00:00,2,4,0.9,mixed,conspiracy_or_institutional_trust;covid19;mandates_or_policy;personal_decision_or_uptake;safety_or_side_effects,True,False,True,episode_14163_clip_1,1843.8,"Host claims masks are ineffective, cites old studies, and blames public for lockdowns and forced vaccination."
14340,28,REAL AF with Andy Frisella,461. Making It In America Ft. Peter Roberts (Origin USA),2023-01-25T10:00:00,2,4,0.9,supportive,conspiracy_or_institutional_trust;mandates_or_policy;misinformation_or_fact_checking;personal_decision_or_uptake,True,False,True,episode_14340_clip_1,3354.0,"Speakers claim they avoided vaccination through critical thinking, calling mandates bullshit and comparing to past pandemics."
18893,2,The Joe Rogan Experience,#1294 - Jamie Metzl,2019-05-09T00:00:00,2,4,0.9,neutral,childhood_schedule;development_or_approval;efficacy_or_immunity;mandates_or_policy;other_vaccine;personal_decision_or_uptake,False,False,False,episode_18893_clip_1,1201.6,
19466,52,Matt and Shane's Secret Podcast,Ep 422 - The Professional (feat. Billy McCusker),2022-12-23T12:00:00,2,4,0.9,mixed,conspiracy_or_institutional_trust;misinformation_or_fact_checking;safety_or_side_effects,True,False,False,episode_19466_clip_2,2389.9,Speakers assert without evidence that mRNA vaccines change human DNA and express distrust in government motives.
20274,52,Matt and Shane's Secret Podcast,Ep 331- Stolen Valor,2021-01-14T00:49:58,2,4,0.9,mixed,access_or_equity;covid19;efficacy_or_immunity;misinformation_or_fact_checking,True,True,True,episode_20274_clip_2,2010.4,Hosts sarcastically repeat rumors about vaccines being withheld from the elderly to test on people of color first.
14091,18,The Megyn Kelly Show,"Biden's Border Crisis and Cratering Poll Numbers, with Eliana Johnson, Chris Stirewalt, and Brandon Judd | Ep. 176",2021-10-07T19:16:06,2,4,0.88,mixed;neutral,conspiracy_or_institutional_trust;covid19;development_or_approval;mandates_or_policy,True,False,True,episode_14091_clip_1,1251.7,"Guest claims unvaccinated immigrants are spreading COVID, contradicting Fauci's statement that immigrants are not the driving force."
7273,2,The Joe Rogan Experience,#1962 - Eddie Huang,2023-03-29T17:00:00,2,4,0.85,mixed;neutral,conspiracy_or_institutional_trust;covid19;efficacy_or_immunity;mandates_or_policy,True,False,True,episode_7273_clip_1,2027.6,Discussion of hypothetical social credit systems linked to vaccine passports and government control over movement.
7484,18,The Megyn Kelly Show,"Kristi Noem Shoots Her Puppy, Cringe Kamala Interview, and Campus Chaos Continues, with Michael Knowles | Ep. 777",2024-04-29T19:58:32,2,4,0.85,mixed;neutral,conspiracy_or_institutional_trust;misinformation_or_fact_checking;personal_decision_or_uptake;safety_or_side_effects,True,False,True,episode_7484_clip_2,2454.9,Caller juxtaposes dog shootings with a claim that Fauci is killing people with a vaccine.
7840,2,The Joe Rogan Experience,#1915 - Brian Simpson,2022-12-27T18:00:00,2,4,0.85,mixed;neutral,covid19;development_or_approval;efficacy_or_immunity;other_vaccine;safety_or_side_effects,True,False,True,episode_7840_clip_2,10115.0,Cites claims that vaccinated uninfected people face higher infection and severe illness risks than naturally immune.
8641,17,The Tucker Carlson Show,Pavel Durov,2024-04-16T23:00:00,2,4,0.85,mixed,conspiracy_or_institutional_trust;covid19;mandates_or_policy;misinformation_or_fact_checking,True,False,True,episode_8641_clip_2,3570.0,"Guest claims their platform allowed vaccine skepticism when others censored it, implying censored views were later proven true."
9191,8,The MeidasTouch Podcast,"Meidas Health, Episode 6: Biden’s Medicare Reformer on Why Trump’s Health Plan Is Smoke and Mirrors",2025-05-15T23:00:00,2,4,0.85,neutral,access_or_equity;development_or_approval;mandates_or_policy;mmr_measles,False,False,True,episode_9191_clip_2,1486.4,Speakers express concern over NIH funding cuts impacting vaccine research and measles outbreak response capabilities.
13229,28,REAL AF with Andy Frisella,"591. Andy & DJ CTI: Dave Chappelle's Pro-Palestinian Rant, Trump Fined $5,000 & SCOTUS Vs. Biden Admin's Censoring",2023-10-24T09:00:00,2,4,0.8,mixed,conspiracy_or_institutional_trust;covid19;misinformation_or_fact_checking,True,True,True,episode_13229_clip_2,3723.0,Discusses Supreme Court case on Biden admin pressuring platforms to remove COVID vaccine misinformation.
90,5,Good Hang with Amy Poehler,Leanne Morgan,2025-07-29T10:00:00,1,4,0.99,neutral,other_vaccine;personal_decision_or_uptake;safety_or_side_effects,False,False,False,episode_90_clip_1,2500.9,"Speaker shares anecdote about receiving shingles vaccine, noting side effects and necessity of two doses."
2101,12,Up First from NPR,"Global Markets Plummet, Wrongful Deportation Deadline, Second Measles Death",2025-04-07T10:06:19,1,4,0.99,neutral,efficacy_or_immunity;mmr_measles;personal_decision_or_uptake;safety_or_side_effects,False,True,True,episode_2101_clip_1,595.0,"News report on measles deaths in unvaccinated children, declining vaccination rates, and government response."
2425,12,Up First from NPR,"Measles Outbreak, Foreign Aid Cuts, Bolsonaro Charges",2025-02-19T11:45:43,1,4,0.99,neutral,childhood_schedule;efficacy_or_immunity;mmr_measles;personal_decision_or_uptake;safety_or_side_effects,False,True,True,episode_2425_clip_1,92.3,"Report details a measles outbreak in Texas linked to low vaccination rates, citing official statistics on vaccine efficacy and safety."
3807,12,Up First from NPR,"Harris' Speech At The DNC, Trump In Arizona, New Covid Shots",2024-08-23T10:30:02,1,4,0.99,neutral,covid19;development_or_approval;efficacy_or_immunity;influenza;other_vaccine;personal_decision_or_uptake;safety_or_side_effects,False,False,False,episode_3807_clip_2,607.4,
5820,8,The MeidasTouch Podcast,Trump Makes Fatal Decision as Mass Protests Erupt,2025-08-10T09:00:00,1,4,0.99,mixed,conspiracy_or_institutional_trust;misinformation_or_fact_checking;safety_or_side_effects,False,True,True,episode_5820_clip_1,734.1,Host links a terrorist attack on a CDC employee to right-wing extremism fueled by anti-vaccine lies.
7801,19,Pod Save America,“Live and Let Die.”,2020-05-07T20:55:39,1,4,0.99,mixed,conspiracy_or_institutional_trust;influenza;personal_decision_or_uptake,False,True,True,episode_7801_clip_1,1190.0,Discusses Obama's H1N1 flu shot amid conspiracy theories and contrasts presidential approaches to public health messaging.
12754,28,REAL AF with Andy Frisella,"638. Andy & DJ CTI: GOP Chairman Resigns After Alleged 'Bribe' Attempt, Dems Call On Biden To Seize Control Of Texas National Guard & Why Never-Trumpers Think He's Losing",2024-01-26T10:00:00,1,4,0.99,mixed,conspiracy_or_institutional_trust;covid19;mandates_or_policy;safety_or_side_effects,True,False,True,episode_12754_clip_1,3087.7,Speakers claim many died from vaccines and criticize Trump's handling of the pandemic and mandates.
13749,8,The MeidasTouch Podcast,GOP Reps BLOW UP House Majority…MAGA Mike TERRIFIED,2024-12-21T18:00:00,1,4,0.99,supportive,conspiracy_or_institutional_trust;covid19;misinformation_or_fact_checking;mmr_measles;safety_or_side_effects,False,True,True,episode_13749_clip_1,255.7,"Speaker opposes RFK Jr.'s nomination, citing his history of anti-vaccine activism, false autism claims, and role in a Samoa measles outbreak."
14564,28,REAL AF with Andy Frisella,"426. Andy & DJ CTI: Democrats Launching Attack On Elon Musk, Scientists Warn Of 'Zombie Virus' & Bob Iger Contradicts Himself",2022-12-01T10:00:00,1,4,0.99,mixed,conspiracy_or_institutional_trust;covid19;mandates_or_policy;personal_decision_or_uptake;safety_or_side_effects,True,False,True,episode_14564_clip_2,1261.8,"Speakers claim vaccines lacked scientific backing, jobs were lost due to mandates, and polls showed majority opposition to vaccine requirements."
21011,53,The Diary Of A CEO with Steven Bartlett,"The Savings Expert: “Do Not Buy A House!”, How To Turn £100 Into £1.5m Without Effort: Morgan Housel",2023-11-06T06:00:00,1,4,0.99,neutral,childhood_schedule;misinformation_or_fact_checking;safety_or_side_effects,False,True,True,episode_21011_clip_2,5956.2,Discusses the false claim that vaccines cause autism and how storytelling spreads such misinformation despite factual rebuttals.
21051,59,Last Podcast On The Left,Side Stories: Resurrect-Ed,2025-08-20T07:00:00,1,4,0.99,neutral,other_vaccine;personal_decision_or_uptake;safety_or_side_effects,False,False,False,episode_21051_clip_1,3366.5,"A listener recounts receiving rabies vaccines after a bat bite, noting severe local reactions and systemic illness."
1012,2,The Joe Rogan Experience,#2340 - Charley Crockett,2025-06-19T17:00:00,1,4,0.98,mixed,conspiracy_or_institutional_trust;covid19;misinformation_or_fact_checking;safety_or_side_effects,True,False,True,episode_1012_clip_1,3101.4,"Speakers criticize Chomsky's support for COVID vaccines, calling them experimental and alleging medical industry corruption."
1034,2,The Joe Rogan Experience,#2339 - Luis J. Gomez & Big Jay Oakerson,2025-06-18T17:00:00,1,4,0.98,mixed,covid19;mandates_or_policy;misinformation_or_fact_checking;personal_decision_or_uptake,True,False,True,episode_1034_clip_1,2821.3,"Speaker admits faking a booster vaccination card, claiming no tracking occurs and comparing it to jury duty non-enforcement."
1215,12,Up First from NPR,"Texas Vigil, Flood Danger Zones, Ukraine Air Defenses",2025-07-10T10:21:19,1,4,0.98,neutral,efficacy_or_immunity;mandates_or_policy;mmr_measles;personal_decision_or_uptake,False,True,False,episode_1215_clip_1,738.9,News report details a measles resurgence linked to falling kindergarten vaccination rates below the 95% threshold.
2200,8,The MeidasTouch Podcast,Sickly Trump Loses His Mind as his Condition Worsens,2025-09-22T09:00:00,1,4,0.98,mixed,conspiracy_or_institutional_trust;development_or_approval;misinformation_or_fact_checking;safety_or_side_effects,True,True,True,episode_2200_clip_1,595.0,Speaker alleges Trump appointed unqualified people to vaccine boards and claims they will falsely attribute autism to Tylenol.
2389,12,Up First from NPR,"House Budget Plan, DOGE Resignations, Battle Against Bird Flu",2025-02-26T11:17:34,1,4,0.98,mixed,development_or_approval;efficacy_or_immunity;mandates_or_policy;other_vaccine,False,False,False,episode_2389_clip_1,626.7,"Experts debate vaccinating poultry against bird flu, weighing disease control against trade restrictions."
2585,12,Up First from NPR,"Ceasefire On Track, Pandemic Preparedness, Pepsi Sued",2025-01-18T14:57:16,1,4,0.98,mixed,conspiracy_or_institutional_trust;covid19;development_or_approval;misinformation_or_fact_checking,False,True,True,episode_2585_clip_1,421.0,"Discusses declining trust in public health, mRNA vaccine advances for bird flu, and RFK Jr.'s anti-vaccine history."
3726,16,The Charlie Kirk Show,The Left's False Choice Psy-Ops,2025-08-14T00:25:25,1,4,0.98,mixed,conspiracy_or_institutional_trust;covid19;mandates_or_policy;misinformation_or_fact_checking,False,False,True,episode_3726_clip_1,357.9,"Speakers argue social media enforces compliance through posting vax cards, criticizing media for uncritically repeating Pharma press releases."
3833,12,Up First from NPR,Peace Talks for Gaza and Sudan. DNC Look-Ahead.,2024-08-17T14:39:33,1,4,0.98,neutral,access_or_equity;polio,False,False,False,episode_3833_clip_1,155.3,Reports first polio case in Gaza in 25 years and WHO efforts to organize a vaccination campaign amid war.
4915,19,Pod Save America,Let the Blame Game Commence!,2024-11-08T08:30:00,1,4,0.98,mixed,misinformation_or_fact_checking;personal_decision_or_uptake,False,True,True,episode_4915_clip_1,1924.6,"Hosts debate engaging with Joe Rogan, explicitly citing his anti-vax views as noxious but acknowledging his reach."
5785,18,The Megyn Kelly Show,"Schumer on the Rocks, Trump Admin vs. DC Judge on Deportations, Trump Polling Highs: AM Update 3/17",2025-03-17T10:00:00,1,4,0.98,mixed,conspiracy_or_institutional_trust;covid19;efficacy_or_immunity;misinformation_or_fact_checking,False,True,True,episode_5785_clip_1,982.5,"Host critiques a columnist's shifting views on masks and claims vaccines stop spread, citing censorship and misleading public health messaging."
5938,22,Wait Wait... Don't Tell Me!,WWDTM: Amanda Seyfried,2025-03-15T07:00:59,1,4,0.98,neutral,misinformation_or_fact_checking;other_vaccine;safety_or_side_effects,True,False,True,episode_5938_clip_2,2538.8,RFK Jr. stated vaccinating against bird flu could have unexpected side effects.
6158,19,Pod Save America,Trump's Legal Eras Tour,2023-07-25T07:00:00,1,4,0.98,neutral,conspiracy_or_institutional_trust;misinformation_or_fact_checking,False,True,True,episode_6158_clip_1,3680.7,Discusses RFK Jr.'s false claim linking Hank Aaron's death to vaccines and criticism of giving him a platform.
6301,2,The Joe Rogan Experience,#2051 - Graham Hancock,2023-10-25T17:00:00,1,4,0.98,mixed,conspiracy_or_institutional_trust;misinformation_or_fact_checking;safety_or_side_effects,True,False,True,episode_6301_clip_1,8161.7,Speaker argues media suppresses vaccine safety discussions and questions institutional motives.
6790,19,Pod Save America,"""Putting the Mess in Messaging.""",2022-03-15T07:01:00,1,4,0.98,mixed,conspiracy_or_institutional_trust;covid19;misinformation_or_fact_checking,True,True,True,episode_6790_clip_1,1427.9,Hosts discuss Republican conspiracy theories alleging vaccines were a plot to implant Bill Gates chips.
6851,19,Pod Save America,Offline: Roxane Gay on Why People Are So Awful Online,2022-02-06T08:01:00,1,4,0.98,mixed,conspiracy_or_institutional_trust;covid19;misinformation_or_fact_checking;safety_or_side_effects,False,True,True,episode_6851_clip_1,1190.0,
8188,19,Pod Save America,"“Ukraine, if you’re listening.”",2019-10-03T20:55:56,1,4,0.98,neutral,conspiracy_or_institutional_trust;influenza;misinformation_or_fact_checking;personal_decision_or_uptake,False,True,False,episode_8188_clip_1,4970.1,"Discussion on anti-vaxxer motivations, emphasizing empathy and honesty over blame to address health conspiracies."
9003,8,The MeidasTouch Podcast,MeidasTouch Full Podcast - 5/30/25,2025-05-30T09:00:00,1,4,0.98,mixed,access_or_equity;covid19;misinformation_or_fact_checking;safety_or_side_effects,False,True,True,episode_9003_clip_1,595.0,Hosts claim Trump's administration removes vaccine recommendations and cancels bird flu vaccines based on false mRNA safety concerns.
9290,17,The Tucker Carlson Show,Colby Covington,2023-12-28T00:00:00,1,4,0.98,mixed,conspiracy_or_institutional_trust;efficacy_or_immunity;safety_or_side_effects,True,False,True,episode_9290_clip_1,139.7,Guest questions safety of double jabs and implies celebrities are paid to promote vaccines by 'Satan'.
9303,17,The Tucker Carlson Show,Tucker speaks at AmericaFest,2023-12-20T00:00:00,1,4,0.98,mixed,conspiracy_or_institutional_trust;development_or_approval;safety_or_side_effects,True,False,True,episode_9303_clip_1,2685.3,Speaker claims churches pushed untested vaccines and that Christianity was corrupted by political mingling.
10988,28,REAL AF with Andy Frisella,"846. Andy & DJ CTI: Joy Reid Show Canceled, Apple To Invest $500 Billion in U.S. & Trump Issues Dire WWIII Warning",2025-02-25T10:00:00,1,4,0.98,critical,conspiracy_or_institutional_trust;covid19;misinformation_or_fact_checking;safety_or_side_effects,True,False,True,episode_10988_clip_2,1024.4,"Speaker claims vaccines cause myocarditis and accelerated cancers, calling recipients victims of lies."
12001,30,Candace,Trump VS Kamala: The Unexpected Winner… | Candace Ep 62,2024-09-11T22:35:00,1,4,0.98,supportive,conspiracy_or_institutional_trust;misinformation_or_fact_checking,True,False,True,episode_12001_clip_1,2621.1,Speaker alleges the government is intentionally making people sick and stupid via vaccines and criticizes institutions for suppressing this view.
12016,30,Candace,Uh-oh! I Got Fired From YouTube. | Candace Ep 61,2024-09-10T21:47:00,1,4,0.98,supportive,conspiracy_or_institutional_trust;misinformation_or_fact_checking;safety_or_side_effects,True,False,True,episode_12016_clip_1,2443.8,"Speaker claims doctors and mothers are allowing harmful substances into bodies via vaccines and birth control, alleging large-scale lies."
12698,18,The Megyn Kelly Show,"Inappropriate Messaging to Our Kids, and Being Skeptical of Power, with Jeremy Boreing and Bryan Dean Wright | Ep. 297",2022-04-11T19:07:07,1,4,0.98,mixed,covid19;efficacy_or_immunity;mandates_or_policy;safety_or_side_effects,True,False,True,episode_12698_clip_1,239.8,"Speakers argue school quarantine policies punish unvaccinated children to guilt parents, claiming vaccines offer no benefit for transmission or survival in kids."
13261,28,REAL AF with Andy Frisella,"588. Andy & DJ CTI: Palestinian Flag On Statue Of King Charles I, Trump Gag Order & Jim Jordan Seeks To Sway Speaker Vote",2023-10-17T09:00:00,1,4,0.98,mixed,conspiracy_or_institutional_trust;misinformation_or_fact_checking,True,False,True,episode_13261_clip_1,2384.6,"Speaker alleges global elites plan depopulation using vaccines, pandemics, or war to eliminate strong men who might revolt."
13419,28,REAL AF with Andy Frisella,"569. Andy & DJ CTI: Biden Disappointed At China's Xi, Fauci Concerned People Won't Abide & Archives Ask For Robert Peters Alias Emails",2023-09-05T09:00:00,1,4,0.98,mixed,conspiracy_or_institutional_trust;covid19;efficacy_or_immunity;mandates_or_policy;safety_or_side_effects,True,False,True,episode_13419_clip_1,3010.6,
13707,28,REAL AF with Andy Frisella,"541. Andy & DJ CTI: Murder Charges Dropped, NYC Mayor 'Plantation' Owner Comparison & Supreme Court Outlaws Affirmative Action",2023-07-01T09:00:00,1,4,0.98,mixed,conspiracy_or_institutional_trust;safety_or_side_effects,True,False,True,episode_13707_clip_1,3110.2,
14185,18,The Megyn Kelly Show,"The Truth about Del Rio and the Migrant Crisis with Dennis Michael Lynch, Stephanie Crisp-Canales, and Brandon Darby | Ep. 165",2021-09-22T19:45:23,1,4,0.98,mixed,covid19;efficacy_or_immunity;mandates_or_policy;misinformation_or_fact_checking;personal_decision_or_uptake;safety_or_side_effects,True,False,True,episode_14185_clip_1,1455.4,"Guest claims personal health negates need for vaccination, criticizes border policy regarding testing/vaccination of migrants."
16127,28,REAL AF with Andy Frisella,"250. Andy & DJ CTI: Black Panther Director Arrested, No Jail Time For Injecting Patients & U.S. Biolabs In Ukraine",2022-03-10T10:00:31,1,4,0.98,mixed,conspiracy_or_institutional_trust;covid19;misinformation_or_fact_checking;safety_or_side_effects,True,False,True,episode_16127_clip_1,778.3,"Discussion of a man sentenced for administering fake COVID vaccines, leading to claims that the legal system is corrupt and real vaccines may also lack accountability."
18356,52,Matt and Shane's Secret Podcast,Ep 569 - A Derosa Garden (feat. Joe Derosa),2025-07-24T12:00:00,1,4,0.98,mixed,covid19;misinformation_or_fact_checking;safety_or_side_effects,True,False,True,episode_18356_clip_1,3951.4,"Comedians recount an incident where a performer collapsed after bragging about boosters, jokingly implying causation while acknowledging it was likely a faint."
18731,52,Matt and Shane's Secret Podcast,Ep 521 - Time Under Tension (feat. Chris Distefano),2024-10-10T19:34:00,1,4,0.98,mixed,covid19;mandates_or_policy;misinformation_or_fact_checking;personal_decision_or_uptake;safety_or_side_effects,True,False,True,episode_18731_clip_1,2986.2,"Speakers discuss obtaining fake vaccine cards, question government motives, and recount a pediatrician's warning about child mortality risks."
19189,2,The Joe Rogan Experience,#1282 - Adam Conover,2019-04-17T00:00:00,1,4,0.98,neutral,conspiracy_or_institutional_trust;misinformation_or_fact_checking;safety_or_side_effects,False,True,False,episode_19189_clip_2,9588.6,"Host recounts an expert guest stating vaccines do not cause autism, noting symptoms often appear coincidentally after vaccination."
19867,55,3 Takeaways™,The Age of DNA: Ginkgo Bioworks Co-Founder Jason Kelly (#100),2022-07-05T05:00:00,1,4,0.98,neutral,covid19;development_or_approval;efficacy_or_immunity,False,False,False,episode_19867_clip_1,595.0,Explains mRNA vaccine design process and how it activates the immune system.
19956,55,3 Takeaways™,World Renowned Thinker and Harvard Professor Steven Pinker: Human Action Can Improve the World (#68),2021-11-23T06:00:00,1,4,0.98,neutral,conspiracy_or_institutional_trust;covid19;misinformation_or_fact_checking;personal_decision_or_uptake,False,True,True,episode_19956_clip_1,129.1,Pinker cites the microchip conspiracy theory as irrationality and explains vaccine hesitancy stems from partisan bias and intuitive thinking.
20597,53,The Diary Of A CEO with Steven Bartlett,Ozempic Expert: Ozempic Increases This Disease By A Factor Of 9! They're Lying To You About Ozempic Side Effects & What It's Doing To Our Brains! - Johann Hari,2024-04-29T05:00:00,1,4,0.98,neutral,access_or_equity;covid19;mandates_or_policy,False,False,False,episode_20597_clip_1,8190.3,
21669,53,The Diary Of A CEO with Steven Bartlett,Sadiq Khan: Why Are Police Officers Attacking Women? How Safe Are We REALLY?,2023-01-26T06:00:00,1,4,0.98,neutral,childhood_schedule;misinformation_or_fact_checking;safety_or_side_effects,False,True,True,episode_21669_clip_1,4167.4,Describes how emotional storytelling about autism and vaccines influenced a scientist despite knowing the science.
22799,53,The Diary Of A CEO with Steven Bartlett,"Dr Alex George: My Hardest Day In A&E, Family Suicide & Finding TRUE Purpose",2021-07-19T03:30:00,1,4,0.98,mixed,conspiracy_or_institutional_trust;covid19;efficacy_or_immunity;misinformation_or_fact_checking,False,True,True,episode_22799_clip_3,4764.1,"Speaker refutes online claims that COVID is a hoax, vaccines don't work, or 5G causes illness, citing personal experience with patient deaths."
1235,12,Up First from NPR,When News Broke,2025-07-06T07:00:59,1,4,0.97,neutral,conspiracy_or_institutional_trust;covid19;misinformation_or_fact_checking,False,True,True,episode_1235_clip_1,0.0,Host notes a date believed vaccines cause autism (debunked) and cites media bubbles rejecting health interventions like COVID vaccines.
4161,19,Pod Save America,Pete Buttigieg Thinks Democrats Can't Go Back,2025-08-10T07:05:00,1,4,0.97,neutral,development_or_approval;mandates_or_policy;other_vaccine,False,False,True,episode_4161_clip_1,1886.8,"Speaker claims RFK is canceling bird flu vaccine development, affecting public safety."
4482,2,The Joe Rogan Experience,#2182 - Michael Malice,2024-07-30T17:00:00,1,4,0.97,mixed,conspiracy_or_institutional_trust;covid19;mandates_or_policy;safety_or_side_effects,True,False,True,episode_4482_clip_1,6889.3,"Speakers mock compliance with vaccine mandates, allege profit-driven narratives, and criticize censorship of vaccine questions."
6302,18,The Megyn Kelly Show,"Dems Reckon with Biden's Pardon Lies, and Kamala's Possibly Tipsy Closing Message, with The Fifth Column Hosts | Ep. 955",2024-12-03T21:44:40,1,4,0.97,mixed,conspiracy_or_institutional_trust;covid19;mandates_or_policy,True,False,True,episode_6302_clip_1,448.5,"Speaker claims officials lied about COVID vaccine mandates, causing job losses for military personnel."
9243,17,The Tucker Carlson Show,Dr. Willie Soon,2024-01-09T22:00:00,1,4,0.97,critical,conspiracy_or_institutional_trust;covid19;efficacy_or_immunity;misinformation_or_fact_checking;safety_or_side_effects,True,False,True,episode_9243_clip_1,1890.8,"Guest asserts vaccines, masks, and lockdowns did not work and describes the period as a dark age in medical science."
10574,30,Candace,"First Epstein, Now Diddy. What Is Donald Trump Thinking?! | Candace Ep 222",2025-07-31T22:01:00,1,4,0.97,mixed,conspiracy_or_institutional_trust;covid19;personal_decision_or_uptake,False,False,True,episode_10574_clip_1,2777.0,Speaker states they were against COVID vaccines from day one due to distrust of Big Pharma and advises controlling household vaccination choices.
12766,28,REAL AF with Andy Frisella,"637. Andy & DJ CTI: Trump Vs Haley In NH, SCOTUS Allows Agents To Cut Razor Wire & PA Reclaims Indigenous Mascot",2024-01-24T10:00:00,1,4,0.97,mixed,covid19;misinformation_or_fact_checking;safety_or_side_effects,True,False,True,episode_12766_clip_1,2001.5,Commenter suggests vaccinated people are sickening the unvaccinated; host discusses all-cause death data.
14123,8,The MeidasTouch Podcast,Trump TRIES TO DISTRACT as his GOONS act IN SILENCE,2024-12-07T10:00:00,1,4,0.97,mixed,conspiracy_or_institutional_trust;misinformation_or_fact_checking;mmr_measles,False,True,True,episode_14123_clip_1,463.6,"Links RFK Jr. to 2019 Samoa measles outbreak due to anti-vaccine advocacy, citing his conspiracy theories as harmful legacy."
14756,38,Proven Podcast,Unmasking Podcasts and Profits -  Jordan Harbinger,2024-08-28T04:00:00,1,4,0.97,neutral,conspiracy_or_institutional_trust;covid19;misinformation_or_fact_checking,False,True,True,episode_14756_clip_1,1306.9,Describes how a content creator shifted to anti-vaccine conspiracy content like poison or microchips to capture audience attention.
15443,18,The Megyn Kelly Show,"Andrew Sullivan on America, the Media, and Fighting for Freedom | Ep. 33",2020-12-04T10:00:00,1,4,0.97,neutral,covid19;development_or_approval;efficacy_or_immunity;safety_or_side_effects,False,True,False,episode_15443_clip_1,2599.7,"Host explains FDA expedited review process for COVID vaccines, addressing timeline concerns and noting high efficacy rates."
16151,28,REAL AF with Andy Frisella,"246. Andy & DJ CTI: White House's Ulterior Motive, Poop Criminal Cut Loose & Melinda Gates Speaks",2022-03-04T10:00:26,1,4,0.97,mixed,access_or_equity;conspiracy_or_institutional_trust;covid19;mandates_or_policy,True,False,True,episode_16151_clip_1,636.3,"Speakers allege leaders have blood on their hands, demand political accountability for pandemic actions, and claim new funding is a ploy to continue control via tests and vaccines."
2615,2,The Joe Rogan Experience,#2267 - Dan Richards,2025-02-04T18:00:00,1,4,0.96,mixed,covid19;efficacy_or_immunity;mandates_or_policy;misinformation_or_fact_checking;safety_or_side_effects,True,False,True,episode_2615_clip_1,7016.4,"Speaker claims no healthy children died of COVID, questions vaccine efficacy, and criticizes mask mandates."
3378,16,The Charlie Kirk Show,THOUGHTCRIME Ep. 99 — Thoughtcrime IRL,2025-10-04T07:00:00,1,4,0.96,mixed,conspiracy_or_institutional_trust;covid19;development_or_approval;misinformation_or_fact_checking,True,False,True,episode_3378_clip_1,918.9,Speakers discuss a TV show plot where elites fake a pandemic to force sterilizing vaccines for population control.
5752,19,Pod Save America,Supreme Court Refuses to Exonerate Trump for Jan. 6th,2024-03-05T08:00:00,1,4,0.96,mixed,childhood_schedule;mandates_or_policy;mmr_measles;polio,False,True,True,episode_5752_clip_1,595.0,Discussion of Trump's threat to cut funding for schools with vaccine mandates and resulting measles outbreaks.
5964,18,The Megyn Kelly Show,"Trump's Nominee Chavez-DeRemer Grilled, RFK Unleashed, Lively-Baldoni Latest: AM Update for 2/20",2025-02-20T11:00:00,1,4,0.96,mixed,conspiracy_or_institutional_trust;development_or_approval;misinformation_or_fact_checking;safety_or_side_effects,True,False,True,episode_5964_clip_1,595.0,RFK Jr. questions vaccine safety and corporate influence; pledges transparency and unbiased science review.
6006,18,The Megyn Kelly Show,"Trump Cheered at Super Bowl, Taylor Swift Gets Booed, and Pfizer and Bud Light Try to Make a Comeback, with ""Crain & Company"" | Ep. 1004",2025-02-11T01:05:03,1,4,0.96,supportive,conspiracy_or_institutional_trust;covid19;development_or_approval;safety_or_side_effects,True,False,True,episode_6006_clip_1,1785.0,"Claims Pfizer hid side effects, caused myocarditis in boys, and executives got rich while injured Americans received little compensation."
6830,18,The Megyn Kelly Show,"Kamala Finally Agrees to Interview, and Truth About Learning Loss, with Gov. Glenn Youngkin, Michael Knowles, and Carrie Prejean Boller | Ep. 872",2024-08-28T19:39:13,1,4,0.96,mixed,conspiracy_or_institutional_trust;efficacy_or_immunity;personal_decision_or_uptake,False,False,True,episode_6830_clip_1,1785.0,RFK Jr. questioned vaccine efficacy; speakers debate his motives and public perception.
7038,19,Pod Save America,"""Two Truths & the Big Lie."" (with Jen Psaki!)",2021-10-14T21:34:00,1,4,0.96,neutral,conspiracy_or_institutional_trust;covid19;misinformation_or_fact_checking,False,True,True,episode_7038_clip_1,3814.7,Describes OAN segment claiming COVID vaccine makes arm magnetic; presented as false example.
7719,8,The MeidasTouch Podcast,Rep. Auchincloss Responds to Trump’s Chaos,2025-06-26T00:00:00,1,4,0.96,mixed,childhood_schedule;conspiracy_or_institutional_trust;misinformation_or_fact_checking;safety_or_side_effects,False,True,True,episode_7719_clip_1,891.3,"Speaker alleges RFK Jr. peddles pseudoscience and conspiracy theories, undermining trust and causing preventable deaths."
10551,18,The Megyn Kelly Show,"Does Nikki Haley Have a Shot, and Parenting and Friendship Tips, with David Sacks, and Megyn's Friends | Ep. 494",2023-02-15T20:27:57,1,4,0.96,mixed,covid19;development_or_approval;efficacy_or_immunity;safety_or_side_effects,True,False,True,episode_10551_clip_1,1660.6,"Speaker suggests DeSantis could attack Trump by claiming COVID vaccines lack efficacy, have mixed safety data, and benefited Big Pharma."
10560,18,The Megyn Kelly Show,"America's ""Reality Crisis,"" and Free Speech and Censorship Today, with Spencer Klavan, Will Chamberlain, and Kate Tummarello | Ep. 493",2023-02-14T19:30:00,1,4,0.96,mixed,covid19;efficacy_or_immunity;misinformation_or_fact_checking,False,False,True,episode_10560_clip_2,4510.0,Speaker cites censorship of claims that vaccines do not prevent COVID spread as an example of problematic content moderation.
10994,30,Candace,Blake Lively's BOMBSHELL Legal Filing | Candace Ep 149,2025-02-19T23:47:00,1,4,0.96,critical,conspiracy_or_institutional_trust;covid19;development_or_approval;safety_or_side_effects,True,False,True,episode_10994_clip_1,2790.3,Ad claims Pfizer bribed the FDA for vaccine approval and warns of future pandemics requiring alternative kits.
11343,18,The Megyn Kelly Show,"Dark Brandon Tries Again, with Andrew Klavan, and COVID Origins Deep Dive, with Dr. Alina Chan and Dr. Robert Garry | Ep. 426",2022-11-03T19:13:41,1,4,0.96,mixed,conspiracy_or_institutional_trust;covid19;efficacy_or_immunity;safety_or_side_effects,False,True,True,episode_11343_clip_1,3958.7,"Guest argues lack of transparency on origins undermines trust in vaccines, despite acknowledging their benefits."
13476,28,REAL AF with Andy Frisella,"564. Andy, Linda Catalina & DJ CTI: Vivek Ramaswamy Republican Debate, Donald Trump To Be Arrested & Wagner Boss Jet Crash",2023-08-25T09:00:00,1,4,0.96,mixed,conspiracy_or_institutional_trust;covid19;mandates_or_policy;safety_or_side_effects,True,False,True,episode_13476_clip_1,2782.8,
13566,28,REAL AF with Andy Frisella,"554. Q&AF: Marijuana Politicized, Dealing With Family In 'No Mans Land' & Building The Right Employees",2023-07-31T09:00:00,1,4,0.96,mixed,conspiracy_or_institutional_trust;covid19;development_or_approval;safety_or_side_effects,True,False,True,episode_13566_clip_1,241.8,
14818,8,The MeidasTouch Podcast,Trump CAUGHT in NEW SCAM with FAKE AD,2024-11-02T16:11:00,1,4,0.96,mixed,conspiracy_or_institutional_trust;misinformation_or_fact_checking;other_vaccine,False,True,True,episode_14818_clip_1,462.4,Host identifies a Trump supporter in a video as an anti-vaccine influencer selling merchandise.
14830,8,The MeidasTouch Podcast,Trump TANKS HIMSELF before Election Day,2024-11-01T09:00:00,1,4,0.96,mixed,conspiracy_or_institutional_trust;misinformation_or_fact_checking;other_vaccine;safety_or_side_effects,False,True,True,episode_14830_clip_1,1505.6,"Host warns against appointing an anti-vaxxer to HHS, linking it to broader gutting of health services."
15795,2,The Joe Rogan Experience,#1447 - Tom Segura,2020-03-25T00:00:00,1,4,0.96,mixed,conspiracy_or_institutional_trust;covid19;development_or_approval;misinformation_or_fact_checking,False,True,True,episode_15795_clip_2,8435.5,"Speakers mock anti-vaxxers, question vaccine uptake, and discuss timeline for a coronavirus vaccine."
16134,2,The Joe Rogan Experience,#1430 - Raghunath Cappo,2020-02-21T00:00:00,1,4,0.96,mixed,conspiracy_or_institutional_trust;efficacy_or_immunity;other_vaccine;safety_or_side_effects,True,False,False,episode_16134_clip_1,4018.2,"Speakers discuss Lyme disease, alleging it was a biological weapon and claiming the Lyme vaccine caused the disease rather than preventing it."
16370,28,REAL AF with Andy Frisella,"214. Q&AF: Spreading The Message, Restarting #75HARD & Cultivating Leaders",2022-01-14T10:00:00,1,4,0.96,supportive,conspiracy_or_institutional_trust;covid19;mandates_or_policy;personal_decision_or_uptake,True,False,True,episode_16370_clip_1,0.0,"Urges listeners to choose sides against tyranny, claiming people were lied to about vaccines and are now angry."
20847,54,The Home Service Expert Podcast,Adopting Performance-Based Compensation to Scale Your Business Sustainably,2021-12-31T11:00:00,1,4,0.96,mixed,covid19;efficacy_or_immunity;personal_decision_or_uptake,True,False,True,episode_20847_clip_1,116.6,Guest declines vaccine citing prior infection and natural antibodies as sufficient protection.
21674,59,Last Podcast On The Left,Episode 609: Lori Vallow and Chad Daybell - The Doomsday Murders Part I - Beyond The Veil,2025-02-21T21:03:18,1,4,0.96,mixed,conspiracy_or_institutional_trust;covid19;misinformation_or_fact_checking,False,False,True,episode_21674_clip_1,6311.0,Links New Age movements and right-wing extremism through shared beliefs about COVID lockdowns and vaccines.
146,5,Good Hang with Amy Poehler,Dakota Johnson,2025-06-10T10:00:00,1,4,0.95,mixed,personal_decision_or_uptake;safety_or_side_effects,True,False,False,episode_146_clip_1,1203.3,Guest states she is not vaccinated and expresses disbelief in medicine while endorsing homeopathic remedies.
1202,6,Morbid,Listener Tales 84,2024-03-28T07:01:00,1,4,0.95,neutral,development_or_approval;polio;safety_or_side_effects,False,False,False,episode_1202_clip_1,1897.2,Narrator describes the development of the polio vaccine at Letchworth Village via testing on institutionalized children.
1871,2,The Joe Rogan Experience,#2304 - Gary Brecka,2025-04-11T17:00:00,1,4,0.95,mixed,misinformation_or_fact_checking;safety_or_side_effects,True,False,False,episode_1871_clip_1,4336.9,"The speaker lists vaccines as one of several cumulative toxic factors potentially harming Americans, alongside seed oils and fluoride."
2361,12,Up First from NPR,"Zelenskyy-Vance-Trump Blow Up, DOJ Demotions, Feds Plan for Bird Flu",2025-03-01T15:30:58,1,4,0.95,neutral,development_or_approval;mandates_or_policy;other_vaccine,False,False,False,episode_2361_clip_1,703.6,"Report discusses USDA plans for bird flu, including potential vaccination of poultry and cows, industry division, and trade implications."
2563,12,Up First from NPR,"Immigration Crackdown, Health Officials Muted, Oscar Nominations",2025-01-23T10:51:07,1,4,0.95,neutral,conspiracy_or_institutional_trust;hpv;mandates_or_policy,False,False,True,episode_2563_clip_1,453.1,"Reports on RFK Jr.'s confirmation hearing, noting his opposition to vaccine requirements and financial ties to lawsuits against Merck's HPV vaccine."
3197,8,The MeidasTouch Podcast,Senator Baldwin Addresses Trump’s Attacks on Wisconsin,2025-09-14T00:00:00,1,4,0.95,mixed,conspiracy_or_institutional_trust;mandates_or_policy;misinformation_or_fact_checking;safety_or_side_effects,False,False,True,episode_3197_clip_1,709.6,"Discussion of RFK Jr.'s actions at the CDC, with senators alleging he is endangering constituents while others express continued trust in the administration."
4290,20,SmartLess,INTRODUCING: Staying Alive with Jon Gabrus and Adam Pally,2025-04-29T07:00:00,1,4,0.95,mixed,efficacy_or_immunity;misinformation_or_fact_checking,True,False,False,episode_4290_clip_1,311.1,
4305,2,The Joe Rogan Experience,#2193 - Jack Symes,2024-08-22T17:00:00,1,4,0.95,mixed,conspiracy_or_institutional_trust;covid19;misinformation_or_fact_checking;safety_or_side_effects,False,False,True,episode_4305_clip_1,9870.6,
4413,19,Pod Save America,Pope Save America,2025-05-09T07:05:00,1,4,0.95,neutral,conspiracy_or_institutional_trust;covid19;development_or_approval;misinformation_or_fact_checking,False,True,True,episode_4413_clip_1,2408.0,
4544,8,The MeidasTouch Podcast,Trump Has Disaster Morning as War Explodes,2025-08-28T18:00:00,1,4,0.95,mixed,access_or_equity;conspiracy_or_institutional_trust;mandates_or_policy,False,False,True,episode_4544_clip_1,630.0,"Host claims RFK Jr. is preventing access to vaccines and dismantling vaccine boards, while criticizing forced restrictions."
4595,8,The MeidasTouch Podcast,Trump faces Sudden Disaster as He Gets Booed Everywhere,2025-08-28T09:00:00,1,4,0.95,critical,access_or_equity;conspiracy_or_institutional_trust;covid19;mandates_or_policy,True,False,True,episode_4595_clip_1,187.2,Describes new limits on COVID vaccine access requiring doctor approval and alleges government pressure on doctors to withhold vaccines.
4766,2,The Joe Rogan Experience,#2165 - Jack Carr,2024-06-18T17:00:00,1,4,0.95,supportive,efficacy_or_immunity;influenza,True,False,False,episode_4766_clip_1,9840.1,Speaker claims flu shot caused their only two flu infections and asserts healthy people do not need it.
5401,19,Pod Save America,This Is Your Debate on Drugs,2024-06-25T07:30:00,1,4,0.95,neutral,childhood_schedule;mandates_or_policy;misinformation_or_fact_checking;mmr_measles;polio,False,True,True,episode_5401_clip_1,595.0,Hosts critique a candidate's pledge to end vaccine mandates and cut education funding.
5598,18,The Megyn Kelly Show,"Trump vs. Judges, Clooney vs. MSNBC, and Legacy Media Failing in New Media, with Mike Solana, Dave Aronberg, and Mike Davis",2025-04-04T19:21:30,1,4,0.95,mixed,conspiracy_or_institutional_trust;covid19;development_or_approval;personal_decision_or_uptake;safety_or_side_effects,True,False,True,episode_5598_clip_1,4971.8,Speaker expresses regret over COVID vaccination due to distrust of authorities and views it as a massive experiment.
5608,19,Pod Save America,Law and Odor: Trump Trials,2024-04-22T07:00:00,1,4,0.95,mixed,conspiracy_or_institutional_trust;misinformation_or_fact_checking;other_vaccine;safety_or_side_effects,False,True,True,episode_5608_clip_1,2380.0,Hosts discuss RFK Jr.'s anti-vaccine rhetoric and question his DTAP vaccine comments.
5629,19,Pod Save America,The People vs Donald Trump,2024-04-16T07:00:00,1,4,0.95,neutral,conspiracy_or_institutional_trust;covid19;misinformation_or_fact_checking;other_vaccine,False,True,True,episode_5629_clip_1,2083.7,"Notes public memory errors regarding Trump, Biden, Fauci, and anti-vaccine sentiment during the pandemic."
5672,18,The Megyn Kelly Show,"The Vances Visit Greenland, Major MS-13 Arrest, Stefanik Withdraws Her UN Nomination: AM Update 3/28",2025-03-28T10:00:00,1,4,0.95,mixed,conspiracy_or_institutional_trust;efficacy_or_immunity;mandates_or_policy;misinformation_or_fact_checking;safety_or_side_effects,False,False,True,episode_5672_clip_1,595.0,Critics allege the administration is slashing vaccine research and launching conspiracy investigations while promoting debunked science.
5966,2,The Joe Rogan Experience,JRE MMA Show #152 with Sean Brady,2024-01-11T17:00:00,1,4,0.95,mixed,covid19;efficacy_or_immunity;misinformation_or_fact_checking;personal_decision_or_uptake;safety_or_side_effects,True,False,True,episode_5966_clip_1,1785.0,"Speaker discusses nearly getting vaccinated, then hesitating after hearing of strokes and claims by Dr. Robert Malone regarding mRNA technology reactions."
6044,19,Pod Save America,"Hamas Makes War, Republicans Play Politics",2023-10-10T07:00:00,1,4,0.95,mixed,conspiracy_or_institutional_trust;misinformation_or_fact_checking;other_vaccine;personal_decision_or_uptake,False,False,True,episode_6044_clip_1,2380.0,Speakers discuss RFK Jr.'s anti-vaccine views as a political strategy and the risk of his candidacy fracturing the electorate.
6211,18,The Megyn Kelly Show,"Fani Willis DQ'ed in Georgia, and Delusional Biden's Cognitive Decline, with VDH, Ashleigh Merchant, Mike Davis, and Phil Holloway | Ep. 970",2024-12-19T20:31:27,1,4,0.95,mixed,childhood_schedule;conspiracy_or_institutional_trust;covid19;mandates_or_policy;mmr_measles;polio;safety_or_side_effects,False,True,True,episode_6211_clip_1,5961.2,Discussion suggests RFK Jr. should avoid questioning polio/measles vaccines but can question mRNA vaccines; notes Trump denies banning polio vaccines.
6231,2,The Joe Rogan Experience,#2060 - Gary Brecka,2023-11-09T18:23:16,1,4,0.95,mixed,conspiracy_or_institutional_trust;efficacy_or_immunity;misinformation_or_fact_checking;safety_or_side_effects,True,False,True,episode_6231_clip_1,4278.3,
6394,19,Pod Save America,Donald vs. Ronald,2023-01-31T08:00:00,1,4,0.95,mixed,covid19;mandates_or_policy;misinformation_or_fact_checking;personal_decision_or_uptake,False,False,True,episode_6394_clip_1,634.1,"Discussion of Trump and DeSantis shifting stances on vaccines, mandates, and the anti-vax movement within the GOP."
6441,2,The Joe Rogan Experience,#2039 - Michael Easter,2023-09-26T17:00:00,1,4,0.95,mixed,covid19;efficacy_or_immunity;mandates_or_policy;safety_or_side_effects,True,False,True,episode_6441_clip_1,5410.1,Discusses evolving understanding of mRNA vaccine efficacy against transmission and cites a study suggesting increased infection risk with boosters.
6481,18,The Megyn Kelly Show,"Panicked Media Getting More Hysterical, and Bezos Calls Out Own Newsroom, with Glenn Beck and Salena Zito | Ep. 929",2024-10-29T19:45:17,1,4,0.95,mixed,conspiracy_or_institutional_trust;efficacy_or_immunity;misinformation_or_fact_checking,True,False,True,episode_6481_clip_1,1872.8,Speakers claim media and government collude to hide truths about vaccine efficacy and silence dissenting voices like Elon Musk.
6483,19,Pod Save America,“Between Barack and A Hard Place.”,2022-11-01T07:00:00,1,4,0.95,mixed,conspiracy_or_institutional_trust;misinformation_or_fact_checking;safety_or_side_effects,True,True,True,episode_6483_clip_1,1190.0,Host discusses an attacker influenced by conspiracy theories claiming vaccines are deadly and weaken the immune system.
6823,19,Pod Save America,Offline: Ezra Klein on the Democrat’s Echo Chamber,2022-02-20T08:01:00,1,4,0.95,neutral,conspiracy_or_institutional_trust;covid19;efficacy_or_immunity;misinformation_or_fact_checking,False,True,True,episode_6823_clip_1,1971.3,Discussion notes vaccines performed well despite public debate focusing on misinformation and trust issues.
6837,17,The Tucker Carlson Show,Harmeet Dhillon: The Shocking Origin Story of Kamala Harris and All the Crimes She’s Committed,2024-10-11T18:15:00,1,4,0.95,mixed,conspiracy_or_institutional_trust;covid19;efficacy_or_immunity;mandates_or_policy,True,False,True,episode_6837_clip_1,6661.3,
6911,17,The Tucker Carlson Show,Medical Ethicist Charles Camosy Debunks Media Lies About Abortion and Kamala’s Love for Infanticide,2024-10-03T17:45:00,1,4,0.95,mixed,covid19;mandates_or_policy;personal_decision_or_uptake,False,False,True,episode_6911_clip_2,6890.8,Guest argues vaccine mandates violate bodily autonomy and compares them to slavery and Nazi attitudes.
6932,19,Pod Save America,What A Year! (LIVE from LA),2021-12-21T08:01:00,1,4,0.95,neutral,covid19;misinformation_or_fact_checking;safety_or_side_effects,True,True,True,episode_6932_clip_1,177.3,"The host satirically recounts Nicki Minaj's claim that a vaccine caused swollen testicles and impotence, mocking the story's escalation."
7007,8,The MeidasTouch Podcast,"Meidas Health, Episode 11: Dr. Tina Shah and the Nation's Most Flippable House Seat",2025-07-13T00:00:00,1,4,0.95,neutral,conspiracy_or_institutional_trust;covid19;mandates_or_policy;safety_or_side_effects,False,False,True,episode_7007_clip_1,654.6,Speaker claims RFK and Trump replaced scientific experts on vaccine boards with non-scientists.
7179,19,Pod Save America,“Trump Leaks and Tax Cheats.” (with Rep. Val Demings!),2021-06-14T22:16:00,1,4,0.95,neutral,access_or_equity;covid19;efficacy_or_immunity;mandates_or_policy,False,False,True,episode_7179_clip_2,3084.3,"Discussion on G7 vaccine donations, the need for global vaccination to prevent variants, and infrastructure challenges in distribution."
7243,2,The Joe Rogan Experience,#1965 - David Choe,2023-04-04T17:00:00,1,4,0.95,mixed,conspiracy_or_institutional_trust;misinformation_or_fact_checking;other_vaccine,True,False,False,episode_7243_clip_1,9150.8,"Host promotes 'Dissolving Illusions,' a book questioning vaccine history and disease narratives, implying skepticism."
7306,8,The MeidasTouch Podcast,Trump Gets Rude Awakening as It All Backfires in His Face,2025-07-06T18:00:00,1,4,0.95,neutral,childhood_schedule;mmr_measles;personal_decision_or_uptake,False,False,True,episode_7306_clip_1,358.1,Host states a measles outbreak is fueled by falling childhood vaccination rates in West Texas.
7370,2,The Joe Rogan Experience,#1954 - Bert Kreischer,2023-03-14T17:00:00,1,4,0.95,mixed,conspiracy_or_institutional_trust;misinformation_or_fact_checking;safety_or_side_effects,True,False,True,episode_7370_clip_1,11391.1,"Speakers allege pharmaceutical companies prioritize profits over lives, citing past criminal fines for deadly drugs as evidence of risk."
7392,19,Pod Save America,"""2 Impeachment 2 Furious.”",2021-01-14T22:10:27,1,4,0.95,neutral,conspiracy_or_institutional_trust;misinformation_or_fact_checking;safety_or_side_effects,False,True,True,episode_7392_clip_1,4760.0,
7463,19,Pod Save America,“My Cousin Rudy.”,2020-11-19T22:07:00,1,4,0.95,neutral,access_or_equity;covid19;development_or_approval,False,False,True,episode_7463_clip_1,1388.9,Discussion on how delaying the presidential transition hinders vaccine distribution planning and costs lives during the pandemic.
7561,19,Pod Save America,"“Will you shut up, man?” (Debate recap special)",2020-09-30T21:43:47,1,4,0.95,neutral,conspiracy_or_institutional_trust;covid19;development_or_approval;efficacy_or_immunity,False,False,True,episode_7561_clip_1,1883.2,Discussion of Trump's 2020 debate comments urging trust in pharmaceutical companies to deliver a vaccine before the election.
7652,2,The Joe Rogan Experience,#1933 - Jordan Peterson,2023-01-28T18:00:00,1,4,0.95,mixed,covid19;efficacy_or_immunity;mandates_or_policy;safety_or_side_effects,False,False,False,episode_7652_clip_1,3449.8,Speaker discusses nurses with natural immunity being mandated to vaccinate despite apprehensions and reported adverse reactions.
7682,19,Pod Save America,“Parscale finds something new.”,2020-07-16T21:09:27,1,4,0.95,neutral,covid19;development_or_approval;efficacy_or_immunity,False,False,False,episode_7682_clip_1,4320.5,"Guest estimates a theoretical vaccine by end of 2020 and herd immunity by mid-2021, emphasizing manufacturing scale."
7985,18,The Megyn Kelly Show,"Truth About Kamala Harris's Rise and Relationships, and Gender Identity Reality, with Charlie Spiering and Billboard Chris | Ep. 705",2024-01-18T20:03:11,1,4,0.95,critical,conspiracy_or_institutional_trust;covid19;safety_or_side_effects,True,False,True,episode_7985_clip_1,5519.2,"Speaker alleges drug companies and CDC knew about myocarditis risks from the start but suppressed the message, causing deaths."
8014,17,The Tucker Carlson Show,"Steve Sailer: BLM, Karens, Donald Trump, and What Democrats Don’t Want You to Know about DEI",2024-06-25T17:00:00,1,4,0.95,critical,covid19;personal_decision_or_uptake;safety_or_side_effects,True,False,False,episode_8014_clip_1,4975.9,"Speaker claims to know people injured by the vaccine but no one who died of COVID, questioning the perceived reality of the pandemic."
8235,2,The Joe Rogan Experience,#1880 - Tulsi Gabbard,2022-10-11T17:00:00,1,4,0.95,mixed,conspiracy_or_institutional_trust;covid19;safety_or_side_effects,False,False,True,episode_8235_clip_1,8031.7,"Critics argue White House ignored nutrition advice in favor of vaccine mandates, suggesting systemic incentives for sickness."
8324,17,The Tucker Carlson Show,"Erik Prince: CIA Corruption, Killer Drones, and Government Surveillance",2024-05-21T17:00:00,1,4,0.95,mixed,conspiracy_or_institutional_trust;covid19;misinformation_or_fact_checking;safety_or_side_effects,True,False,True,episode_8324_clip_2,5950.0,Speakers discuss a dating app for the unvaccinated and raise the possibility of mRNA altering genetics without confirming truth.
8429,18,The Megyn Kelly Show,"Trump's Power of Persuasion, and Democrats Downplaying Biden Corruption, with Scott Adams and Margot Cleveland | Ep. 638",2023-09-29T19:22:36,1,4,0.95,mixed,covid19;efficacy_or_immunity;misinformation_or_fact_checking,True,False,False,episode_8429_clip_1,4197.6,A guest suggests framing vaccines as causing weight loss or increased attractiveness would boost uptake.
8478,8,The MeidasTouch Podcast,MeidasTouch Full Podcast - 6/10/25,2025-06-10T09:00:00,1,4,0.95,critical,conspiracy_or_institutional_trust;mandates_or_policy,False,False,True,episode_8478_clip_1,4217.2,"Host reports RFK Jr. removed CDC advisory panel members, framing it as dismantling vaccine policy."
8487,18,The Megyn Kelly Show,"Trump's Abortion Strategy, and Allegations Against Russell Brand, with David Sacks, Will Witt, and Savanah Hernandez | Ep. 629",2023-09-18T19:39:49,1,4,0.95,mixed,covid19;efficacy_or_immunity;mandates_or_policy;safety_or_side_effects,True,False,True,episode_8487_clip_1,1847.8,"Trump claims vaccines were rushed, helped but hurt many, while citing Democrats who say they saved millions."
8559,2,The Joe Rogan Experience,#1855 - Chris Best,2022-08-11T17:00:00,1,4,0.95,mixed,conspiracy_or_institutional_trust;covid19;efficacy_or_immunity;misinformation_or_fact_checking;safety_or_side_effects,True,False,True,episode_8559_clip_1,815.0,Discussion of Alex Berenson publishing negative COVID vaccine studies and CDC withholding booster data to avoid hesitancy.
8863,17,The Tucker Carlson Show,Roseanne Barr,2024-03-23T17:00:00,1,4,0.95,mixed,covid19;misinformation_or_fact_checking;safety_or_side_effects,True,False,True,episode_8863_clip_1,371.8,"Guest jokes that getting the vaccine causes sterility, implying recipients need not worry about pregnancy or abortion bans."
9016,17,The Tucker Carlson Show,Eduardo Bolsonaro & Paulo Figueiredo,2024-03-01T00:00:00,1,4,0.95,mixed,conspiracy_or_institutional_trust;covid19;mandates_or_policy;safety_or_side_effects,True,False,True,episode_9016_clip_1,948.4,
9080,8,The MeidasTouch Podcast,Fox News Implodes Live on Air over Trump Collapsing,2025-05-24T18:00:00,1,4,0.95,mixed,covid19;efficacy_or_immunity;mandates_or_policy;misinformation_or_fact_checking;safety_or_side_effects,False,True,True,episode_9080_clip_1,106.2,Discusses ban on COVID boosters for under-65s and critiques lack of evidence for young people.
9128,17,The Tucker Carlson Show,Russell Brand,2024-01-31T00:00:00,1,4,0.95,mixed,conspiracy_or_institutional_trust;covid19;development_or_approval;misinformation_or_fact_checking,False,False,True,episode_9128_clip_1,803.6,
9164,8,The MeidasTouch Podcast,Trump Has Extreme Meltdown as He Kills His Own Term,2025-05-18T15:45:00,1,4,0.95,mixed,mandates_or_policy;misinformation_or_fact_checking;mmr_measles,False,True,True,episode_9164_clip_1,656.8,Host criticizes RFK Jr. for suggesting uncertainty about measles vaccination during an outbreak at Newark Airport.
9277,24,The Shawn Ryan Show,#143 Pete Hegseth - Secretary of Defense Nominee,2024-11-07T11:00:00,1,4,0.95,mixed,conspiracy_or_institutional_trust;mandates_or_policy;personal_decision_or_uptake,True,False,True,episode_9277_clip_1,2023.7,Speaker alleges a purge of military personnel occurred due to vaccine mandates and conscience objections.
9295,2,The Joe Rogan Experience,#1802 - Protect Our Parks 3,2022-04-07T17:00:00,1,4,0.95,mixed,efficacy_or_immunity;mandates_or_policy;safety_or_side_effects,True,False,True,episode_9295_clip_2,14453.4,Speakers argue lockdowns were ineffective and imply natural immunity or early treatment is superior to vaccination.
10435,8,The MeidasTouch Podcast,Marjorie Taylor Greene Turns Against Trump in Public,2025-05-05T15:21:00,1,4,0.95,mixed,covid19;efficacy_or_immunity;misinformation_or_fact_checking;safety_or_side_effects,True,True,True,episode_10435_clip_1,160.4,MTG claims millions of injuries/deaths from COVID vaccines; host rebuts citing effectiveness and higher death rates in unvaccinated.
10445,30,Candace,INSANITY! Guess Who Kash Patel Sent To Investigate Charlie Kirk's Assassination | Ep 247,2025-10-02T23:13:00,1,4,0.95,supportive,childhood_schedule;conspiracy_or_institutional_trust;mandates_or_policy;safety_or_side_effects,True,False,True,episode_10445_clip_1,3032.3,"Speaker urges homeschooling to avoid mandatory school vaccines, calling them poison and claiming government ownership of children's bodies."
10515,30,Candace,I’M BACK! And STILL Asking Questions (Sorry Brigitte). | Candace Ep 233,2025-09-04T22:21:00,1,4,0.95,mixed,covid19;mandates_or_policy;personal_decision_or_uptake,False,False,True,episode_10515_clip_1,3009.6,Celebrates Florida considering removing vaccine mandates and urges parents to refuse government access to children's bodies.
10518,2,The Joe Rogan Experience,#1792 - Daryl Davis & Bill Ottman,2022-03-15T17:00:00,1,4,0.95,mixed,conspiracy_or_institutional_trust;covid19;efficacy_or_immunity;misinformation_or_fact_checking,False,False,True,episode_10518_clip_1,3884.5,"Speaker claims people were banned for stating vaccinated individuals can spread COVID, a fact later acknowledged, and discusses suppression of treatment info."
10593,30,Candace,WOAH! Trump Named In Epstein Files. ‘Becoming Brigitte’ Goes International. | Candace Ep 219,2025-07-24T21:41:00,1,4,0.95,supportive,conspiracy_or_institutional_trust;misinformation_or_fact_checking;safety_or_side_effects,True,False,True,episode_10593_clip_1,2853.8,The host claims the state wants to harm people by administering 80 vaccines and adding fluoride to water as part of a corrupt narrative.
10602,30,Candace,The Epstein Files: The House Of Maxwell | Ep 2,2025-07-22T22:00:00,1,4,0.95,supportive,conspiracy_or_institutional_trust;misinformation_or_fact_checking;safety_or_side_effects,True,False,True,episode_10602_clip_1,2506.7,The host urges parents to watch her series to protect them from doctors who allegedly lie about vaccine history and risks.
10645,8,The MeidasTouch Podcast,Trump Crumbles Fast and Gives Up in Public,2025-04-23T09:00:00,1,4,0.95,mixed,conspiracy_or_institutional_trust;misinformation_or_fact_checking;safety_or_side_effects,True,False,True,episode_10645_clip_1,595.0,"RFK Jr. claims vaccines cause autism and lists autoimmune diseases/allergies as unknown in his childhood, implying a vaccine link."
10666,2,The Joe Rogan Experience,#1783 - Ben Burgis,2022-02-24T18:00:00,1,4,0.95,mixed,covid19;efficacy_or_immunity;misinformation_or_fact_checking,False,True,True,episode_10666_clip_1,4020.1,"Speaker notes that claims about vaccines stopping transmission were initially treated as fact but later proven false, citing changing guidance."
10830,30,Candace,Blake Lively Filed A Sham Lawsuit. Is This Now A Criminal Case? | Candace Ep 179,2025-04-21T21:56:00,1,4,0.95,mixed,conspiracy_or_institutional_trust;misinformation_or_fact_checking;other_vaccine;safety_or_side_effects,True,False,True,episode_10830_clip_1,3185.4,"The speaker promotes a vaccine series for parents and claims Big Pharma is an evil, satanic entity established to make people sick."
10860,2,The Joe Rogan Experience,#1771 - Andy Stumpf,2022-02-03T23:00:00,1,4,0.95,mixed,conspiracy_or_institutional_trust;covid19;mandates_or_policy,True,False,True,episode_10860_clip_2,4629.7,Speakers discuss lockdown efficacy and raise the theory that mandates aim to implement a social credit control system.
10974,30,Candace,STOP EVERYTHING. They FINALLY Mentioned ME In The Blake Lively Lawsuit! | Candace Ep 152,2025-02-26T22:42:00,1,4,0.95,supportive,conspiracy_or_institutional_trust;misinformation_or_fact_checking;polio;safety_or_side_effects,True,False,False,episode_10974_clip_1,2380.0,"Promotes an upcoming episode claiming the polio vaccine narrative involves lies and misrepresentations, citing personal injury from Gardasil as motivation."
11032,30,Candace,Taylor Swift Booed. I Blame Ryan Reynolds. | Candace Ep 145,2025-02-10T22:40:00,1,4,0.95,mixed,covid19;misinformation_or_fact_checking;safety_or_side_effects,True,False,True,episode_11032_clip_1,1785.0,Ad claims millions feel unwell after mRNA shots and promotes a supplement for 'long COVID syndrome' and 'spike detox' following Fauci's pardon.
11056,30,Candace,EXCLUSIVE! Did Ryan Reynolds Extort Hollywood Execs? | Candace Ep 143,2025-02-03T21:17:00,1,4,0.95,mixed,covid19;misinformation_or_fact_checking;safety_or_side_effects,True,False,True,episode_11056_clip_1,1637.0,Ad repeats claims that millions suffer after mRNA shots and promotes supplements for 'spike detox' and long COVID symptoms.
11086,2,The Joe Rogan Experience,#1759 - Oliver Stone,2022-01-05T18:00:00,1,4,0.95,mixed,conspiracy_or_institutional_trust;covid19;misinformation_or_fact_checking,True,False,True,episode_11086_clip_1,5799.5,Oliver Stone alleges a Rolling Stone article about ivermectin overdoses was fabricated and used a stock photo of people waiting to be vaccinated.
11201,28,REAL AF with Andy Frisella,"828. Andy & DJ CTI: Trump's Inauguration, Joe Reid 'Apartheid' Rant & TikTok Ban",2025-01-15T10:00:00,1,4,0.95,mixed,conspiracy_or_institutional_trust;efficacy_or_immunity;mandates_or_policy,True,False,True,episode_11201_clip_1,1810.3,Speaker claims military members were expelled as domestic threats for refusing an unproven vaccine.
11240,30,Candace,"Meet My Husband, George Farmer | Candace Ep 119",2024-12-12T17:35:23,1,4,0.95,supportive,childhood_schedule;misinformation_or_fact_checking;personal_decision_or_uptake,False,False,True,episode_11240_clip_1,1897.7,"Speakers discuss how one changed from accepting the UK vaccine schedule to opposing vaccination for her children after researching, contrasting US and UK cultural attitudes."
11398,28,REAL AF with Andy Frisella,"805. Andy, Josh Seiter & DJ CTI: Biden Brands Trump Supporters 'Garbage', Trump Sues Pennsylvania & New Diddy Allegations",2024-11-01T09:00:00,1,4,0.95,mixed,conspiracy_or_institutional_trust;covid19;mandates_or_policy;misinformation_or_fact_checking,True,False,True,episode_11398_clip_1,3021.4,"Speakers allege a plan existed to isolate or remove unvaccinated people during COVID, citing rhetoric about excluding them from society."
11610,2,The Joe Rogan Experience,#1726 - Chuck Palahniuk,2021-10-27T17:00:00,1,4,0.95,mixed,conspiracy_or_institutional_trust;safety_or_side_effects,True,False,True,episode_11610_clip_1,2053.6,Speakers speculate that the government or Gates Foundation may have killed extinct primates using vaccines as experiments.
11624,28,REAL AF with Andy Frisella,"784. Andy & DJ CTI: AR Used By Ryan Wesley Routh Revealed, Kamala Harris Wrong About No U.S. Troops In Combat Zones & Chicago Gangbangers Rage Against Newly Arrived Migrants",2024-09-24T09:00:00,1,4,0.95,mixed,conspiracy_or_institutional_trust;mandates_or_policy;safety_or_side_effects,True,False,True,episode_11624_clip_1,1394.0,Asserts leaders manufactured the pandemic for wealth transfer and used vaccine mandates to fire workers and harm children.
11755,30,Candace,Forbidden History: The Christian Holocaust | Candace Ep 81,2024-10-08T20:00:00,1,4,0.95,mixed,conspiracy_or_institutional_trust;covid19;misinformation_or_fact_checking;safety_or_side_effects,True,False,True,episode_11755_clip_1,2065.0,"Speaker claims modern science is fraudulent, compares pandemic measures to religion, and critiques mandatory childhood injections."
11954,18,The Megyn Kelly Show,"A Deep Dive into Detransitioners, with Experts, Doctors, and Those Who Have Been Through It | Ep. 367",2022-08-04T19:31:25,1,4,0.95,mixed,childhood_schedule;conspiracy_or_institutional_trust;covid19;efficacy_or_immunity;safety_or_side_effects,True,False,True,episode_11954_clip_1,4760.0,"Speaker contrasts European and US COVID vaccine dosing for children, alleging US officials are agenda-driven and ignoring safety data."
12117,8,The MeidasTouch Podcast,MeidasTouch Full Podcast - 2/28/25,2025-02-28T10:00:00,1,4,0.95,mixed,conspiracy_or_institutional_trust;covid19;development_or_approval;influenza;misinformation_or_fact_checking;mmr_measles,False,True,True,episode_12117_clip_1,595.0,"Host links RFK Jr. to measles spread, cites admin cuts to vaccine advisory groups, and critiques past misinformation."
12141,28,REAL AF with Andy Frisella,"718. Andy, Andrew Bailey & DJ CTI: Jury Resumes Deliberations In NY v. Trump Trial, Biden Tells Black Voters Trump Wanted To Tear Gas Them & Blinken Hints U.S. May Accept Ukrainian Strikes In Russia",2024-05-31T09:00:00,1,4,0.95,mixed,covid19;misinformation_or_fact_checking;safety_or_side_effects,True,False,True,episode_12141_clip_1,2975.0,Hosts cite a UK MP's limb amputation as a vaccine injury and predict rising all-cause death rates linked to vaccination.
12486,2,The Joe Rogan Experience,#1667 - Annie Lederman,2021-06-15T17:00:00,1,4,0.95,mixed,covid19;efficacy_or_immunity;personal_decision_or_uptake,True,False,False,episode_12486_clip_1,9891.2,"Speaker argues healthy people don't need vaccines due to strong immune systems, mentions ivermectin, and says infection rates are now low."
12819,24,The Shawn Ryan Show,#92 Christian Craighead - SAS Operator,2024-01-15T11:00:00,1,4,0.95,mixed,conspiracy_or_institutional_trust;mandates_or_policy,True,False,True,episode_12819_clip_1,4817.3,Guest claims forced vaccinations are part of an agenda to erase wartime military experience and mindset.
13014,28,REAL AF with Andy Frisella,"609. Andy & DJ CTI: Vivek Ramaswamy's Message To Chris Christie, UNLV's 15-Page Zodiac Killer Theory & Epstein's Sex Trafficking Client List",2023-12-08T10:00:00,1,4,0.95,mixed,conspiracy_or_institutional_trust;covid19;mandates_or_policy,True,False,True,episode_13014_clip_1,4281.4,"Speakers claim the military was stripped of patriotic men due to vaccine mandates, lowering recruitment numbers."
14131,8,The MeidasTouch Podcast,Trump SCREWS his Term Before IT STARTS,2024-12-06T10:00:00,1,4,0.95,mixed,conspiracy_or_institutional_trust;covid19;misinformation_or_fact_checking;mmr_measles,True,True,True,episode_14131_clip_1,3118.5,Cites Samoa measles outbreak due to anti-vax advice and lists RFK Jr. conspiracy claims like 5G and water.
14297,28,REAL AF with Andy Frisella,"467. Andy & DJ CTI: Capitalist Bernie Sanders, Hunter Biden's Lawyers Concede Laptop Data & Chinese Balloon",2023-02-04T10:00:00,1,4,0.95,mixed,conspiracy_or_institutional_trust;misinformation_or_fact_checking,True,False,True,episode_14297_clip_1,1785.0,
14345,2,The Joe Rogan Experience,JRE - End Of The World #2,2020-11-04T08:27:26,1,4,0.95,mixed,conspiracy_or_institutional_trust;covid19;misinformation_or_fact_checking;safety_or_side_effects,True,True,True,episode_14345_clip_1,1785.0,"A speaker repeats a claim that a Bill Gates-promoted vaccine made 80% of recipients sick, while another critiques Alex Jones's conspiracy theories."
14381,2,The Joe Rogan Experience,#1558 - Tristan Harris,2020-10-30T17:00:00,1,4,0.95,neutral,conspiracy_or_institutional_trust;misinformation_or_fact_checking;other_vaccine,False,True,False,episode_14381_clip_1,1600.7,"Describes how social media algorithms recommend anti-vaccine groups to new mothers, leading to further conspiracy exposure."
14439,18,The Megyn Kelly Show,"The Truth About January 6th, with Andy McCarthy and Julie Kelly | Ep. 140",2021-08-04T19:21:12,1,4,0.95,neutral,covid19;development_or_approval;mandates_or_policy,False,False,True,episode_14439_clip_2,717.5,"Legal analysis of vaccine passport mandates, discussing Supreme Court precedent and the impact of emergency use authorization status."
14488,28,REAL AF with Andy Frisella,"438. Andy & DJ CTI: Jack Dorsey Takes Blame For Twitter Files, FTX Founder Sam Bankman-Fried Arrested & Intel Analyst Tried To Prevent Jan. 6th",2022-12-15T10:00:00,1,4,0.95,mixed,conspiracy_or_institutional_trust;covid19;mandates_or_policy;personal_decision_or_uptake,True,False,True,episode_14488_clip_1,272.2,
14507,28,REAL AF with Andy Frisella,434. Realigning America Ft. Ian Smith,2022-12-10T10:40:00,1,4,0.95,mixed,conspiracy_or_institutional_trust;covid19;mandates_or_policy;safety_or_side_effects,True,False,True,episode_14507_clip_1,1549.7,
14516,28,REAL AF with Andy Frisella,"433. Q&AF: Developing The Next Generation, Importance Of Materialistic Goals & Brittney Griner Released",2022-12-09T10:00:00,1,4,0.95,mixed,conspiracy_or_institutional_trust;covid19;misinformation_or_fact_checking,False,True,True,episode_14516_clip_1,1785.0,Speakers sarcastically repeat claims that the unvaccinated should be removed from society or put in camps during the pandemic.
14518,8,The MeidasTouch Podcast,Trump Voters TURN AGAINST HIM over LATEST DECISION,2024-11-18T20:00:00,1,4,0.95,mixed,conspiracy_or_institutional_trust;covid19;mandates_or_policy;misinformation_or_fact_checking,False,False,True,episode_14518_clip_1,203.7,Discusses RFK Jr.'s appointment and his history of criticizing vaccines and proposing a moratorium on infectious disease studies.
14792,24,The Shawn Ryan Show,"#58 Buck Sexton - Twitter Files, Dr. Fauci, Epstein, ChatGPT, Education System, and Title 42",2023-05-17T10:00:00,1,4,0.95,critical,conspiracy_or_institutional_trust;covid19;mandates_or_policy,True,False,True,episode_14792_clip_1,11110.1,Guest describes forced vaccine mandates as a disgrace and a dry run for totalitarian control in the US.
14811,8,The MeidasTouch Podcast,Trump Gets YELLED AT by OWN Crowd for RAMBLING SPEECH,2024-11-02T20:27:00,1,4,0.95,mixed,conspiracy_or_institutional_trust;misinformation_or_fact_checking;other_vaccine;safety_or_side_effects,False,True,True,episode_14811_clip_1,595.0,"Host criticizes Trump's plan to appoint RFK Jr. to health roles, citing his anti-vaccine views and alleged misogyny."
14882,2,The Joe Rogan Experience,#1514 - Joe De Sena,2020-07-24T00:00:00,1,4,0.95,mixed,covid19;efficacy_or_immunity;personal_decision_or_uptake;safety_or_side_effects,False,False,True,episode_14882_clip_2,6693.9,Speaker doubts high vaccine uptake due to flu shot hesitancy and suggests natural immunity may suffice.
15151,2,The Joe Rogan Experience,#1495 - Kyle Dunnigan,2020-06-19T00:00:00,1,4,0.95,neutral,conspiracy_or_institutional_trust;misinformation_or_fact_checking;other_vaccine;polio,False,True,False,episode_15151_clip_1,5978.7,
15215,24,The Shawn Ryan Show,#50 Chris / Kristin Beck - Navy SEAL Transitions To Woman Then Back To Man,2023-03-06T11:00:00,1,4,0.95,mixed,conspiracy_or_institutional_trust;covid19;mandates_or_policy,True,False,True,episode_15215_clip_2,17591.9,Speaker claims 92% of Brazilians oppose vaccines and alleges government jails citizens for speaking against vaccination.
15422,28,REAL AF with Andy Frisella,"336. Andy & DJ CTI: Baba Vanga's Chilling Predictions, Armed Veteran Gets Into Shootout With Burglars & 21 Confirmed Illegalities From 2020 Election",2022-07-16T09:00:23,1,4,0.95,mixed,conspiracy_or_institutional_trust;covid19;efficacy_or_immunity;misinformation_or_fact_checking,True,False,True,episode_15422_clip_1,69.6,"Hosts mock a headline stating unvaccinated Americans are more likely to die, claiming data is manipulated and questioning cause of death statistics."
15912,41,Young and Profiting (YAP) with Hala Taha: Entrepreneurship and Self-Improvement Podcast,Grant Cardone: Billion-Dollar Sales Secrets Every Entrepreneur Needs to Scale | Sales | E368,2025-09-15T08:00:00,1,4,0.95,supportive,covid19;mandates_or_policy;personal_decision_or_uptake,False,False,True,episode_15912_clip_1,1000.9,Guest states his children are unvaccinated and claims COVID mandates woke people up to medical community distrust.
15973,2,The Joe Rogan Experience,#1437 - Stephen Dubner,2020-03-05T00:00:00,1,4,0.95,neutral,development_or_approval;other_vaccine;polio,False,False,False,episode_15973_clip_1,6076.0,"Discusses Jonas Salk's polio vaccine development, his refusal to patent it, and contrasts past vs. current pharma incentives."
16333,28,REAL AF with Andy Frisella,216. Moving Towards The American Dream Ft. NYC BLM Leader Hawk Newsome & Tommy Vext,2022-01-17T10:00:00,1,4,0.95,mixed,covid19;efficacy_or_immunity;mandates_or_policy;personal_decision_or_uptake,False,False,True,episode_16333_clip_1,2380.0,"Criticizes Trump for vaccine development, notes liberals took 'Trump jab' which failed, and opposes mandates while respecting personal choice."
16547,8,The MeidasTouch Podcast,PANICKING Trump ADMITS his BLOOD IS BOILING over Kamala,2024-08-26T17:00:00,1,4,0.95,mixed,mandates_or_policy;misinformation_or_fact_checking;personal_decision_or_uptake,False,False,True,episode_16547_clip_1,451.1,
17099,8,The MeidasTouch Podcast,Trump Surrogates SHREDDED TO PIECES on LIVE TV,2024-08-05T15:36:00,1,4,0.95,mixed,conspiracy_or_institutional_trust;covid19;safety_or_side_effects,True,False,True,episode_17099_clip_1,310.9,A clip is played praising a senator for standing up for those 'vaccine injured' and calling the pandemic a scam.
17262,45,Creating Confidence with Heather Monahan,Confidence Classic: Eliminate Stress + Heal Your Triggers by Rewiring Your Nervous System with Dr. Nima Rahmany,2025-08-12T09:30:00,1,4,0.95,supportive,covid19;misinformation_or_fact_checking;safety_or_side_effects,True,False,False,episode_17262_clip_1,951.2,"Speaker dismisses pandemic fear as media hype, references a disputed 1976 swine flu vaccine sales claim, and advocates stress management over precautions."
17968,47,"MrBallen Podcast: Strange, Dark & Mysterious Stories","Medical Mysteries - ""She Haunts Me""",2025-06-23T07:00:00,1,4,0.95,neutral,development_or_approval;other_vaccine,False,False,False,episode_17968_clip_1,1247.1,"Notes that a vaccine for tuberculosis (the White Death) was developed by 1954, ending the epidemic that plagued families in the 1800s."
18103,2,The Joe Rogan Experience,#1331 - Alonzo Bodden,2019-08-06T00:00:00,1,4,0.95,neutral,efficacy_or_immunity;mmr_measles;personal_decision_or_uptake;safety_or_side_effects,False,True,False,episode_18103_clip_1,4906.5,"Speaker discusses the anti-vax movement, weighing fears of vaccine side effects against the societal benefit of measles protection."
19028,52,Matt and Shane's Secret Podcast,Ep 481 - Kingdom Of The Planet Of The Apes,2024-02-16T18:39:00,1,4,0.95,mixed,misinformation_or_fact_checking;safety_or_side_effects,True,False,False,episode_19028_clip_1,1475.0,Speaker claims Nicki Minaj said the vaccine swelled her cousin's testicles and that she doesn't believe in the vaccine.
19283,52,Matt and Shane's Secret Podcast,Ep 448 - Complic8ed (feat. Kevin Iso),2023-06-14T19:24:00,1,4,0.95,mixed,conspiracy_or_institutional_trust;covid19;misinformation_or_fact_checking;safety_or_side_effects,True,False,True,episode_19283_clip_1,4176.9,"Speakers discuss forced vaccination, allege cover-ups of lab origins, and share anecdotes of myocarditis and deaths linked to boosters."
19349,52,Matt and Shane's Secret Podcast,Ep 438- Full Zordon,2023-04-14T12:51:00,1,4,0.95,mixed,conspiracy_or_institutional_trust;covid19;safety_or_side_effects,True,False,False,episode_19349_clip_1,1785.0,"Speaker claims vaccines are killing their mother, calls them legal heroin, and urges stopping boosters for the elderly."
19441,2,The Joe Rogan Experience,#1272 - Lindsey Fitzharris,2019-03-26T00:00:00,1,4,0.95,neutral,development_or_approval;misinformation_or_fact_checking;safety_or_side_effects,False,True,False,episode_19441_clip_1,4993.1,"Guest discusses smallpox eradication, historical anti-vax protests fearing cow transformation, and modern autism misconceptions."
19514,53,The Diary Of A CEO with Steven Bartlett,Dr. Joe Dispenza: Secret To Living Without Fear & Anxiety Forever! Your Mind Can Heal Itself! Stress Is The Root Of 90% Of All Diseases!,2025-03-13T06:00:00,1,4,0.95,mixed,efficacy_or_immunity;influenza,True,False,False,episode_19514_clip_1,3656.0,"Guest claims practicing elevated emotions raises IgA levels 50%, calling it 'better than a flu shot'."
19648,52,Matt and Shane's Secret Podcast,Ep 405 - Free Manti (feat. WARMODE),2022-08-19T19:14:00,1,4,0.95,mixed,conspiracy_or_institutional_trust;covid19;efficacy_or_immunity,True,False,True,episode_19648_clip_1,2732.4,Speaker claims CDC now admits natural immunity is equal to vaccine immunity and mocks prior vaccine efficacy claims.
19649,55,3 Takeaways™,"The One And Only Dr. Atul Gawande In An Eye-Opening, Wide-Ranging Talk About Global Health (#182)",2024-01-30T06:00:00,1,4,0.95,neutral,access_or_equity;covid19;personal_decision_or_uptake,False,False,False,episode_19649_clip_1,408.0,Guest explains how community health workers were essential to achieving over 95% vaccination rates among seniors during COVID.
19941,55,3 Takeaways™,Achieving Your New Year's Resolutions: The Science of Getting To Where You Want To Be with Best-Selling Author Katy Milkman (repost) (#73),2021-12-28T06:00:00,1,4,0.95,neutral,influenza;personal_decision_or_uptake,False,False,False,episode_19941_clip_1,1624.3,Researcher explains how planning prompts increase flu shot turnout by creating specific if-then commitments.
19991,52,Matt and Shane's Secret Podcast,Ep 369 - Honeymoon,2021-10-28T18:03:00,1,4,0.95,mixed,covid19;mandates_or_policy;personal_decision_or_uptake;safety_or_side_effects,True,False,True,episode_19991_clip_1,885.6,"Speaker describes COVID shots as gene therapy for the elderly, opposes mandates, and supports Kyrie Irving's refusal."
20034,55,3 Takeaways™,The Science of Getting from Where You Are to Where You Want to Be: Katy Milkman (#41),2021-05-18T05:00:00,1,4,0.95,neutral,influenza;personal_decision_or_uptake,False,False,False,episode_20034_clip_1,1624.3,Researcher describes how making specific if-then plans increases flu shot uptake compared to standard reminders.
20119,52,Matt and Shane's Secret Podcast,Ep 353 - Nap Time,2021-06-24T17:19:00,1,4,0.95,mixed,conspiracy_or_institutional_trust;covid19;efficacy_or_immunity;personal_decision_or_uptake;safety_or_side_effects,True,False,True,episode_20119_clip_1,3043.9,"Speakers discuss Delta variant lethality, vaccine efficacy data from Missouri, and allege pharmaceutical companies are profiting from a money grab."
20201,8,The MeidasTouch Podcast,Trump Campaign and Life CRASHES DOWN Hard,2024-03-22T09:00:00,1,4,0.95,neutral,covid19;misinformation_or_fact_checking;safety_or_side_effects,False,True,True,episode_20201_clip_1,482.8,Host contrasts Trump's false hydroxychloroquine claims with the established safety of vaccines.
20358,2,The Joe Rogan Experience,#1228 - Bari Weiss,2019-01-21T00:00:00,1,4,0.95,neutral,conspiracy_or_institutional_trust;covid19;misinformation_or_fact_checking;safety_or_side_effects,False,True,False,episode_20358_clip_1,6415.2,Speaker cites WHO report linking loss of trust in institutions to vaccine refusal and autism myths.
20421,53,The Diary Of A CEO with Steven Bartlett,The Ozempic Expert: Ozempic Transforms Your Gut Microbiome! People Are Being Overdosed On Ozempic! Microdosing Saved My Life! - Dr Tyna Moore,2024-07-04T05:00:00,1,4,0.95,mixed,conspiracy_or_institutional_trust;other_vaccine;safety_or_side_effects,True,False,False,episode_20421_clip_1,3725.2,Speaker attributes metabolic dysfunction in young people partly to a massive uptick in infant vaccines compared to previous generations.
20553,53,The Diary Of A CEO with Steven Bartlett,The Glucose Expert: The Only Proven Way To Lose Weight Fast! Health Experts Are Wrong About Calorie Counting!,2024-05-16T05:00:00,1,4,0.95,neutral,conspiracy_or_institutional_trust;development_or_approval;other_vaccine,False,False,False,episode_20553_clip_1,1301.5,
4036,19,Pod Save America,The Roots of Political Violence and How We Prevent It,2025-09-21T07:05:00,1,4,0.94,mixed,mandates_or_policy;mmr_measles;personal_decision_or_uptake;safety_or_side_effects,False,False,True,episode_4036_clip_1,2442.3,Discussion of Florida removing school vaccine mandates and fears that this will lead to measles outbreaks and increased political division.
4103,8,The MeidasTouch Podcast,Trump Has Massive Late Night Meltdown as Flesh Rots Away,2025-09-04T09:00:00,1,4,0.94,mixed,conspiracy_or_institutional_trust;mandates_or_policy;misinformation_or_fact_checking;mmr_measles,True,True,True,episode_4103_clip_1,811.4,Speaker criticizes Florida Surgeon General for banning mandatory child vaccines and comparing them to slavery.
4501,19,Pod Save America,"Michael Lewis on Bravery in Politics and Why Elon Musk Seems so ""Disturbed""",2025-04-06T07:05:00,1,4,0.94,neutral,covid19;development_or_approval;efficacy_or_immunity,False,False,True,episode_4501_clip_1,1336.6,Discusses mRNA vaccine development as a government triumph and scientific breakthrough.
5301,8,The MeidasTouch Podcast,Former Hartford Mayor Luke Bronin on Fighting Trump,2025-08-17T12:00:00,1,4,0.94,mixed,conspiracy_or_institutional_trust;covid19;efficacy_or_immunity;mandates_or_policy,True,False,True,episode_5301_clip_1,72.7,"Clip cites claims that the ruling class lied about lockdowns, vaccine efficacy, and mandates during the pandemic."
5931,8,The MeidasTouch Podcast,Trump Has Disaster in Oval as Presser Goes Off the Rails,2025-08-07T18:00:00,1,4,0.94,mixed,covid19;development_or_approval;efficacy_or_immunity;mandates_or_policy,False,False,True,episode_5931_clip_1,400.4,Clip questions Trump administration's decision to cut mRNA vaccine funding despite prior support for Operation Warp Speed.
7136,18,The Megyn Kelly Show,"Biased Moderators, Bizarre Rules - Previewing Trump vs. Biden, and Memorable Debate Moments, with The Fifth Column | Ep. 824",2024-06-27T19:18:22,1,4,0.94,mixed,covid19;efficacy_or_immunity;misinformation_or_fact_checking,False,True,True,episode_7136_clip_1,1785.0,
7287,2,The Joe Rogan Experience,#1961 - Peter Attia,2023-03-28T17:00:00,1,4,0.94,mixed,conspiracy_or_institutional_trust;safety_or_side_effects,True,False,False,episode_7287_clip_1,4412.9,Suggests boxer Marvin Hagler died due to vaccine side effects and claims doctors avoid reporting injuries.
7444,2,The Joe Rogan Experience,#1948 - Tony Hinchcliffe & Brian Redban,2023-03-01T18:00:00,1,4,0.94,mixed,conspiracy_or_institutional_trust;covid19;misinformation_or_fact_checking,True,False,True,episode_7444_clip_1,6674.1,
8681,18,The Megyn Kelly Show,"Hunter's Buddy Testifies, Left's Asian Discrimination, and Non-Woke Sports, with Josh Holmes, Jonathan Isaac, and Kenny Xu | Ep. 598",2023-07-31T19:14:42,1,4,0.94,neutral,covid19;personal_decision_or_uptake;safety_or_side_effects,False,True,False,episode_8681_clip_1,2975.0,
10894,18,The Megyn Kelly Show,"McCarthy's Speaker Fail, and Alarming Decline in Sperm Counts, with Eric Bolling and Dr. Shanna Swan | Ep. 464",2023-01-04T20:17:31,1,4,0.94,mixed,covid19;misinformation_or_fact_checking;safety_or_side_effects,True,True,True,episode_10894_clip_1,1538.3,Panelists debate the appropriateness of linking an athlete's cardiac arrest to vaccine-induced myocarditis.
12722,2,The Joe Rogan Experience,#1652 - Anthony Cumia,2021-05-14T17:00:00,1,4,0.94,mixed,conspiracy_or_institutional_trust;covid19;efficacy_or_immunity;misinformation_or_fact_checking,True,False,True,episode_12722_clip_2,1878.1,Speaker recounts a doctor claiming ivermectin is 99% effective and suggests vaccines are promoted to maintain funding incentives despite effective treatments.
12763,18,The Megyn Kelly Show,"Biden, Fauci, Kardashian, Baldwin, ""Trans Trump,"" and More, with Kyle Dunnigan | Ep. 291",2022-04-01T19:18:55,1,4,0.94,mixed,conspiracy_or_institutional_trust;covid19;development_or_approval;mandates_or_policy,True,False,True,episode_12763_clip_1,5084.3,"Satirical segment questioning Fauci's motives, lab leak theory, and potential for future mandates."
13299,28,REAL AF with Andy Frisella,"584. Q&AF: America's Election Integrity, Lessons From Dad & Customer Connection",2023-10-09T09:00:00,1,4,0.94,mixed,conspiracy_or_institutional_trust;covid19;efficacy_or_immunity;safety_or_side_effects,True,False,True,episode_13299_clip_1,892.4,Claims politicians take money from vaccine companies while promoting unsafe vaccines that made people sick.
13883,18,The Megyn Kelly Show,"All Eyes on Virginia, with Salena Zito, Comfortably Smug, Josh Holmes, and Michael Duncan | Ep. 194",2021-11-02T19:22:33,1,4,0.94,mixed,covid19;efficacy_or_immunity;mandates_or_policy,True,False,True,episode_13883_clip_1,1370.4,Critics argue Democrats overstated COVID risks to push mandatory vaccines and masks despite available vaccines and worsening outcomes.
14084,2,The Joe Rogan Experience,#1579 - Suzanne Santo & Gary Clark Jr.,2020-12-16T18:00:00,1,4,0.94,mixed,covid19;development_or_approval;efficacy_or_immunity;safety_or_side_effects,True,False,False,episode_14084_clip_1,3914.6,"Conversation covers fear of vaccines, anecdotal reports of Bell's palsy, severe side effects after second doses, and Russian vaccine use."
16380,28,REAL AF with Andy Frisella,"212. Andy & DJ CTI: Mandatory CRT In College, Dr. Fauci's Contradictions & Gun Ownership Increases Amid LA Crime Wave",2022-01-12T10:00:00,1,4,0.94,supportive,conspiracy_or_institutional_trust;covid19;mandates_or_policy;safety_or_side_effects,True,False,True,episode_16380_clip_1,1076.8,Compares current censorship to 1930s Germany and lists 'vaccines are safe' as a coerced belief people should resist.
16926,37,Habits and Hustle,Episode 257: Elon Gold: The Truth About Achieving Greatness in the Showbiz,2023-07-11T07:00:00,1,4,0.94,mixed,covid19;efficacy_or_immunity;influenza;safety_or_side_effects,True,False,False,episode_16926_clip_1,3676.0,"Speaker questions COVID vaccine efficacy, links them to heart attacks in people in their forties, but supports flu shots."
5759,19,Pod Save America,Did the Supreme Court Just Save Trump?,2024-03-01T08:00:00,1,4,0.93,mixed,misinformation_or_fact_checking;personal_decision_or_uptake,False,True,True,episode_5759_clip_1,2037.3,Discussion of RFK Jr.'s popularity and his discredited views on vaccines among health influencers.
6155,2,The Joe Rogan Experience,#2069 - Dr. Shawn Baker,2023-11-28T18:00:00,1,4,0.93,mixed,conspiracy_or_institutional_trust;covid19;mandates_or_policy;safety_or_side_effects,True,False,True,episode_6155_clip_1,3854.6,"Speaker claims society was hoodwinked regarding pandemic measures, including vaccines, lockdowns, and masks, calling for outrage."
6334,18,The Megyn Kelly Show,"America Approves of Trump's Diverse Cabinet, and Jack Smith DROPS Charges, with Stu Buguiere and Stephen L. Miller | Ep. 953",2024-11-25T20:34:33,1,4,0.93,mixed,covid19;mandates_or_policy;personal_decision_or_uptake;safety_or_side_effects,False,False,True,episode_6334_clip_1,5950.0,"Host critiques a potential appointee's past support for masks and child vaccination, citing myocarditis risks and changing guidance."
8032,18,The Megyn Kelly Show,"Biden Stokes Racial Division in Campaign Messaging, and Michelle Obama Says She's ""Terrified"" of Trump Win, with Victor Davis Hanson | Ep. 698",2024-01-09T20:16:47,1,4,0.93,mixed,access_or_equity;covid19;mandates_or_policy,False,False,True,episode_8032_clip_1,2826.5,Speaker criticizes perceived hypocrisy in enforcing vaccine mandates domestically while allowing untested border crossings.
11684,8,The MeidasTouch Podcast,Fox News Crashes Hard on Live TV as Trump Tanks Fast,2025-03-13T03:49:00,1,4,0.93,mixed,efficacy_or_immunity;misinformation_or_fact_checking;mmr_measles,True,True,True,episode_11684_clip_1,0.0,Clip features RFK Jr. claiming natural measles infection provides better lifetime protection than vaccination.
127,2,The Joe Rogan Experience,#2386 - The Red Clay Strays,2025-09-30T17:00:00,1,4,0.92,mixed,conspiracy_or_institutional_trust;mandates_or_policy,True,False,True,episode_127_clip_1,3781.1,Speakers allege authorities attempted to link vaccine passports to digital IDs and social credit scores for population control.
446,2,The Joe Rogan Experience,#2370 - Dave Smith,2025-08-26T17:00:00,1,4,0.92,mixed,conspiracy_or_institutional_trust;covid19;safety_or_side_effects,False,False,True,episode_446_clip_1,395.7,"Speaker critiques institutional trust, fear narratives during the pandemic, and mentions past support for vaccines before expressing doubt."
1589,2,The Joe Rogan Experience,#2317 - Cody Tucker,2025-05-07T17:00:00,1,4,0.92,mixed,conspiracy_or_institutional_trust;personal_decision_or_uptake;safety_or_side_effects,True,False,True,episode_1589_clip_1,4426.3,
3424,2,The Joe Rogan Experience,#2242 - Bert Sorin,2024-12-12T18:00:00,1,4,0.92,mixed,conspiracy_or_institutional_trust;covid19;mandates_or_policy;safety_or_side_effects,True,False,True,episode_3424_clip_1,9282.5,"Speakers allege unscrupulous groups coerced vaccination for profit and control, citing forced vaccination as horrible."
4076,2,The Joe Rogan Experience,#2204 - Matt Walsh,2024-09-18T17:00:00,1,4,0.92,mixed,conspiracy_or_institutional_trust;misinformation_or_fact_checking;safety_or_side_effects,True,False,True,episode_4076_clip_1,3029.6,Guest states post-COVID skepticism about moon landing and questions safety of space travel due to radiation belts.
4126,2,The Joe Rogan Experience,#2201 - Robert Epstein,2024-09-11T17:00:00,1,4,0.92,mixed,conspiracy_or_institutional_trust;covid19;misinformation_or_fact_checking;safety_or_side_effects,True,False,True,episode_4126_clip_1,1190.0,Rogan alleges search engines suppress stories about vaccine side effects and government monitoring.
4956,19,Pod Save America,Rage at Madison Square Garden,2024-10-29T07:30:00,1,4,0.92,mixed,efficacy_or_immunity;misinformation_or_fact_checking;polio,True,True,True,episode_4956_clip_1,1785.0,"Hosts discuss Joe Rogan's frustration when Trump questioned whether the polio vaccine eradicated polio, highlighting the false claim."
5294,18,The Megyn Kelly Show,"Trump's Accessibility, Portnoy's Battle, and Dangers of AI Robots, with Chamath Palihapitiya and Jason Calacanis of All-In | Ep. 1067",2025-05-07T18:45:49,1,4,0.92,mixed,covid19;efficacy_or_immunity;mandates_or_policy;safety_or_side_effects,True,False,True,episode_5294_clip_1,5005.8,Speaker suggests vaccine mandates and other measures may have made citizens sicker and questions the outcome of pandemic policies.
5350,18,The Megyn Kelly Show,"New Details on Bill Belichick’s Controversial Relationship, Mike Waltz Out at NSC, Meghan Markle’s Strange Podcast Interview, with Dave Portnoy | Ep. 1062",2025-05-01T19:30:06,1,4,0.92,mixed,conspiracy_or_institutional_trust;covid19;personal_decision_or_uptake;safety_or_side_effects,True,False,True,episode_5350_clip_1,1897.1,"Speaker regrets getting vaccinated, discusses faking vaccine cards, and mentions a doctor's anecdotal comparison to pancreatic cancer prevention."
6090,19,Pod Save America,Age Against the Machine,2023-09-07T21:36:07,1,4,0.92,neutral,covid19;efficacy_or_immunity;mandates_or_policy,False,False,True,episode_6090_clip_1,3603.3,Speakers discuss the Biden administration's successful vaccine rollout but reluctance to claim credit due to politicization and breakthrough cases.
6646,18,The Megyn Kelly Show,"Best of the Week: Megyn Breaks Down Kamala's Terrible Interview, Nicole Shanahan, Vivek Ramaswamy, and More",2024-09-29T10:00:00,1,4,0.92,mixed,conspiracy_or_institutional_trust;personal_decision_or_uptake;safety_or_side_effects,True,False,True,episode_6646_clip_1,1200.7,"Speaker recounts a family story alleging a child suffered severe vaccine injury and nearly died, calling it a clear case."
6840,18,The Megyn Kelly Show,"Tulsi Endorses Trump in Political Realignment, and Kamala's Substance-Free Campaign, with Stu Burguiere and Stephen L. Miller | Ep. 871",2024-08-27T18:51:26,1,4,0.92,mixed,covid19;misinformation_or_fact_checking;personal_decision_or_uptake;safety_or_side_effects,True,False,True,episode_6840_clip_1,5700.1,
7791,2,The Joe Rogan Experience,#1921 - Peter Zeihan,2023-01-07T18:00:00,1,4,0.92,neutral,covid19;development_or_approval;efficacy_or_immunity,False,False,False,episode_7791_clip_1,2385.4,
8656,2,The Joe Rogan Experience,#1847 - Theo Von,2022-07-26T17:00:00,1,4,0.92,mixed,conspiracy_or_institutional_trust;covid19;misinformation_or_fact_checking;safety_or_side_effects,True,False,True,episode_8656_clip_1,7229.2,
11341,30,Candace,Tucker Back In Russia - Is He A TRAITOR?! | Candace Ep 114,2024-12-04T22:53:13,1,4,0.92,mixed,conspiracy_or_institutional_trust;misinformation_or_fact_checking;other_vaccine,True,False,True,episode_11341_clip_1,3416.2,"Host promotes a shirt listing 'Vaccines' under 'Forbidden History,' implying hidden truths or conspiracies."
11454,30,Candace,Beyonce's Mommy Attacks Me On Instagram | Candace Ep 105,2024-11-18T22:45:00,1,4,0.92,supportive,childhood_schedule;conspiracy_or_institutional_trust;mandates_or_policy;personal_decision_or_uptake;safety_or_side_effects,True,False,True,episode_11454_clip_1,974.8,"Host supports RFK Jr., alleging pediatricians receive kickbacks for vaccinations and citing mercury concerns in childhood shots."
11642,34,Finding Peak with Ryan Hanley,Peptides Unleashed: The Ultimate Health Hack with Jay Campbell,2025-04-14T11:15:00,1,4,0.92,mixed,covid19;safety_or_side_effects,True,False,False,episode_11642_clip_1,1891.8,"Speaker claims COVID vaccines are among the worst drugs in history, causing depression and hormonal issues."
11750,28,REAL AF with Andy Frisella,"768. Andy, Eric Schmitt & DJ CTI: Anniversary Of Terrorist Attacks, Telegram CEO Pavel Durov Arrested & Dr. Fauci Hospitalized",2024-08-27T09:00:00,1,4,0.92,supportive,conspiracy_or_institutional_trust;covid19;misinformation_or_fact_checking,True,False,True,episode_11750_clip_1,3899.2,Suggests rising case numbers and free test programs are manufactured data tactics timed for elections to boost vaccine uptake.
14081,28,REAL AF with Andy Frisella,494. Small Business Revolution In America Ft. Codie Sanchez,2023-03-31T09:00:00,1,4,0.92,mixed,conspiracy_or_institutional_trust;covid19;mandates_or_policy,False,False,True,episode_14081_clip_1,3762.3,"Speaker describes vaccine mandates as tyranny, citing massive fines for non-compliance and arguing they target small businesses."
18782,52,Matt and Shane's Secret Podcast,Ep 514 - Back Together Yay (feat. WARMODE),2024-09-09T19:47:00,1,4,0.92,mixed,conspiracy_or_institutional_trust;misinformation_or_fact_checking;safety_or_side_effects,True,False,True,episode_18782_clip_1,5950.0,Speaker references a Trump tweet alleging vaccines cause autism ('many such cases') and mentions discussions with RFK regarding leaked information.
20266,52,Matt and Shane's Secret Podcast,Night Stalker,2021-01-20T03:20:04,1,4,0.92,mixed,conspiracy_or_institutional_trust;covid19;development_or_approval;safety_or_side_effects,True,False,True,episode_20266_clip_1,1785.0,Speakers discuss an anecdote of a doctor dying after vaccination and speculate about liability shields preventing lawsuits.
20291,52,Matt and Shane's Secret Podcast,Ep 329- God Rules,2020-12-23T01:48:24,1,4,0.92,mixed,covid19;development_or_approval;misinformation_or_fact_checking;safety_or_side_effects,True,False,False,episode_20291_clip_2,4532.2,Jokes about selling unapproved herbal 'vaccines' to avoid liability and claims multiple tetanus shots provide protection.
20618,53,The Diary Of A CEO with Steven Bartlett,"World No. 1 Biohacking Expert: ""I Tested 100,000 People's DNA. This Diet Will Kill You!"". Fix This Hormone And You'll Fix Your Anxiety! - Gary Brecka",2024-04-22T07:20:00,1,4,0.92,mixed,efficacy_or_immunity;influenza;safety_or_side_effects,True,False,False,episode_20618_clip_1,2666.9,
22214,46,Pardon My Take,"Howie Long, College Football Is Back, Trey Lance Traded + Mt Rushmore Of Fictional Animals",2023-08-28T08:44:03,1,4,0.92,mixed,conspiracy_or_institutional_trust;covid19;safety_or_side_effects,True,False,False,episode_22214_clip_1,352.2,"Hosts joke that Bob Barker and Yevgeny Prigozhin died because they were vaccinated, implying a causal link."
4995,18,The Megyn Kelly Show,"Dems Call Anti-ICE Riots “Peaceful,” and ABC Suspends Journalist for Trump Tweet, with Charlie Kirk | Ep. 1089",2025-06-09T18:00:00,1,4,0.91,mixed,conspiracy_or_institutional_trust;efficacy_or_immunity;misinformation_or_fact_checking;safety_or_side_effects,True,False,True,episode_4995_clip_1,3823.6,"Speaker accuses the press of lying during COVID about vaccine safety, efficacy, and the need to mask and vaccinate to save lives."
21815,54,The Home Service Expert Podcast,The Coronavirus Special: How To Come Out On Top In A Time of Pandemic,2020-03-20T13:15:23,1,4,0.91,neutral,covid19;efficacy_or_immunity;safety_or_side_effects,True,False,False,episode_21815_clip_2,595.0,"Suggests optimism and healthy habits may be more powerful than a vaccine, referencing placebo effect in clinical trials."
2489,12,Up First from NPR,"Trump And Gaza, Migrants At Guantanamo, USAID Staff On Leave",2025-02-05T11:05:31,1,4,0.9,neutral,access_or_equity;mandates_or_policy;other_vaccine,False,False,True,episode_2489_clip_1,673.8,Report states USAID funding halts have stopped distribution of pox vaccines and HIV meds globally.
3483,16,The Charlie Kirk Show,Megyn Kelly Remembers Charlie Kirk,2025-09-18T23:30:37,1,4,0.9,mixed,conspiracy_or_institutional_trust;covid19;efficacy_or_immunity;misinformation_or_fact_checking,True,False,True,episode_3483_clip_1,3374.1,Speaker claims pharmaceutical industry bought media influence to suppress ivermectin and promote vaccines.
3624,8,The MeidasTouch Podcast,MeidasTouch Full Podcast - 9/9/2025,2025-09-09T09:00:00,1,4,0.9,mixed,childhood_schedule;conspiracy_or_institutional_trust;mandates_or_policy;mmr_measles;polio,False,True,True,episode_3624_clip_1,2380.0,"Speaker criticizes those equating vaccines with slavery, warning this could bring back diseases like polio and measles."
3751,8,The MeidasTouch Podcast,Trump Flees DC on Disaster Sunday as Awful News Hits,2025-09-07T17:09:00,1,4,0.9,mixed,misinformation_or_fact_checking;personal_decision_or_uptake;safety_or_side_effects,True,True,True,episode_3751_clip_1,921.2,Senator Marshall claims Fauci created vaccine hesitancy; host rebuts while discussing hepatitis B vaccine confidence.
4451,8,The MeidasTouch Podcast,Panicked WH Holds Disaster Presser After Resignations,2025-08-30T12:00:00,1,4,0.9,neutral,conspiracy_or_institutional_trust;covid19;safety_or_side_effects,False,False,True,episode_4451_clip_1,226.1,Reporter asks about a shooting at CDC headquarters allegedly motivated by unhappiness with COVID vaccine effects.
4551,19,Pod Save America,Trump Comes for the Judges,2025-03-21T07:05:00,1,4,0.9,neutral,development_or_approval;efficacy_or_immunity,False,False,True,episode_4551_clip_1,1857.4,Discussion on canceled research grants potentially halting progress on mRNA vaccines for pancreatic and colorectal cancers.
5091,18,The Megyn Kelly Show,"WNBA Race Hoax, Michelle Obama's Grudge Against Barack, and Cagey FBI Epstein Comments, with Glenn Greenwald | Ep. 1083",2025-05-29T19:48:06,1,4,0.9,mixed,conspiracy_or_institutional_trust;misinformation_or_fact_checking;safety_or_side_effects,True,False,True,episode_5091_clip_1,2131.5,"Speaker suggests older sperm, not vaccines, may cause autism and alleges data concealment."
5115,21,Mick Unplugged,You Won’t Believe What’s Coming to Health & Healing – Dr. Joy Kong Explains!,2025-02-17T10:00:00,1,4,0.9,mixed,covid19;safety_or_side_effects,True,False,False,episode_5115_clip_1,1785.0,"Anecdote claims severe facial pain began after fifth COVID booster, improved with alternative therapy."
5138,18,The Megyn Kelly Show,"Diddy Enablers Exposed, Legacy Media Hacks, and Meghan's ""Working Mom"" Narrative, with Maureen Callahan | Ep. 1079",2025-05-23T19:24:06,1,4,0.9,mixed,conspiracy_or_institutional_trust;covid19;misinformation_or_fact_checking;safety_or_side_effects,True,False,True,episode_5138_clip_1,4570.2,Speaker lists myocarditis and lab origins as claims that were censored during the pandemic.
5157,19,Pod Save America,Harris and Walz Meet the Press,2024-08-30T07:30:00,1,4,0.9,mixed,conspiracy_or_institutional_trust;misinformation_or_fact_checking,True,True,True,episode_5157_clip_1,1785.0,
5515,2,The Joe Rogan Experience,#2117 - Ray Kurzweil,2024-03-12T17:00:00,1,4,0.9,neutral,covid19;development_or_approval;efficacy_or_immunity,False,False,False,episode_5515_clip_1,1233.4,Describes using AI to test billions of mRNA sequences to identify the Moderna vaccine candidate in two days.
5889,17,The Tucker Carlson Show,"Chamath Palihapitiya: Zuckerberg, Rogan, Musk, and the Incoming “Golden Age” Under Trump",2025-01-23T18:20:00,1,4,0.9,mixed,conspiracy_or_institutional_trust;covid19;personal_decision_or_uptake;safety_or_side_effects,True,False,True,episode_5889_clip_1,5091.3,Speaker describes becoming disillusioned with Democrats after receiving a COVID vaccine they claim was ineffective or harmful.
6025,8,The MeidasTouch Podcast,Sickly Trump in Death Spiral as It All Blows Up,2025-08-06T09:00:00,1,4,0.9,mixed,mandates_or_policy;misinformation_or_fact_checking;other_vaccine;safety_or_side_effects,False,True,True,episode_6025_clip_1,452.5,Clip contrasts claims of defunding mRNA vaccines with reports of raw milk illnesses and pro-ivermectin stances.
6066,2,The Joe Rogan Experience,#2077 - Tim Dillon,2023-12-20T18:00:00,1,4,0.9,mixed,conspiracy_or_institutional_trust;misinformation_or_fact_checking;polio,True,False,False,episode_6066_clip_1,8429.7,"Speakers discuss Alex Jones claiming polio outbreaks were caused by vaccines in Africa, citing an AP story."
6115,18,The Megyn Kelly Show,"President Trump is Back, Major Executive Orders, and Biden's Last Minute Pardons, with Emily Jashinsky and Eliana Johnson | Ep. 986",2025-01-20T22:52:10,1,4,0.9,mixed,covid19;mandates_or_policy,False,False,True,episode_6115_clip_1,1362.7,Trump executive order reinstates military members expelled for objecting to COVID vaccine mandates.
6124,19,Pod Save America,Indictment (Georgia's Version),2023-08-15T06:44:15,1,4,0.9,mixed,conspiracy_or_institutional_trust;misinformation_or_fact_checking;personal_decision_or_uptake,False,True,True,episode_6124_clip_1,3355.3,Hosts criticize RFK Jr. as an anti-vax conspiracy theorist using a fake campaign to spread views.
6325,18,The Megyn Kelly Show,"Get To Know The Incoming Trump Cabinet: Tulsi Gabbard, Marco Rubio, Kristi Noem, and More",2024-11-26T19:00:00,1,4,0.9,mixed,conspiracy_or_institutional_trust;covid19;personal_decision_or_uptake;safety_or_side_effects,False,False,True,episode_6325_clip_1,3110.7,Host states she did not vaccinate her children against COVID due to myocarditis concerns and distrust of medical leaders.
6347,18,The Megyn Kelly Show,"Matt Gaetz WITHDRAWS as AG, and Biden Escalates Russia-Ukraine War in Final Weeks, with Andrew Klavan and Jeffrey Sachs | Ep. 950",2024-11-21T19:55:07,1,4,0.9,mixed,conspiracy_or_institutional_trust;covid19;misinformation_or_fact_checking,True,False,True,episode_6347_clip_1,3754.8,"Speaker asserts the public was gaslit about vaccines, masks, and Anthony Fauci, alleging criminal lies were told to Congress."
6510,18,The Megyn Kelly Show,"Trending Toward Trump, and Biden Says ""Lock Him Up,"" with Mark Halperin, Sean Spicer, Dan Turrentine, and Dave McCormick | Ep. 924",2024-10-23T19:32:06,1,4,0.9,critical,childhood_schedule;conspiracy_or_institutional_trust;covid19;safety_or_side_effects,True,False,True,episode_6510_clip_1,3374.1,Claims children suffered myocarditis and death from vaccines and doubts were censored.
6562,18,The Megyn Kelly Show,"New Dem ""Enemy"" Lie, Pandering to Black Men, and Unbiased Facts, with Josh Hammer, Delano Squires, and Steve Ballmer | Ep. 917",2024-10-15T19:43:46,1,4,0.9,mixed,covid19;efficacy_or_immunity;misinformation_or_fact_checking;safety_or_side_effects,False,True,True,episode_6562_clip_1,7249.7,Guest discusses data limitations on vaccine efficacy and death counting methods during pandemic.
6619,17,The Tucker Carlson Show,"Tucker Carlson Live Tour Grand Finale with President Donald Trump LIVE in Glendale, AZ",2024-11-01T06:00:00,1,4,0.9,mixed,mandates_or_policy;other_vaccine;personal_decision_or_uptake,False,False,True,episode_6619_clip_1,6298.7,"Trump expresses support for RFK Jr. examining vaccines and pesticides, framing it as part of improving national health."
6822,2,The Joe Rogan Experience,#2005 - Tom Segura,2023-07-04T17:00:00,1,4,0.9,mixed,conspiracy_or_institutional_trust;covid19;misinformation_or_fact_checking,True,False,True,episode_6822_clip_1,6026.4,Speaker suggests vaccines are among many social distractions used to divert public attention.
6839,19,Pod Save America,Offline: Hank Green on Inspiring Curiosity,2022-02-13T08:01:00,1,4,0.9,mixed,conspiracy_or_institutional_trust;covid19;misinformation_or_fact_checking,True,True,True,episode_6839_clip_1,622.5,
7294,19,Pod Save America,“Biden’s chance to go big.” (with Heather McGhee!),2021-03-25T20:19:00,1,4,0.9,neutral,covid19;efficacy_or_immunity;misinformation_or_fact_checking,False,True,False,episode_7294_clip_3,2562.8,"Critiques media for sensationalizing rare breakthrough cases, potentially discouraging vaccination despite vaccine efficacy against severe disease."
7298,8,The MeidasTouch Podcast,Ben Folds on Kennedy Center Resignation and Surprise Album Release,2025-07-06T21:00:00,1,4,0.9,neutral,development_or_approval;mandates_or_policy;other_vaccine,False,False,True,episode_7298_clip_1,0.0,Discusses a promising pancreatic cancer vaccine trial potentially threatened by NIH research cuts under Project 2025.
7459,8,The MeidasTouch Podcast,Colin Allred Announces Senate Run as Texas Shows Hope,2025-07-02T12:00:00,1,4,0.9,mixed,conspiracy_or_institutional_trust;mandates_or_policy;mmr_measles,False,False,True,episode_7459_clip_1,123.9,Speaker links a measles outbreak to having an anti-vaxxer as Secretary of Health and Human Services.
7615,2,The Joe Rogan Experience,#1935 - Kyle Kulinski,2023-02-03T18:00:00,1,4,0.9,mixed,covid19;mandates_or_policy;personal_decision_or_uptake,False,False,True,episode_7615_clip_1,11679.8,Praises DeSantis for prioritizing vaccines for vulnerable while allowing personal choice.
7741,18,The Megyn Kelly Show,"Biden's Angry SOTU, Britt's Cringe Response, and Princess Kate's Disappearance, with Sara Gonzales, Josh Hammer, and Gareth Russell | Ep. 742",2024-03-08T20:30:00,1,4,0.9,mixed,covid19;misinformation_or_fact_checking;safety_or_side_effects,True,False,False,episode_7741_clip_1,5614.0,"Speaker compares historical medical remedies to modern post-vaccine blood replacement trends, expressing skepticism about their efficacy."
7777,19,Pod Save America,“Fired up and ready to Zoom.”,2020-05-18T20:58:06,1,4,0.9,neutral,access_or_equity;development_or_approval,False,False,True,episode_7777_clip_2,3699.5,"Speaker argues the private sector cannot be relied upon to find vaccines or fund public health, emphasizing the need for government intervention."
7884,18,The Megyn Kelly Show,"Biden's Cognitive Decline, America's Reckoning, and CNN's Ratings Slide, with Dennis Prager and Buck Sexton | Ep. 720",2024-02-08T19:00:00,1,4,0.9,mixed,conspiracy_or_institutional_trust;covid19;mandates_or_policy,False,False,True,episode_7884_clip_1,3752.1,Speaker describes forced vaccination policies as the most divisive act of the presidency and implies dishonesty in the campaign.
8212,24,The Shawn Ryan Show,#173 Jared Hudson - The War Against Evil: A Navy SEAL’s Fight to Save Children in America,2025-02-19T13:07:00,1,4,0.9,supportive,other_vaccine;safety_or_side_effects,True,False,False,episode_8212_clip_1,7735.0,"Navy SEAL attributes his diabetes to the anthrax vaccine, noting doctors were skeptical of the link."
8271,19,Pod Save America,“The Chosen One.”,2019-08-22T20:42:27,1,4,0.9,mixed,access_or_equity;influenza;mandates_or_policy,False,True,True,episode_8271_clip_1,2005.5,"Hosts criticize the Trump administration for denying flu shots to detained migrants, calling it cruel and dangerous."
8321,2,The Joe Rogan Experience,JRE MMA Show #130 with Will Harris,2022-09-21T17:00:00,1,4,0.9,mixed,covid19;efficacy_or_immunity;safety_or_side_effects,True,False,True,episode_8321_clip_1,3835.8,"Speakers discuss dating preferences for unvaccinated partners and allege vaccine links to fertility issues, miscarriages, and menstrual changes."
8434,17,The Tucker Carlson Show,Author Kris Newby explains how the first Lyme Disease infections happened just a few miles from an animal-testing lab in Connecticut.  Could the spread of the disease be related to a lab leak?,2024-05-09T23:00:00,1,4,0.9,mixed,conspiracy_or_institutional_trust;development_or_approval;other_vaccine,True,False,False,episode_8434_clip_1,828.8,Speaker alleges financial conflicts of interest corrupted incentives to develop Lyme disease tests and vaccines.
8528,2,The Joe Rogan Experience,#1857 - Seth Dillon,2022-08-16T17:00:00,1,4,0.9,mixed,conspiracy_or_institutional_trust;covid19;misinformation_or_fact_checking,True,False,True,episode_8528_clip_1,652.8,Speakers discuss Alex Berenson's reinstatement and claim data proves his views on vaccines were correct.
8539,23,The Rest Is History,12. Conspiracy Theories,2021-01-04T03:00:00,1,4,0.9,neutral,conspiracy_or_institutional_trust;covid19;misinformation_or_fact_checking,False,True,False,episode_8539_clip_1,108.2,"Hosts list COVID vaccine conspiracy theories like DNA alteration and microchips, noting their impact on uptake."
10487,8,The MeidasTouch Podcast,MeidasTouch Full Podcast - 5/2/25,2025-05-02T09:00:00,1,4,0.9,mixed,conspiracy_or_institutional_trust;misinformation_or_fact_checking;safety_or_side_effects,True,True,True,episode_10487_clip_1,2540.9,Host claims RFK Jr. falsely stated vaccines contain millions of fetal tissue particles and promises an autism cure.
10502,2,The Joe Rogan Experience,#1793 - Mike Baker,2022-03-19T17:00:00,1,4,0.9,mixed,conspiracy_or_institutional_trust;covid19;development_or_approval;safety_or_side_effects,True,False,False,episode_10502_clip_1,3570.0,"Discusses pharma companies hiding raw data, citing Vioxx deaths, and questions booster motivations for profit."
10634,30,Candace,Trump Gone Wild! Is Jeffrey Epstein Even Dead? | Candace Ep 215,2025-07-14T22:18:00,1,4,0.9,supportive,childhood_schedule;conspiracy_or_institutional_trust;safety_or_side_effects,True,False,True,episode_10634_clip_1,3336.3,The host promotes a series claiming Big Pharma is poisonous and lies about the history of the childhood vaccine schedule.
10803,30,Candace,"Ian Carroll Unleashed! | Private Equity, Big Pharma, And The Diddy Trial | Candace Ep 184",2025-05-13T22:06:00,1,4,0.9,mixed,childhood_schedule;conspiracy_or_institutional_trust;personal_decision_or_uptake;safety_or_side_effects,True,False,True,episode_10803_clip_1,1612.4,Host describes a mother declining newborn shots and frames it as resistance to pharmaceutical pressure.
10817,30,Candace,ENOUGH! It’s Time For Jordan Peterson To Clean His Own Room | Candace Ep 181,2025-04-23T22:11:00,1,4,0.9,mixed,conspiracy_or_institutional_trust;covid19;misinformation_or_fact_checking,True,False,True,episode_10817_clip_1,1406.2,Host claims experts pathologized vaccine hesitancy using psychiatric labels as a control tactic.
10822,30,Candace,WOAH! Shannon Sharpe Names His ‘Jane Doe’ Accuser. Is This The End Of #Metoo? | Candace Ep 180,2025-04-22T21:36:00,1,4,0.9,mixed,conspiracy_or_institutional_trust;covid19;safety_or_side_effects,True,False,True,episode_10822_clip_1,2108.8,Speaker recounts being pressured by an expert to vaccinate and claims dissenters were proven right.
10834,18,The Megyn Kelly Show,"Prince Harry Blames the Press, and Golden Globes Attempts Cultural Rehab, with Dan Wootton and Andrew Klavan | Ep. 469",2023-01-11T20:29:22,1,4,0.9,mixed,conspiracy_or_institutional_trust;misinformation_or_fact_checking;safety_or_side_effects,True,False,True,episode_10834_clip_1,1670.8,"The speaker argues that if authorities like the CDC suppress information, it becomes impossible to know if claims that vaccines will kill you are true."
11256,18,The Megyn Kelly Show,"Independents Go Blue, Trump's Announcement, and COVID Lockdown Harms, with Victor Davis Hanson and Jennifer Sey | Ep. 434",2022-11-14T20:05:29,1,4,0.9,mixed,covid19;efficacy_or_immunity;mandates_or_policy,False,False,True,episode_11256_clip_1,5055.2,"Discusses DeSantis and Polis avoiding vaccine mandates, contrasting freedom approaches with liberal critiques of available safe vaccines."
11265,8,The MeidasTouch Podcast,MeidasTouch Full Podcast - 3/25/25,2025-03-25T09:00:00,1,4,0.9,mixed,conspiracy_or_institutional_trust;misinformation_or_fact_checking,False,True,True,episode_11265_clip_1,670.3,Speaker warns that appointing anti-vax conspiracy theorists like RFK Jr. to government will harm American health and well-being.
11834,30,Candace,Kamala’s Family Reaches Out! | Candace Ep 77,2024-10-02T23:02:00,1,4,0.9,mixed,other_vaccine;personal_decision_or_uptake,True,False,False,episode_11834_clip_1,1889.8,"Host states she is anti-vax for pets and humans, calling animal vaccination crazy."
12147,8,The MeidasTouch Podcast,Trump Wakes Up to Morning Disaster of His Own Making,2025-02-27T18:00:00,1,4,0.9,mixed,conspiracy_or_institutional_trust;influenza;mandates_or_policy,False,False,True,episode_12147_clip_1,85.2,"Speaker reports the Trump administration canceled an FDA vaccine advisory meeting, potentially delaying flu shot production."
12196,24,The Shawn Ryan Show,#102 Chad Robichaux - Force Recon Marine / DEVGRU,2024-03-25T10:00:00,1,4,0.9,mixed,covid19;mandates_or_policy;personal_decision_or_uptake,False,False,True,episode_12196_clip_1,756.4,Guest recounts son being discharged from Marine Corps for refusing vaccine mandate and rejoining after mandate lifted.
12815,2,The Joe Rogan Experience,#1647 - Dave Chappelle,2021-05-07T17:00:00,1,4,0.9,mixed,covid19;efficacy_or_immunity;safety_or_side_effects,False,False,False,episode_12815_clip_1,6804.1,"Speakers discuss survival rates, compare COVID to other diseases, and hope for effective therapies alongside vaccines."
12820,18,The Megyn Kelly Show,"Importance of Exercise, Effects of Alcohol, and the Science of Longevity, with Peter Attia | Ep. 286",2022-03-25T18:00:00,1,4,0.9,neutral,covid19;development_or_approval;efficacy_or_immunity,False,False,False,episode_12820_clip_1,1442.0,Doctor discusses mRNA vaccine safety and potential future use in cancer treatment via immune system priming.
12877,34,Finding Peak with Ryan Hanley,RHS 178 - Carol Roth Answers “What F#$% Is Going On With the Economy?”,2023-04-17T09:00:00,1,4,0.9,mixed,conspiracy_or_institutional_trust;covid19;mandates_or_policy,True,False,True,episode_12877_clip_1,1210.2,"Speaker compares vaccine cards to a social credit system, citing Canadian trucker funding freezes as evidence of emerging financial control mechanisms."
13629,28,REAL AF with Andy Frisella,"548. Andy, Dean Stott & DJ CTI: Racism After Switching Parties, Muslim Council Fires HR For Pride Flag & RFK Jr. Covid May Have Been ""Ethnically Targeted""",2023-07-18T09:00:00,1,4,0.9,mixed,conspiracy_or_institutional_trust;covid19;misinformation_or_fact_checking,True,False,True,episode_13629_clip_3,4823.6,Discusses RFK Jr.'s claims about ethnic targeting by COVID and his broader anti-vaccine campaign platform.
14004,24,The Shawn Ryan Show,"#76 Erik Prince - 6 Enemies of Big Government, Combating Cartels and the Ukraine War | Part 1",2023-09-25T10:00:00,1,4,0.9,neutral,access_or_equity;other_vaccine,False,False,False,episode_14004_clip_1,7396.4,Notes Gates Foundation vaccination programs reduced child mortality but caused a demographic boom leading to instability.
14177,18,The Megyn Kelly Show,"Gabby Petito’s Death, Theranos Fraud Trial, and Britney Spears with Brian Entin, Mark Eiglarsh and Arthur Aidala | Ep. 166",2021-09-23T19:54:06,1,4,0.9,mixed,covid19;efficacy_or_immunity;mandates_or_policy;safety_or_side_effects,False,False,True,episode_14177_clip_1,5054.4,"Legal discussion on natural immunity vs. vaccine mandates for teachers, citing settled case and ongoing uncertainty."
14279,28,REAL AF with Andy Frisella,469. America's Mission Ft. Shawn Ryan,2023-02-08T10:00:00,1,4,0.9,mixed,conspiracy_or_institutional_trust;covid19;misinformation_or_fact_checking;safety_or_side_effects,True,False,True,episode_14279_clip_1,4472.0,Speaker claims people are falling over from vaccines but still support them due to propaganda.
14526,8,The MeidasTouch Podcast,Trump FREAKS OUT two weeks AFTER ELECTION,2024-11-18T19:00:00,1,4,0.9,mixed,conspiracy_or_institutional_trust;covid19;mandates_or_policy,False,False,True,episode_14526_clip_1,724.4,"Speaker warns that MAGA allies may ban vaccines and fluoride, contradicting their opposition to pandemic mandates."
14539,38,Proven Podcast,The Brutal Truth from a Super Bowl Champion - Setema Gali,2025-10-08T08:40:00,1,4,0.9,supportive,mandates_or_policy;polio;safety_or_side_effects,False,True,True,episode_14539_clip_1,1571.4,"Speaker criticizes Florida removing vaccine requirements, citing polio risks and severe side effects."
14652,28,REAL AF with Andy Frisella,"411. Andy & DJ CTI: Elon Recommends Voting For Republican Congress, Biden Says ""No More Drilling,"" & Aldi To Sell Thanksgiving Items At 2019 Prices",2022-11-08T10:00:00,1,4,0.9,mixed,conspiracy_or_institutional_trust;covid19;mandates_or_policy,True,False,True,episode_14652_clip_1,2043.8,Speakers claim people lost jobs for refusing vaccines and reference conspiracy theories about camps and censorship.
14732,8,The MeidasTouch Podcast,Resisting TRUMP THREATS Begins RIGHT NOW,2024-11-08T10:00:00,1,4,0.9,supportive,childhood_schedule;mandates_or_policy;personal_decision_or_uptake,False,True,True,episode_14732_clip_1,3350.8,
14820,28,REAL AF with Andy Frisella,"388. Andy & DJ CTI: Elon Musk Proposes To Buy Twitter At Original Offer, Pelosi Believes Dems Will Sweep Midterms & Trump Sues CNN For $475M",2022-10-05T09:00:00,1,4,0.9,mixed,conspiracy_or_institutional_trust;covid19;misinformation_or_fact_checking,True,False,True,episode_14820_clip_1,2975.0,Speakers mock a TV host's vaccine promotion dance as propaganda and question accountability for vaccine-related deaths.
16897,37,Habits and Hustle,Episode 263: Professor Scott Galloway: Why Following Your Passion is Only For The Rich,2023-08-01T07:00:00,1,4,0.9,neutral,misinformation_or_fact_checking;personal_decision_or_uptake;safety_or_side_effects,False,False,True,episode_16897_clip_1,2573.5,"States that disenfranchised young men are more likely to believe vaccines are bad, linking it to radicalization."
18808,2,The Joe Rogan Experience,#1299 - Annie Jacobsen,2019-05-16T00:00:00,1,4,0.9,neutral,conspiracy_or_institutional_trust;development_or_approval;other_vaccine,False,False,False,episode_18808_clip_1,5355.0,
18933,2,The Joe Rogan Experience,#1292 - Lex Fridman,2019-05-07T00:00:00,1,4,0.9,neutral,conspiracy_or_institutional_trust;misinformation_or_fact_checking;mmr_measles,False,True,False,episode_18933_clip_1,6037.7,
20035,52,Matt and Shane's Secret Podcast,Ep 363 - Australia Does Not Exist (feat. Sidney Gant & Tim Butterly),2021-09-15T19:08:00,1,4,0.9,mixed,conspiracy_or_institutional_trust;covid19;mandates_or_policy;misinformation_or_fact_checking,True,False,True,episode_20035_clip_1,3212.6,Speakers share unverified claims about Australia forcing people to fight kangaroos or facing arrest if unvaccinated.
20175,2,The Joe Rogan Experience,#1240 - Forrest Galante,2019-02-06T00:00:00,1,4,0.9,neutral,other_vaccine;safety_or_side_effects,True,False,False,episode_20175_clip_1,1534.7,"A guest recounts a story where a friend's father allegedly contracted Lyme disease directly from the vaccine, leading to its withdrawal."
20514,52,Matt and Shane's Secret Podcast,Ep 300-Emergency Teenis,2020-06-10T01:59:39,1,4,0.9,mixed,conspiracy_or_institutional_trust;covid19;development_or_approval;safety_or_side_effects,True,False,False,episode_20514_clip_1,1338.5,Speakers claim new vaccines use genetic sequences rather than weakened viruses and express fear of rushed development.
23097,53,The Diary Of A CEO with Steven Bartlett,How We Built A $200m Company At 27 Years Old,2020-10-05T05:00:00,1,4,0.9,mixed,covid19;development_or_approval;efficacy_or_immunity;misinformation_or_fact_checking,True,False,True,episode_23097_clip_1,1877.8,"Argues waiting for a vaccine is futile based on history with SARS and WHO advice, suggesting herd immunity is the only option."
7731,18,The Megyn Kelly Show,"George Stephanopoulos' Gross Hypocrisy, and Kate Middleton Fake Photo Controversy, with Andrew Klavan and Maureen Callahan | Ep. 743",2024-03-11T19:07:56,1,4,0.89,mixed,conspiracy_or_institutional_trust;covid19;misinformation_or_fact_checking;safety_or_side_effects,True,False,True,episode_7731_clip_1,3114.9,"Speaker asserts vaccines can be dangerous and that media lied, eroding credibility."
11488,28,REAL AF with Andy Frisella,"797. Andy & DJ CTI: Georgia judge blocks ballot-counting rule, Kamala Harris' Interview With Charlamagne Tha God & Schools Still Closed After Hurricane Helene",2024-10-17T09:00:00,1,4,0.89,supportive,conspiracy_or_institutional_trust;covid19;mandates_or_policy;misinformation_or_fact_checking,True,False,True,episode_11488_clip_1,1334.6,"Critiques leaders calling unvaccinated a pandemic, suggests government plans to exile or kill unvaccinated, linking to communism."
19210,52,Matt and Shane's Secret Podcast,Ep 458 - Sparkle and Play (feat. Billy),2023-09-07T17:33:00,1,4,0.88,mixed,covid19;personal_decision_or_uptake;safety_or_side_effects,True,False,False,episode_19210_clip_1,714.6,Speaker claims heart attacks increased post-vaccination and expresses refusal to get boosted.
2319,12,Up First from NPR,Limiting Musk's Powers; VA Employees On DOGE Emails; No Cure For Long COVID,2025-03-08T14:26:47,1,4,0.85,neutral,covid19;development_or_approval;efficacy_or_immunity,False,False,True,episode_2319_clip_1,716.0,Discusses long COVID prevalence remaining high in vaccinated populations and the lack of approved treatments or biomarkers.
2446,2,The Joe Rogan Experience,#2276 - Felipe Esparza,2025-02-21T18:00:00,1,4,0.85,mixed,conspiracy_or_institutional_trust;misinformation_or_fact_checking;safety_or_side_effects,True,False,False,episode_2446_clip_1,6880.2,Speakers discuss historical sanitation as disease control and speculate conspiratorially about human remains in fertilizer and pharmaceutical motives.
2498,2,The Joe Rogan Experience,#2273 - Adam Curry,2025-02-13T18:00:00,1,4,0.85,mixed,conspiracy_or_institutional_trust;mandates_or_policy;misinformation_or_fact_checking;safety_or_side_effects,True,False,True,episode_2498_clip_1,6381.8,Speaker notes public fears that AI and tech leaders will mandate cancer-causing mRNA vaccines as part of a control grid.
4030,18,The Megyn Kelly Show,"Megyn Kelly Hosts The Charlie Kirk Show - On Charlie's Legacy, Kimmel Sidelined, and What Comes Next  |  Ep. 1152",2025-09-18T19:33:14,1,4,0.85,mixed,conspiracy_or_institutional_trust;covid19;misinformation_or_fact_checking;safety_or_side_effects,True,False,True,episode_4030_clip_1,3869.8,"Speaker alleges pharmaceutical industry bought media to suppress ivermectin and promote COVID vaccines, calling Kimmel an industry mouthpiece."
4338,17,The Tucker Carlson Show,How Wall Street & the FBI Colluded to Destroy Trevor Milton After His Tech Threatened Big Oil,2025-07-23T17:45:00,1,4,0.85,mixed,other_vaccine;safety_or_side_effects,True,False,False,episode_4338_clip_1,3449.6,Guest claims his wife suffered seizures and autoimmune diseases after receiving an unspecified vaccine in an emergency room.
4669,19,Pod Save America,Trump's War on the U.S. Government,2025-02-07T08:05:00,1,4,0.85,neutral,access_or_equity;development_or_approval;other_vaccine,False,False,True,episode_4669_clip_1,3983.2,Speaker discusses Marburg disease lacking a vaccine and the risks of cutting foreign aid programs like PEPFAR.
6321,24,The Shawn Ryan Show,#232 John Rich - Big & Rich Country Star Performs Unreleased Song LIVE,2025-09-02T10:00:00,1,4,0.85,mixed,conspiracy_or_institutional_trust;misinformation_or_fact_checking;personal_decision_or_uptake,True,False,False,episode_6321_clip_1,16125.5,Guest discusses vaccine as potential 'mark of the beast' and expresses regret over taking it due to religious discernment concerns.
6433,18,The Megyn Kelly Show,"Trump Crushes Expectations, And Projected to Win The Election - Megyn Kelly's Election Night Special | Ep. 936",2024-11-06T09:21:15,1,4,0.85,mixed,conspiracy_or_institutional_trust;development_or_approval;mmr_measles,True,False,True,episode_6433_clip_1,24771.2,Speaker suggests RFK Jr.'s views on MMR vaccines are less extreme than perceived and worth considering.
6640,2,The Joe Rogan Experience,#2020 - Python Cowboy,2023-08-11T17:00:00,1,4,0.85,mixed,conspiracy_or_institutional_trust;misinformation_or_fact_checking;other_vaccine;safety_or_side_effects,True,False,False,episode_6640_clip_1,4578.7,"Speakers express fear about genetically engineered mosquitoes with vaccines being released, suggesting uncontrolled risks to humans."
8443,8,The MeidasTouch Podcast,GOP Witnesses Crumble on Witness Stand at Live Hearing,2025-06-11T18:00:00,1,4,0.85,neutral,access_or_equity;development_or_approval;other_vaccine,False,False,True,episode_8443_clip_1,413.2,"Senator Murray accuses officials of cutting HIV vaccine trials and other medical research, questioning the impact on patients and future trials."
10807,30,Candace,Farewell Show: LIVE With Ian Carroll | Candace Ep 183,2025-04-28T22:27:00,1,4,0.85,mixed,covid19;safety_or_side_effects,True,False,False,episode_10807_clip_1,162.3,Speaker speculates Justin Bieber's facial paralysis and spouse's clot were likely vaccine injuries.
11987,28,REAL AF with Andy Frisella,"739. Andy & DJ CTI: Biden Not Going Anywhere, Riots Erupt In France & 35-Year-Old ""Teenager""",2024-07-09T09:00:00,1,4,0.85,supportive,conspiracy_or_institutional_trust;covid19;misinformation_or_fact_checking,True,False,True,episode_11987_clip_1,2459.2,Speaker claims people ignore vaccine deaths to defend their political identity and decision to get vaccinated.
12277,2,The Joe Rogan Experience,#1682 - Jesse Singal,2021-07-13T17:00:00,1,4,0.85,neutral,misinformation_or_fact_checking;polio;safety_or_side_effects,False,True,False,episode_12277_clip_1,1555.8,"Rogan recounts fact-checking Alex Jones regarding an AP report on children in Africa contracting polio from the oral polio vaccine, confirming its validity."
13226,18,The Megyn Kelly Show,"Whoopi's Crazy Holocaust Comments and the Value of Regret, with Emily Jashinsky, Eliana Johnson, and Daniel Pink | Ep. 252",2022-02-01T20:12:48,1,4,0.85,mixed,covid19;mandates_or_policy;personal_decision_or_uptake,False,False,True,episode_13226_clip_1,4922.5,"Notes that protesting truckers have same 90% vaccination rate as general Canadian population, questioning mandate necessity."
13839,35,Right About Now - Legendary Business Advice,Fast Success From Fasting with The Panda Man,2024-02-27T10:00:00,1,4,0.85,mixed,covid19;misinformation_or_fact_checking;safety_or_side_effects,True,False,False,episode_13839_clip_1,2067.8,Guest promotes urine therapy as a cure for vaccine-induced clotting issues based on an interview claim.
14536,28,REAL AF with Andy Frisella,"430. Andy & DJ CTI: Sam Bankman-Fried Screw Up, China's Unofficial Police Stations Around The World & Elon Musk Claims Risk Of Assassination Is 'Quite Significant'",2022-12-06T10:00:00,1,4,0.85,mixed,conspiracy_or_institutional_trust;covid19;misinformation_or_fact_checking,True,False,True,episode_14536_clip_1,3408.3,"Speaker rhetorically asks what happened with the vaccine, implying government deception and censorship."
14541,24,The Shawn Ryan Show,#66 Michael Herrera - US Marine Encounters UFO Black Ops Human Trafficking Operation | Part 1,2023-07-17T10:00:00,1,4,0.85,supportive,covid19;efficacy_or_immunity;misinformation_or_fact_checking,True,False,True,episode_14541_clip_1,3466.0,Guest recounts America's Frontline Doctors claiming vaccinations aren't required and promoting natural immunity.
15708,28,REAL AF with Andy Frisella,"302. Andy & DJ CTI: Sussmann Found Not Guilty, Musk: Remote Work Is No Longer Acceptable & Russia Officially Threatens U.S.",2022-06-02T09:00:27,1,4,0.85,mixed,conspiracy_or_institutional_trust;covid19;mandates_or_policy,True,False,True,episode_15708_clip_1,1190.0,"Speakers link police force changes to vaccine mandates, suggesting a conspiracy where warriors were removed to facilitate gun confiscation."
16844,8,The MeidasTouch Podcast,Trump has MAJOR PSYCHOTIC EPISODE as He CRASHES in AM,2024-08-15T01:00:00,1,4,0.85,neutral,conspiracy_or_institutional_trust;covid19;mandates_or_policy;misinformation_or_fact_checking,False,True,True,episode_16844_clip_1,372.5,"Host critiques Trump's posts claiming government imposes vaccine mandates and conspiracies, referencing past pandemic handling."
18843,49,The Money Mondays,Stormy Wellington & Gary Brecka of 10X Health on Success | E2,2023-03-03T16:00:44,1,4,0.85,mixed,conspiracy_or_institutional_trust;covid19;misinformation_or_fact_checking,True,False,True,episode_18843_clip_1,2501.3,
7233,2,The Joe Rogan Experience,#1966 - Big Jay Oakerson & Ari Shaffir,2023-04-05T17:00:00,1,4,0.82,mixed,covid19;efficacy_or_immunity;misinformation_or_fact_checking,True,False,True,episode_7233_clip_1,2080.1,"Speakers debate past claims about mask efficacy and whether vaccinated people can still get sick, questioning information reliability."
1372,2,The Joe Rogan Experience,#2324 - Amanda Knox,2025-05-20T17:00:00,1,4,0.8,mixed,conspiracy_or_institutional_trust;safety_or_side_effects,True,False,True,episode_1372_clip_1,5950.0,"Speaker alleges financial incentives and kickbacks warp medical institutions, citing vaccinations as an example of twisted justification."
14984,2,The Joe Rogan Experience,"Fight Companion - July 11, 2020",2020-07-13T00:00:00,5,3,0.92,mixed;neutral,childhood_schedule;conspiracy_or_institutional_trust;covid19;development_or_approval;efficacy_or_immunity;other_vaccine;safety_or_side_effects,True,False,True,episode_14984_clip_3,8532.0,"Discussion of a Cuban lung cancer treatment described as a vaccine, noting its availability and mechanism."
7001,19,Pod Save America,“The midterms start now.”,2021-11-04T21:56:00,4,3,0.98,neutral,childhood_schedule;covid19;efficacy_or_immunity;personal_decision_or_uptake,False,False,False,episode_7001_clip_2,3136.3,Discusses how Delta variant changed messaging on safety for vaccinated versus unvaccinated people.
11335,18,The Megyn Kelly Show,"Media's Pre-Election Meltdown, and Kyrie Irving Suspended, with Jason Whitlock and Dana Loesch | Ep. 427",2022-11-04T18:00:00,4,3,0.97,mixed,conspiracy_or_institutional_trust;covid19;mandates_or_policy;personal_decision_or_uptake,False,False,True,episode_11335_clip_3,1190.0,Speakers claim Kyrie Irving was punished for refusing the vaccine and that the league is sending a message to other players to comply.
15564,18,The Megyn Kelly Show,"Election Aftermath, with Clay Travis and Dennis Prager | Ep. 22",2020-11-09T19:04:28,4,3,0.95,neutral,covid19;development_or_approval;efficacy_or_immunity;safety_or_side_effects,False,False,True,episode_15564_clip_4,2789.3,Host reports Pfizer's announcement of a 90% effective vaccine with no serious safety concerns and seeks authorization.
14025,2,The Joe Rogan Experience,#1583 - John Terzian & Craig Susser,2020-12-24T18:00:00,4,3,0.85,neutral,covid19;efficacy_or_immunity,False,False,True,episode_14025_clip_2,4760.0,Discusses reopening businesses as more people get vaccinated and change their mindset.
7752,22,Wait Wait... Don't Tell Me!,Keke Palmer,2021-12-18T17:27:27,3,3,0.99,neutral,covid19;efficacy_or_immunity;influenza;mandates_or_policy,False,False,False,episode_7752_clip_2,619.7,Advertisement promotes GoodRx discounts for flu shots and cold medications during the flu season.
7867,19,Pod Save America,“Ratings to die for.”,2020-03-30T20:48:48,3,3,0.99,neutral,covid19;development_or_approval;other_vaccine;safety_or_side_effects,False,False,True,episode_7867_clip_2,1785.0,
8518,18,The Megyn Kelly Show,"Left's 14th Amendment Fantasies, Novak's Big Victory, and 9/11 Memories, with Alan Dershowitz and Marcellus Wiley | Ep. 624",2023-09-11T19:10:45,3,3,0.99,mixed,conspiracy_or_institutional_trust;covid19;mandates_or_policy;personal_decision_or_uptake;safety_or_side_effects,False,False,True,episode_8518_clip_3,3288.5,"Discusses Djokovic being vilified and banned for refusing the vaccine, criticizing the lack of choice and media treatment."
6893,19,Pod Save America,"""Spar-a-lago: Ron v. Don.""",2022-01-18T08:01:00,3,3,0.98,mixed;neutral,access_or_equity;covid19;mandates_or_policy;misinformation_or_fact_checking;personal_decision_or_uptake,False,True,True,episode_6893_clip_1,143.5,Hosts analyze Trump's false claim about race-based vaccine rationing and discuss Biden's pandemic messaging strategy.
7805,22,Wait Wait... Don't Tell Me!,Chance The Rapper,2021-11-06T16:00:39,3,3,0.98,neutral,childhood_schedule;covid19;influenza;mandates_or_policy;other_vaccine;personal_decision_or_uptake,False,False,True,episode_7805_clip_4,2482.3,"News quiz covers COVID testing at Disneyland, Aaron Rodgers lying about vaccination, and Merck drug authorization."
7886,22,Wait Wait... Don't Tell Me!,Martin Short,2021-09-04T16:00:18,3,3,0.98,neutral,access_or_equity;covid19;efficacy_or_immunity;influenza;misinformation_or_fact_checking;safety_or_side_effects,False,True,False,episode_7886_clip_2,624.3,Sponsored message offering discounts on flu shots and cold medications to keep families protected.
10767,18,The Megyn Kelly Show,"Alec Baldwin Charged, COVID Death Overcounting, and NHL Rainbow Jersey Uproar, with the Ruthless Podcast Hosts | Ep. 475",2023-01-19T19:52:17,3,3,0.98,mixed,covid19;efficacy_or_immunity;mandates_or_policy;misinformation_or_fact_checking,False,False,True,episode_10767_clip_2,2380.0,
12686,18,The Megyn Kelly Show,"Free Speech Suppression, Woke Cultural Drift, and Becoming a Parent, with Dave Rubin | Ep. 298",2022-04-12T19:06:54,3,3,0.98,mixed,covid19;efficacy_or_immunity;mandates_or_policy;personal_decision_or_uptake;safety_or_side_effects,False,False,True,episode_12686_clip_1,2380.0,"Speaker states they are unvaccinated, had mild COVID, and criticizes CDC isolation rules and government overreach."
12740,2,The Joe Rogan Experience,#1651 - Joe List,2021-05-13T17:00:00,3,3,0.98,neutral,covid19;efficacy_or_immunity;safety_or_side_effects,False,False,False,episode_12740_clip_1,4980.5,Speaker describes personal side effects from Moderna vaccine and discusses breakthrough cases and vitamin D levels.
22419,46,Pardon My Take,"Greg Olsen, Mt Rushmore Of Everyday Villains, The Boys Get Their Championship Rings And Lebron Is Not Retiring",2023-07-17T03:21:12,3,3,0.98,mixed;neutral,conspiracy_or_institutional_trust;covid19;misinformation_or_fact_checking;personal_decision_or_uptake;safety_or_side_effects,True,True,True,episode_22419_clip_1,1190.0,Host claims Djokovic was persecuted and penalized specifically because he refused to get vaccinated.
10892,30,Candace,The JFK Files + A ‘House In Habit’ Divided | Candace Ep 166,2025-03-27T22:30:00,3,3,0.97,mixed,covid19;misinformation_or_fact_checking;personal_decision_or_uptake;safety_or_side_effects,False,False,True,episode_10892_clip_1,1021.2,"Host defends anti-vaxxers and Joe Rogan, criticizing Megan McCain for mocking those avoiding COVID vaccines."
16494,42,Armchair Expert with Dax Shepard,Caroline Fraser (on serial killers),2025-08-06T07:35:00,3,3,0.96,neutral,childhood_schedule;mandates_or_policy;other_vaccine,False,False,False,episode_16494_clip_1,597.3,Discusses how Christian Scientists lobbied for religious exemptions allowing refusal of vaccinations and healthcare in the 1970s.
7081,19,Pod Save America,“Elder Abuse.”,2021-09-09T21:16:00,3,3,0.95,mixed;supportive,covid19;mandates_or_policy;misinformation_or_fact_checking;personal_decision_or_uptake,False,True,True,episode_7081_clip_3,4165.0,Discussion of a candidate's pledge to repeal vaccine and mask mandates in California schools.
7617,19,Pod Save America,“Kenosha vs. Convention.”,2020-08-27T21:05:53,3,3,0.95,neutral,covid19;development_or_approval;efficacy_or_immunity,False,False,True,episode_7617_clip_1,2798.1,"Pence claims US will have first safe, effective vaccine by year end."
7680,18,The Megyn Kelly Show,"MSNBC's Hypocritical Ronna Meltdown, and ""Preachy Females"" In Dem Party, with Emily Jashinsky and Eliana Johnson | Ep. 750",2024-03-26T19:21:36,3,3,0.95,mixed,covid19;efficacy_or_immunity;misinformation_or_fact_checking,True,False,True,episode_7680_clip_1,153.0,A quoted speaker claims vaccines stop the virus in vaccinated people and only the unvaccinated are dying.
11338,2,The Joe Rogan Experience,#1744 - Derek from More Plates More Dates,2021-12-03T18:00:00,3,3,0.95,mixed;neutral,covid19;efficacy_or_immunity;mandates_or_policy;personal_decision_or_uptake;safety_or_side_effects,False,False,True,episode_11338_clip_1,6956.8,"Speaker describes Canadian vaccine mandates for venues and travel, calling the health logic paradoxical."
12492,28,REAL AF with Andy Frisella,"669. Andy, Andy Stumpf & DJ CTI: Outraged American TikTokers, West Point Removes Key Words from Mission Statement & Georgia Judge Dismisses 3 Charges Against Trump",2024-03-15T09:00:00,3,3,0.95,mixed,conspiracy_or_institutional_trust;covid19;mandates_or_policy;safety_or_side_effects,False,False,True,episode_12492_clip_1,2042.2,"Speakers recall calls to remove unvaccinated people from society and build camps, expressing fear of authoritarian measures during the pandemic."
14967,18,The Megyn Kelly Show,"John Stossel on Big Tech Censorship, COVID Fear, and Capitalism | Ep. 79",2021-03-22T08:00:00,3,3,0.95,mixed;neutral,covid19;mandates_or_policy;personal_decision_or_uptake;safety_or_side_effects,False,False,True,episode_14967_clip_2,375.7,"Discusses personal vaccination, anxiety over new strains, and opposition to mandatory vaccines for travel or school."
15137,18,The Megyn Kelly Show,"Adam Carolla on COVID Madness, AOC, and Whether He'll Leave California | Ep. 63",2021-02-12T10:00:00,3,3,0.95,mixed,covid19;mandates_or_policy;personal_decision_or_uptake,False,False,True,episode_15137_clip_2,352.1,
7967,23,The Rest Is History,"147. Disease, the New World and modern pandemics",2022-02-04T02:00:00,3,3,0.94,neutral,covid19;development_or_approval;efficacy_or_immunity;influenza;mandates_or_policy;other_vaccine;personal_decision_or_uptake,False,False,False,episode_7967_clip_1,595.0,Discussion highlights Edward Jenner's 1798 empirical discovery of vaccination as a triumph of scientific mindset.
3537,2,The Joe Rogan Experience,#2236 - Protect Our Parks 13,2024-11-28T18:00:00,3,3,0.92,mixed,covid19;personal_decision_or_uptake;safety_or_side_effects,False,False,False,episode_3537_clip_3,15560.4,
4648,17,The Tucker Carlson Show,Tucker Confronts Ted Cruz on His Support for Regime Change in Iran,2025-06-18T17:08:00,3,3,0.92,mixed,access_or_equity;covid19;mandates_or_policy,False,False,True,episode_4648_clip_2,1670.8,
7422,19,Pod Save America,“Stimulus checks and balances.”,2020-12-17T23:09:28,3,3,0.92,neutral,access_or_equity;covid19;mandates_or_policy,False,False,True,episode_7422_clip_2,1030.2,Argues Republican Senate control delays economic aid and slows vaccine distribution in Georgia.
13874,18,The Megyn Kelly Show,"GOP's Giant Virginia Victory, with Ken Cuccinelli, Charles C.W. Cooke, Asra Nomani, and Bill McGurn | Ep. 195",2021-11-03T19:03:26,3,3,0.92,mixed,childhood_schedule;covid19;efficacy_or_immunity;mandates_or_policy;personal_decision_or_uptake,False,False,True,episode_13874_clip_1,3876.7,"Discussion on how vaccine mandates have become unpopular, caused firings, and made selling vaccines harder despite being a 'good thing'."
15780,2,The Joe Rogan Experience,#1448 - Joey Diaz,2020-03-26T00:00:00,3,3,0.92,neutral,covid19;development_or_approval;influenza;personal_decision_or_uptake,False,False,False,episode_15780_clip_3,7018.8,"Joey Diaz says he has never gotten a flu shot due to fear of needles, mentions nasal spray alternative."
2215,2,The Joe Rogan Experience,#2291 - Bert Kreischer,2025-03-18T17:00:00,3,3,0.9,mixed;neutral,conspiracy_or_institutional_trust;mandates_or_policy;personal_decision_or_uptake;polio;safety_or_side_effects,True,False,False,episode_2215_clip_2,8628.3,Anecdote describes polio vaccines being administered to children in schools without explicit parental consent.
7014,19,Pod Save America,“Build Back Meta.”,2021-10-28T21:32:00,3,3,0.9,neutral,childhood_schedule;covid19;mandates_or_policy;personal_decision_or_uptake,False,False,True,episode_7014_clip_2,1900.6,
7400,19,Pod Save America,“Tweets and Reconciliation.”,2021-01-11T22:24:26,3,3,0.9,neutral,access_or_equity;covid19;mandates_or_policy,False,False,True,episode_7400_clip_3,3731.0,
7827,22,Wait Wait... Don't Tell Me!,Ron and Clint Howard,2021-10-23T16:00:16,3,3,0.9,neutral,childhood_schedule;covid19;efficacy_or_immunity;mandates_or_policy;misinformation_or_fact_checking;safety_or_side_effects,False,False,True,episode_7827_clip_1,245.2,Comedic segment notes FDA authorization to mix-and-match COVID vaccines and jokes about anti-vaxxers.
9208,2,The Joe Rogan Experience,JRE MMA Show #122 with Jake Shields,2022-04-19T17:00:00,3,3,0.9,mixed,conspiracy_or_institutional_trust;covid19;development_or_approval;misinformation_or_fact_checking,True,False,True,episode_9208_clip_3,7005.9,
10452,8,The MeidasTouch Podcast,"Meidas Health, Episode 5: One of the Nation's Biggest Future Healthcare Leaders Speaks!",2025-05-05T01:00:00,3,3,0.9,neutral,access_or_equity;development_or_approval;mandates_or_policy;misinformation_or_fact_checking;mmr_measles;other_vaccine,False,True,False,episode_10452_clip_3,1785.0,"Discussion on addressing information chaos regarding measles vaccines and approvals, emphasizing community engagement."
15635,2,The Joe Rogan Experience,#1461 - Owen Smith,2020-04-21T19:00:00,3,3,0.9,mixed;neutral,covid19;development_or_approval;efficacy_or_immunity;misinformation_or_fact_checking;other_vaccine,False,True,False,episode_15635_clip_1,444.2,"Speakers analyze a clip where a journalist jokes 'everybody here's been vaccinated,' noting no vaccine exists yet."
20431,52,Matt and Shane's Secret Podcast,Ep 309- Homosapiens,2020-08-12T02:47:40,3,3,0.9,mixed,conspiracy_or_institutional_trust;covid19;development_or_approval;misinformation_or_fact_checking;other_vaccine;personal_decision_or_uptake,True,False,True,episode_20431_clip_2,1998.2,Speakers speculate that Uyghurs in China would refuse vaccines due to religion and discuss forced re-education camps.
10983,2,The Joe Rogan Experience,"#1764 - Ari Shaffir, Shane Gillis & Mark Normand",2022-01-14T18:00:00,3,3,0.85,mixed;neutral,covid19;misinformation_or_fact_checking;personal_decision_or_uptake;safety_or_side_effects,True,False,True,episode_10983_clip_2,2256.7,Continues joking about Betty White's death being caused by the booster and contrasts vaccine concerns with junk food consumption.
4057,2,The Joe Rogan Experience,#2205 - Legion of Skanks,2024-09-24T17:00:00,3,3,0.8,mixed,conspiracy_or_institutional_trust;covid19;development_or_approval;mandates_or_policy,True,False,True,episode_4057_clip_1,4318.2,"Speakers mock celebrities who advocated for vaccination and lockdowns, suggesting they were wrong and society may collapse due to these measures."
5234,20,SmartLess,"""Cate Blanchett""",2022-03-14T07:01:00,2,3,0.99,neutral,access_or_equity;influenza,False,False,False,episode_5234_clip_1,1051.7,Advertisement promoting discounted flu shots and cold/flu medication savings through GoodRx.
5296,20,SmartLess,"""Woody Harrelson""",2021-12-27T08:01:00,2,3,0.99,neutral,access_or_equity;influenza,False,False,False,episode_5296_clip_1,2222.5,Advertisement promoting discounted flu shots and cold/flu medications via GoodRx.
7761,22,Wait Wait... Don't Tell Me!,Bashir and Sultan Salahuddin,2021-12-11T17:00:54,2,3,0.99,neutral,covid19;influenza;misinformation_or_fact_checking;personal_decision_or_uptake,False,False,False,episode_7761_clip_1,609.3,Advertisement promotes GoodRx discounts for flu shots and savings on cold and flu medications.
7812,22,Wait Wait... Don't Tell Me!,P.K. Subban,2021-10-30T16:00:49,2,3,0.99,neutral;supportive,access_or_equity;childhood_schedule;covid19;influenza;mandates_or_policy,False,False,True,episode_7812_clip_1,601.0,Advertisement promoting discounts on flu shots and cold medications through GoodRx.
7860,22,Wait Wait... Don't Tell Me!,Bowen Yang,2021-09-25T16:00:52,2,3,0.99,neutral,access_or_equity;covid19;efficacy_or_immunity;influenza,False,False,False,episode_7860_clip_1,603.1,
7888,19,Pod Save America,“Where are the tests?”,2020-03-19T21:13:06,2,3,0.99,neutral,covid19;development_or_approval;efficacy_or_immunity,False,False,False,episode_7888_clip_2,4894.9,"Explains modeling assumption that social distancing must continue for 18 months until a safe, effective vaccine arrives."
7894,22,Wait Wait... Don't Tell Me!,Jane Kaczmarek,2021-08-28T16:00:24,2,3,0.99,neutral,covid19;development_or_approval;mandates_or_policy;misinformation_or_fact_checking,False,True,True,episode_7894_clip_3,2466.6,"Quiz covers airline fees for unvaccinated, governor banning mandates, and university enrollment suspensions."
5726,19,Pod Save America,Trump's TikTok Dance,2024-03-13T23:53:07,2,3,0.98,neutral,conspiracy_or_institutional_trust;covid19;mandates_or_policy;misinformation_or_fact_checking;personal_decision_or_uptake,False,True,True,episode_5726_clip_1,2658.9,Hosts discuss RFK Jr. and Aaron Rodgers spreading vaccine and COVID misinformation.
5777,22,Wait Wait... Don't Tell Me!,WWDTM: Anna Kendrick,2025-06-28T07:00:59,2,3,0.98,neutral,mandates_or_policy;misinformation_or_fact_checking;other_vaccine;personal_decision_or_uptake,False,True,True,episode_5777_clip_1,227.2,Hosts satirize 'trad wife' influencers who promote having many children and rejecting vaccines to avoid burnout.
6992,19,Pod Save America,“Republicans not quite in array.”,2021-11-11T22:30:00,2,3,0.98,neutral,covid19;mandates_or_policy;personal_decision_or_uptake,False,False,True,episode_6992_clip_1,218.9,"Mentions Republican base booing Trump for suggesting people get vaccinated, highlighting political polarization on uptake."
7971,22,Wait Wait... Don't Tell Me!,T-Pain,2021-06-26T16:00:54,2,3,0.98,neutral,covid19;efficacy_or_immunity;mandates_or_policy;personal_decision_or_uptake;safety_or_side_effects,False,False,True,episode_7971_clip_1,330.0,"Panel discusses missed vaccination goals, state incentives like lotteries and guns, and public hesitancy due to safety concerns."
8525,18,The Megyn Kelly Show,"Inside the Jimmy Fallon Toxic Workplace Allegations, Karine Jean-Pierre’s “Glitzy” Vogue Exclusive, with Jesse Kelly and Sasha Ayad | Ep. 623",2023-09-08T19:27:12,2,3,0.98,mixed,access_or_equity;childhood_schedule;covid19;mandates_or_policy;misinformation_or_fact_checking;mmr_measles,True,False,True,episode_8525_clip_1,884.7,Claims migrant children are attending schools without MMR or chickenpox vaccines while citizen children face strict mandates.
11120,18,The Megyn Kelly Show,"Harry and Meghan Target Kate, and Ye's Meltdown, with Dan Wootton, Dominique Samuels and Eva Vlaardingerbroek | Ep. 446",2022-12-02T20:15:49,2,3,0.98,mixed,covid19;mandates_or_policy;misinformation_or_fact_checking,False,True,True,episode_11120_clip_1,5791.6,"Discussion of Justin Trudeau denying he called unvaccinated people racists/misogynists, contrasted with testimony and footage."
13711,2,The Joe Rogan Experience,#1603 - Brendan Schaub,2021-01-29T16:00:00,2,3,0.98,mixed,conspiracy_or_institutional_trust;covid19;mandates_or_policy,False,False,True,episode_13711_clip_3,2041.1,
3668,2,The Joe Rogan Experience,#2229 - Jeff Dye,2024-11-14T18:00:00,2,3,0.97,mixed;neutral,conspiracy_or_institutional_trust;covid19;development_or_approval;other_vaccine,False,False,True,episode_3668_clip_1,5518.4,
21028,59,Last Podcast On The Left,Episode 632: Psychic Bigfoot & the Star People,2025-08-29T07:00:00,2,3,0.97,mixed,conspiracy_or_institutional_trust;misinformation_or_fact_checking;safety_or_side_effects,True,False,False,episode_21028_clip_1,377.9,Hosts sarcastically discuss a conspiracy theory claiming vaccination prevents seeing 'Star People' or Bigfoot.
15437,28,REAL AF with Andy Frisella,"334. Andy, Eric Greitens & DJ CTI: Heartbreaking Video Of Kid Hitting Cop, Nuclear Attack PSA & Secret Service Responds To Hunter's iCloud",2022-07-14T09:00:22,2,3,0.96,supportive,conspiracy_or_institutional_trust;covid19;mandates_or_policy;misinformation_or_fact_checking,False,False,True,episode_15437_clip_2,4760.0,"Speaker sarcastically equates a nuclear attack PSA with COVID protocols, implying both create dependency on authorities."
20102,55,3 Takeaways™,"Former Under Secretary of State, Nicholas Burns: On American Foreign Policy Under President Biden and What It Can Accomplish (#18)",2020-12-01T06:00:00,2,3,0.96,neutral,access_or_equity;covid19;mandates_or_policy,False,False,True,episode_20102_clip_2,212.3,Discusses US role in distributing vaccines globally and ethical obligations to poorer nations.
506,2,The Joe Rogan Experience,#2367 - Jesse Welles,2025-08-19T17:00:00,2,3,0.95,mixed,conspiracy_or_institutional_trust;covid19;efficacy_or_immunity,True,False,True,episode_506_clip_2,5236.9,Speaker claims Bill Gates made hundreds of millions of dollars from vaccines during the pandemic.
2822,2,The Joe Rogan Experience,#2256 - Protect Our Parks 14,2025-01-14T18:00:00,2,3,0.95,mixed,conspiracy_or_institutional_trust;covid19;misinformation_or_fact_checking,False,False,True,episode_2822_clip_1,4388.1,Mentions a class action lawsuit for COVID vaccine recipients and discusses meme suppression.
3864,6,Morbid,The Murders of Nancy and Derek Haysom Part 1,2021-12-20T20:11:36,2,3,0.95,neutral;supportive,covid19;efficacy_or_immunity;personal_decision_or_uptake;safety_or_side_effects,False,False,False,episode_3864_clip_2,595.0,"Speaker attributes family's mild COVID outcomes to vaccination, noting only unvaccinated child showed symptoms."
5556,19,Pod Save America,Did a Worm Really Eat RFK Jr.'s Brain?,2024-05-10T07:00:00,2,3,0.95,neutral,conspiracy_or_institutional_trust;covid19;personal_decision_or_uptake,False,True,True,episode_5556_clip_1,2380.0,Hosts discuss RFK Jr.'s brain worm story and label him an anti-vaccine conspiracy theorist.
6889,19,Pod Save America,"""New Year, New Biden.""",2022-01-20T22:10:23,2,3,0.95,neutral,covid19;efficacy_or_immunity;mandates_or_policy;personal_decision_or_uptake,False,False,True,episode_6889_clip_1,703.3,"States Biden administration vaccinated over 200 million Americans, saving at least one million lives."
7302,19,Pod Save America,“Democracy or the Filibuster.” (with Alyssa Mastromonaco!),2021-03-18T21:11:00,2,3,0.95,neutral,covid19;misinformation_or_fact_checking;personal_decision_or_uptake,False,True,True,episode_7302_clip_2,2274.7,Hosts mock a Republican claim that Biden is letting immigrants in to take vaccines from the elderly.
7371,19,Pod Save America,“Go Big or Lose Small.”,2021-01-28T22:27:14,2,3,0.95,mixed;neutral,access_or_equity;conspiracy_or_institutional_trust;mandates_or_policy;misinformation_or_fact_checking,False,True,True,episode_7371_clip_5,5027.8,Discusses potential for government-led vaccine rollout using FEMA and National Guard to improve public health access.
7660,19,Pod Save America,"""Sex Demons and Karaoke with Dan and Alyssa.""",2020-07-30T21:22:20,2,3,0.95,neutral,conspiracy_or_institutional_trust;covid19;development_or_approval;misinformation_or_fact_checking,False,True,True,episode_7660_clip_1,284.3,"Hosts recount Trump retweeting a doctor claiming vaccines prevent religiosity, labeling it a disproven conspiracy theory."
7687,22,Wait Wait... Don't Tell Me!,Shermann 'Dilla' Thomas,2022-02-05T17:05:50,2,3,0.95,neutral,childhood_schedule;covid19;mandates_or_policy;misinformation_or_fact_checking,False,True,False,episode_7687_clip_1,235.3,"Host mentions Joe Rogan spreading lies about the COVID vaccine, leading artists to leave Spotify."
7930,22,Wait Wait... Don't Tell Me!,Stephen Fry,2021-07-31T16:00:27,2,3,0.95,neutral,covid19;mandates_or_policy;other_vaccine;personal_decision_or_uptake,False,False,True,episode_7930_clip_1,286.9,Discusses CDC guidance changes on masks for vaccinated people and political reactions to unvaccinated individuals.
8596,18,The Megyn Kelly Show,"MAGA vs. GOP Takes Centerstage, ""Blind Side"" Truth, and Our ""Feminized"" Society, with Jason Whitlock | Ep. 612",2023-08-22T18:00:00,2,3,0.95,mixed,covid19;efficacy_or_immunity;mandates_or_policy;personal_decision_or_uptake;safety_or_side_effects,False,False,True,episode_8596_clip_1,1939.9,Speaker criticizes Trump for not course-correcting on COVID vaccine and Operation Warp Speed despite personal bother.
9393,18,The Megyn Kelly Show,"Major COVID Lab Leak Revelations, and Harry's Therapy Session, with Steven Crowder and Bridget Phetasy | Ep. 508",2023-03-09T20:13:04,2,3,0.95,mixed,conspiracy_or_institutional_trust;covid19;misinformation_or_fact_checking;other_vaccine;personal_decision_or_uptake;safety_or_side_effects,False,False,True,episode_9393_clip_2,1970.9,Speaker claims tech platforms previously censored discussions about vaccine complications like myocarditis and lab leak theories.
10893,2,The Joe Rogan Experience,#1770 - Valentine Thomas,2022-01-26T18:00:00,2,3,0.95,mixed,covid19;efficacy_or_immunity;mandates_or_policy,False,False,True,episode_10893_clip_2,9159.0,Guest questions the logic of lockdowns and curfews in areas with high vaccination rates.
11359,2,The Joe Rogan Experience,#1743 - Steven Pinker,2021-12-02T18:00:00,2,3,0.95,neutral,conspiracy_or_institutional_trust;covid19;efficacy_or_immunity;misinformation_or_fact_checking;safety_or_side_effects,False,True,True,episode_11359_clip_2,2380.0,Argues scientists should show data on vaccine safety and efficacy rather than demanding blind trust.
12185,18,The Megyn Kelly Show,"Hysteria Over Abortion Next Steps, and Personal Liberty, with Gov. Kristi Noem and Jim Geraghty | Ep. 346",2022-06-28T19:32:28,2,3,0.95,mixed,covid19;mandates_or_policy;personal_decision_or_uptake,False,False,True,episode_12185_clip_1,672.0,Speakers argue hypocrisy in supporting bodily autonomy for abortion while supporting vaccine mandates during the pandemic.
12317,30,Candace,A Color Revolution for Venezuela...and Kamala | Candace Ep 36,2024-07-31T22:04:00,2,3,0.95,mixed;supportive,conspiracy_or_institutional_trust;covid19;mandates_or_policy;personal_decision_or_uptake,False,False,True,episode_12317_clip_2,2099.3,"Andrew Tate claims he refused the vaccine because 'the streets' told him not to, rejecting expert advice."
13002,2,The Joe Rogan Experience,#1637 - Action Bronson,2021-04-20T17:00:00,2,3,0.95,mixed;neutral,covid19;efficacy_or_immunity;mandates_or_policy;personal_decision_or_uptake,False,False,True,episode_13002_clip_2,9283.3,"Hosts debate Fauci's comments on shaking hands, questioning if vaccination eliminates the need for such restrictions."
13178,18,The Megyn Kelly Show,"New Battle in Left's War on Joe Rogan, and Black Prosperity Under Trump, with Jason Riley | Ep. 256",2022-02-07T20:17:44,2,3,0.95,mixed;neutral,covid19;misinformation_or_fact_checking,False,True,True,episode_13178_clip_2,329.5,Quotes a columnist blaming Rogan for an unvaccinated friend's death while admitting uncertainty about causality.
13181,35,Right About Now - Legendary Business Advice,TRUMP WINS THE ELECTION BY A LANDSLIDE | Our 500th EPISODE,2024-11-08T10:00:00,2,3,0.95,mixed,childhood_schedule;conspiracy_or_institutional_trust;covid19;personal_decision_or_uptake,False,False,True,episode_13181_clip_1,161.0,Speaker delayed son's vaccines; he remains healthy. Questions necessity of three COVID shots for children.
14213,2,The Joe Rogan Experience,#1568 - Tom Green,2020-11-20T18:00:00,2,3,0.95,mixed;neutral,covid19;development_or_approval;efficacy_or_immunity;influenza;personal_decision_or_uptake,False,False,True,episode_14213_clip_2,12559.5,"Guest claims flu shots prevented him from getting the flu after years of infection, while another guest recounts getting the flu despite vaccination."
15015,18,The Megyn Kelly Show,"Andrew Schulz on Trump and Biden, the State of Comedy, and Feminism | Ep. 74",2021-03-10T09:00:00,2,3,0.95,mixed;neutral,covid19;efficacy_or_immunity;personal_decision_or_uptake,False,False,False,episode_15015_clip_3,3389.7,"Speaker questions the necessity of getting vaccinated after recovering from COVID-19, expressing uncertainty about current guidelines."
15530,2,The Joe Rogan Experience,JRE MMA Show #95 with Brendan Schaub,2020-05-08T00:00:00,2,3,0.95,mixed,conspiracy_or_institutional_trust;covid19;efficacy_or_immunity;personal_decision_or_uptake,True,False,True,episode_15530_clip_1,4613.2,Speakers question if a coronavirus vaccine has ever existed and discuss potential need for annual shots.
15577,2,The Joe Rogan Experience,#1468 - Alonzo Bodden,2020-05-01T00:00:00,2,3,0.95,mixed;neutral,conspiracy_or_institutional_trust;covid19;development_or_approval;efficacy_or_immunity;misinformation_or_fact_checking;polio;safety_or_side_effects,False,True,False,episode_15577_clip_2,4165.0,"Host recounts receiving misinformation claiming vaccines are the sickness or experimental, and critiques such conspiracy theories."
15659,2,The Joe Rogan Experience,JRE MMA Show #94 with Brendan Schaub,2020-04-10T00:00:00,2,3,0.95,neutral,childhood_schedule;covid19;development_or_approval;efficacy_or_immunity;other_vaccine;safety_or_side_effects,False,False,False,episode_15659_clip_3,11768.4,"Speakers discuss the chickenpox vaccine, noting its existence and how it reduced the prevalence of the disease compared to the past."
15751,2,The Joe Rogan Experience,#1450 - Brian Redban,2020-03-31T00:00:00,2,3,0.95,mixed;neutral,covid19;development_or_approval;influenza;personal_decision_or_uptake,False,False,False,episode_15751_clip_1,2975.0,"Rogan admits avoiding flu shots, relying on diet and sauna use, but acknowledges he probably should get vaccinated."
19832,55,3 Takeaways™,Harvard University President Lawrence Bacow: The Value of a College Education and Investing in the Future (repost) (#112),2022-09-27T05:00:00,2,3,0.95,neutral,covid19;development_or_approval,False,False,False,episode_19832_clip_1,1013.1,Harvard President notes Moderna and J&J vaccines were developed in Harvard Medical School labs.
19951,55,3 Takeaways™,"Harvard University President Lawrence Bacow: The Value of a College Education, Investing in the Future and Free Speech (#70)",2021-12-07T06:00:00,2,3,0.95,neutral,covid19;development_or_approval;efficacy_or_immunity,False,False,False,episode_19951_clip_1,1013.3,Harvard President states Moderna and Johnson & Johnson vaccines were developed in Harvard labs and are helping the US exit the pandemic.
20125,46,Pardon My Take,"Pat Bev In Studio, The Cowboys Are Deader Than Dead, College Football Talk + The Jets Have Reached The Bottom",2024-11-20T07:31:32,2,3,0.95,neutral,covid19;efficacy_or_immunity;influenza;personal_decision_or_uptake,False,False,False,episode_20125_clip_2,8592.1,Hosts express surprise that COVID boosters are seasonal like flu shots and discuss their own limited vaccination history.
3377,2,The Joe Rogan Experience,#2245 - Rod Blagojevich,2024-12-18T18:00:00,2,3,0.94,mixed,conspiracy_or_institutional_trust;covid19;mandates_or_policy;personal_decision_or_uptake;safety_or_side_effects,False,False,True,episode_3377_clip_1,5001.1,Speaker recounts being targeted by media for staying healthy without vaccines and mentions efforts to remove him from Spotify.
6255,19,Pod Save America,Trump’s Surprise Q-chella Set,2023-05-16T07:05:00,2,3,0.94,neutral,conspiracy_or_institutional_trust;covid19;misinformation_or_fact_checking,False,True,True,episode_6255_clip_2,1190.0,"Hosts list conspiracy beliefs held by a political figure, including the claim that COVID vaccines contain microchips for mind control."
6651,22,Wait Wait... Don't Tell Me!,WWDTM: Secretary Clinton,2023-09-16T16:00:18,2,3,0.94,mixed;neutral,conspiracy_or_institutional_trust;covid19;mandates_or_policy;misinformation_or_fact_checking;safety_or_side_effects,False,False,True,episode_6651_clip_3,2766.1,Quiz segment notes CDC recommending new COVID vaccine for all over six months and DeSantis advising against it for under 65s.
7699,19,Pod Save America,"“Joe Biden, Antifa General.”",2020-07-06T21:04:43,2,3,0.94,mixed;neutral,conspiracy_or_institutional_trust;covid19;development_or_approval;efficacy_or_immunity;polio;safety_or_side_effects,False,False,True,episode_7699_clip_2,2115.7,
7841,22,Wait Wait... Don't Tell Me!,Ilana Glazer,2021-10-09T16:00:53,2,3,0.94,neutral,childhood_schedule;covid19;misinformation_or_fact_checking;other_vaccine,False,True,False,episode_7841_clip_3,2500.1,Pfizer sought FDA approval for its vaccine for children aged five to eleven; WHO recommended first malaria vaccine.
10927,24,The Shawn Ryan Show,#129 Megyn Kelly - The End of Mainstream Media,2024-09-09T10:00:00,2,3,0.94,mixed,covid19;misinformation_or_fact_checking;personal_decision_or_uptake;safety_or_side_effects,False,False,True,episode_10927_clip_1,612.3,
15271,2,The Joe Rogan Experience,#1487 - Janet Zuccarini & Evan Funke,2020-06-08T00:00:00,2,3,0.94,neutral,covid19;development_or_approval;efficacy_or_immunity,False,False,False,episode_15271_clip_2,2576.5,
7046,19,Pod Save America,“Not my default.”,2021-10-07T20:02:00,2,3,0.93,neutral,conspiracy_or_institutional_trust;covid19;misinformation_or_fact_checking;safety_or_side_effects,False,False,True,episode_7046_clip_2,2380.0,Cites Republican obstruction of vaccine distribution and pandemic lies as campaign vulnerabilities.
12798,18,The Megyn Kelly Show,"Collusion Between Political and Media Elite, and Learning Through Joy, with Marianne Williamson | Ep. 288",2022-03-29T19:24:11,2,3,0.93,mixed,conspiracy_or_institutional_trust;covid19;mandates_or_policy;misinformation_or_fact_checking,False,False,True,episode_12798_clip_1,1785.0,Guest describes being labeled anti-vax and anti-science by media during presidential campaign.
1947,2,The Joe Rogan Experience,#2300 - Kyle Dunnigan,2025-04-05T17:00:00,2,3,0.92,mixed;neutral,conspiracy_or_institutional_trust;safety_or_side_effects,True,False,False,episode_1947_clip_2,6247.4,Speakers sarcastically suggest environmental toxins and vaccines contribute to neurodivergence and mathematical ability.
6145,2,The Joe Rogan Experience,#2070 - Evan Hafer,2023-11-29T18:00:00,2,3,0.92,mixed,conspiracy_or_institutional_trust;mandates_or_policy;safety_or_side_effects,True,False,True,episode_6145_clip_2,805.1,"Speakers discuss pressure on Hollywood figures to publicly support vaccines, describing it as a form of coercion or tyranny."
6161,2,The Joe Rogan Experience,#2068 - Cameron Hanes,2023-11-25T18:00:00,2,3,0.92,mixed,conspiracy_or_institutional_trust;personal_decision_or_uptake;safety_or_side_effects,True,False,False,episode_6161_clip_1,1190.0,Speakers express distrust in doctors pushing vaccines and claim beneficial peptides were removed for profit.
6906,18,The Megyn Kelly Show,"Colbert Audience Laughs at CNN, Walz's Outrageous COVID Crackdowns, and Previewing Trump vs. Harris Debate, with The Fifth Column | Ep. 861",2024-08-14T19:45:39,2,3,0.92,mixed,conspiracy_or_institutional_trust;covid19,False,True,True,episode_6906_clip_1,2975.0,
7228,19,Pod Save America,“Horny for Bipartisanship.” (with Beto O’Rourke!),2021-05-10T21:23:00,2,3,0.92,neutral,covid19;personal_decision_or_uptake,False,False,True,episode_7228_clip_2,460.8,Speakers link low vaccination rates and fear of illness to labor shortages and unemployment insurance debates.
7626,19,Pod Save America,“It’s Joe Time.”,2020-08-21T21:25:00,2,3,0.92,mixed;neutral,conspiracy_or_institutional_trust;covid19;development_or_approval;efficacy_or_immunity,False,True,True,episode_7626_clip_2,2980.9,Hosts mock potential Trump claims about having a cure soon and sarcastically reference herd immunity and Putin.
13562,2,The Joe Rogan Experience,#1610 - Snowpocalypse with Tim Dillon,2021-02-20T18:00:00,2,3,0.92,mixed;neutral,conspiracy_or_institutional_trust;covid19;misinformation_or_fact_checking;personal_decision_or_uptake;safety_or_side_effects,True,False,True,episode_13562_clip_1,2692.3,
192,2,The Joe Rogan Experience,#2382 - Andrew Santino,2025-09-23T17:00:00,2,3,0.9,mixed,conspiracy_or_institutional_trust;covid19;misinformation_or_fact_checking;personal_decision_or_uptake;safety_or_side_effects,False,False,True,episode_192_clip_1,2834.0,Speaker recounts Jimmy Kimmel's joke about denying hospital care to unvaccinated people and expresses personal offense as an unvaccinated individual.
5424,18,The Megyn Kelly Show,"60 Minutes' Failures, Michelle Obama's New Complaints, and Abrego Garcia Truth, with Glenn Greenwald and Will Chamberlain | Ep. 1056",2025-04-24T19:23:19,2,3,0.9,mixed,access_or_equity;conspiracy_or_institutional_trust;covid19;mandates_or_policy;personal_decision_or_uptake,False,True,True,episode_5424_clip_1,411.6,"Clip discusses a report on Governor DeSantis's deal with Publix for vaccine distribution, debating pay-to-play allegations."
6278,19,Pod Save America,Tucker? I Hardly Knew Her,2023-04-25T07:00:00,2,3,0.9,neutral,conspiracy_or_institutional_trust;covid19;misinformation_or_fact_checking,False,False,True,episode_6278_clip_1,44.4,"Hosts note that Robert Kennedy Jr., described as an anti-vax conspiracy theorist, is challenging Biden, while the DNC plans no primary debates."
6431,2,The Joe Rogan Experience,#2040 - Eddie Bravo,2023-09-27T17:00:00,2,3,0.9,mixed;neutral,covid19;efficacy_or_immunity;mandates_or_policy;personal_decision_or_uptake,True,False,True,episode_6431_clip_2,4776.8,Speaker criticizes pandemic restrictions and vaccine mandates for schoolchildren as excessive government overreach.
6627,19,Pod Save America,“Insurrection: Season Finale.” (Live from Seattle!),2022-07-22T14:36:19,2,3,0.9,neutral,childhood_schedule;mandates_or_policy;misinformation_or_fact_checking,False,True,True,episode_6627_clip_1,4294.4,"Quiz segment notes a politician compared COVID vaccine mandates to the Holocaust, listing it among other false comparisons."
6927,19,Pod Save America,PSA Presents: The Pundies.,2021-12-28T11:00:00,2,3,0.9,mixed,covid19;development_or_approval;efficacy_or_immunity;misinformation_or_fact_checking;personal_decision_or_uptake,False,True,True,episode_6927_clip_1,1882.8,
7232,19,Pod Save America,“Republicans cancel a Cheney.” (PLUS - Elizabeth Warren!),2021-05-06T20:52:00,2,3,0.9,neutral,access_or_equity;covid19;misinformation_or_fact_checking,False,True,True,episode_7232_clip_2,5025.5,Discusses government efforts to distribute vaccinations and improve public safety as a measure of competent governance.
7643,22,Wait Wait... Don't Tell Me!,Porsha Williams,2022-03-05T16:59:12,2,3,0.9,neutral,covid19;efficacy_or_immunity;misinformation_or_fact_checking,False,False,True,episode_7643_clip_3,2630.2,Quiz question notes a study finding Pfizer's COVID vaccination less effective in children aged 5-12.
7907,18,The Megyn Kelly Show,"Disastrous Biden Poll, and How Australia Cracks Down on Illegal Immigration, with Kmele Foster, Inez Stepman, and Paul Murray | Ep. 717",2024-02-05T20:20:57,2,3,0.9,neutral,covid19;mandates_or_policy,False,False,True,episode_7907_clip_1,3283.6,Host references Australia denying entry to Novak Djokovic due to his refusal to get the COVID vaccine as an example of strict immigration policy.
8004,2,The Joe Rogan Experience,#1900 - Steve-O,2022-11-17T18:00:00,2,3,0.9,mixed,covid19;efficacy_or_immunity;safety_or_side_effects,False,False,False,episode_8004_clip_1,4619.5,Speaker argues obese individuals are vulnerable regardless of vaccination and that the vaccine only helps a little.
8426,2,The Joe Rogan Experience,#1866 - Protect Our Parks 5,2022-09-01T22:41:22,2,3,0.9,mixed;neutral,access_or_equity;covid19;mandates_or_policy;personal_decision_or_uptake,False,False,True,episode_8426_clip_1,4832.8,Speakers hypothesize about comedians being pressured to write jokes mocking unvaccinated people to advance careers.
8840,8,The MeidasTouch Podcast,MeidasTouch Full Podcast - 6/3/25,2025-06-03T09:00:00,2,3,0.9,mixed,conspiracy_or_institutional_trust;covid19;mandates_or_policy;misinformation_or_fact_checking,False,True,True,episode_8840_clip_2,3457.9,"Speaker accuses the Trump regime of firing health officials, preventing vaccination, and spreading lies about infectious diseases."
8903,18,The Megyn Kelly Show,"Biden's Alarming Fall, DeSantis Fires at Trump, and Not Using ""Preferred Pronouns,"" with Rich Lowry and Jim Geraghty | Ep. 564",2023-06-02T19:16:48,2,3,0.9,mixed;neutral,conspiracy_or_institutional_trust;hpv;misinformation_or_fact_checking;personal_decision_or_uptake,False,False,True,episode_8903_clip_2,5741.0,
9097,18,The Megyn Kelly Show,"Tucker and Lemon Firing Fallout, and Dark Brandon Returns, with Victor Davis Hanson, Emily Jashinsky, Michael Moynihan, and Vivek Ramaswamy | Ep. 536",2023-04-25T19:44:33,2,3,0.9,mixed,covid19;mandates_or_policy;misinformation_or_fact_checking,False,False,True,episode_9097_clip_1,3449.6,Quotes Don Lemon suggesting shaming unvaccinated people and linking them to hospital denial.
10514,28,REAL AF with Andy Frisella,"881. Andy, Ian Smith & DJ CTI: Trump Makes Historic UAE Visit, Rampant Federal Fraud DOGE Ignored & South Carolina Trans Activist Arrested",2025-05-16T09:00:00,2,3,0.9,mixed,conspiracy_or_institutional_trust;covid19;mandates_or_policy;personal_decision_or_uptake,False,False,True,episode_10514_clip_2,3095.5,Speaker claims Trump voters did not vote for mRNA vaccines and expresses distrust of AI healthcare initiatives.
11015,30,Candace,Becoming Brigitte: Who Created Emmanuel Jean-Michel Macron? | Ep 5,2025-02-14T03:54:00,2,3,0.9,mixed;neutral,conspiracy_or_institutional_trust;misinformation_or_fact_checking;other_vaccine;personal_decision_or_uptake,False,False,True,episode_11015_clip_2,3270.7,Host promotes a paid series on vaccines and claims powers are suppressing conversations about them.
11079,18,The Megyn Kelly Show,"Corruption of Our Institutions, and Unaccountable Dr. Fauci, with Jesse Kelly and Buck Sexton | Ep. 449",2022-12-07T19:35:53,2,3,0.9,mixed,conspiracy_or_institutional_trust;covid19;mandates_or_policy;misinformation_or_fact_checking;personal_decision_or_uptake,False,False,True,episode_11079_clip_1,1190.0,"Speakers criticize Dr. Fauci's role in pandemic measures and vaccines, citing depositions about mask efficacy and his subsequent honors."
11162,2,The Joe Rogan Experience,#1754 - Suzanne Santo,2021-12-28T19:00:00,2,3,0.9,critical;mixed,covid19;efficacy_or_immunity;mandates_or_policy;safety_or_side_effects,False,False,True,episode_11162_clip_1,386.7,"Speakers debate vaccine mandates, efficacy compared to health factors, and digital passport concerns."
12538,2,The Joe Rogan Experience,#1663 - Edward Slingerland,2021-06-08T17:00:00,2,3,0.9,mixed,covid19;efficacy_or_immunity;mandates_or_policy;personal_decision_or_uptake,False,False,True,episode_12538_clip_2,7239.6,Laments lack of public education on strengthening the immune system naturally while noting children are now receiving their first vaccine doses.
13023,2,The Joe Rogan Experience,#1636 - Colion Noir,2021-04-16T17:00:00,2,3,0.9,mixed,conspiracy_or_institutional_trust;covid19;mandates_or_policy,False,False,True,episode_13023_clip_1,4993.5,"Guest compares public backlash against vaccine passports to gun control efforts, noting government retreat on passport plans."
13103,18,The Megyn Kelly Show,"Top Exec Resigns and Turns Down $1 Million to Speak Freely on COVID Hypocrisy, with Jennifer Sey | Ep. 262",2022-02-15T20:25:15,2,3,0.9,mixed;neutral,efficacy_or_immunity;personal_decision_or_uptake;safety_or_side_effects,False,False,True,episode_13103_clip_3,4242.5,Speakers question cloth mask efficacy and note disease spread occurs regardless of masking or vaccination status.
13801,18,The Megyn Kelly Show,"Steele Dossier Implodes and Rittenhouse Trial Nears Conclusion, with Kash Patel, Erik Wemple, and Julio Rosas | Ep. 203",2021-11-15T20:24:52,2,3,0.9,neutral,conspiracy_or_institutional_trust;misinformation_or_fact_checking;safety_or_side_effects,False,True,True,episode_13801_clip_2,5461.9,Host argues media lost credibility on vaccine safety due to prior reporting failures like the Steele Dossier.
13821,28,REAL AF with Andy Frisella,"525. Andy, Michael Seifert & DJ CTI: Hunter Biden Laptop Photos, Budweiser/Harley-Davidson Ad & Biden Bribery Scheme Confirmed",2023-06-02T10:37:00,2,3,0.9,mixed,conspiracy_or_institutional_trust;covid19;mandates_or_policy,False,False,True,episode_13821_clip_2,5240.5,Host discusses business platform rules against forcing employee vaccination and cites high fines for non-compliance.
14614,28,REAL AF with Andy Frisella,"417. Andy & DJ CTI: National Greatness Agenda 2024, Republicans Win The House & Sam Bankman-Fried Extradited From Bahamas",2022-11-18T10:00:00,2,3,0.9,mixed,conspiracy_or_institutional_trust;covid19;mandates_or_policy;misinformation_or_fact_checking,False,False,True,episode_14614_clip_1,293.8,Speaker equates belief in election fraud with compliance to forced vaccinations and shutdowns.
14668,18,The Megyn Kelly Show,"Zaid Jilani and Andy Ngo on COVID Truth and Censorship, Antifa's Tactics, and Failings of the Corporate Media | Ep. 112",2021-06-07T08:00:00,2,3,0.9,neutral,access_or_equity;conspiracy_or_institutional_trust;covid19;misinformation_or_fact_checking;safety_or_side_effects,False,False,True,episode_14668_clip_1,2996.5,Discussion on whether ideological pressure prevents doctors from questioning vaccine distribution narratives based on race.
15829,24,The Shawn Ryan Show,#33 Lily Tang Williams - I Fear the Country I Love is Becoming the Country I Left,2022-08-29T09:00:00,2,3,0.9,mixed,conspiracy_or_institutional_trust;covid19;mandates_or_policy;personal_decision_or_uptake,False,False,True,episode_15829_clip_2,10831.3,
16614,42,Armchair Expert with Dax Shepard,Jerrod Carmichael Returns,2025-07-14T07:35:00,2,3,0.9,neutral,development_or_approval;efficacy_or_immunity;hpv;personal_decision_or_uptake;safety_or_side_effects,False,False,False,episode_16614_clip_1,6383.6,
16709,42,Armchair Expert with Dax Shepard,Curtis Duffy (chef and restaurateur),2025-06-25T07:35:00,2,3,0.9,neutral,hpv;personal_decision_or_uptake;safety_or_side_effects,False,False,False,episode_16709_clip_2,5950.0,
19393,52,Matt and Shane's Secret Podcast,Ep 432 - Dong Lemón (feat. Chris O'Connor),2023-03-01T21:54:00,2,3,0.9,mixed,conspiracy_or_institutional_trust;covid19;mandates_or_policy;misinformation_or_fact_checking,False,False,True,episode_19393_clip_1,595.0,"Discusses Scott Adams defending vaccines, facing backlash, and allegedly capitulating to anti-vaccine sentiment."
19779,55,3 Takeaways™,"Classified: The Complex and Bizarre World of Government-Imposed Racial Classification. Listen, and Learn. (#130)",2023-01-31T06:00:00,2,3,0.9,mixed;neutral,access_or_equity;covid19;mandates_or_policy,False,False,True,episode_19779_clip_2,756.6,
19958,52,Matt and Shane's Secret Podcast,Ep 373 - Strictly Business (feat. Chris O'Connor),2021-12-07T04:43:00,2,3,0.9,mixed,covid19;mandates_or_policy;personal_decision_or_uptake;safety_or_side_effects,True,False,True,episode_19958_clip_2,1204.1,"Speakers claim Germany is locking up the unvaccinated due to Omicron, while also stating Omicron is weak and boosters can be mixed freely."
20182,53,The Diary Of A CEO with Steven Bartlett,"(EXCLUSIVE) Boris Johnson: ""They Were Looking at Engineering The Virus"" And The Government Tried To Bribe Me!",2024-10-10T07:00:00,2,3,0.9,neutral,covid19;development_or_approval;personal_decision_or_uptake,False,False,True,episode_20182_clip_1,3077.4,Boris Johnson attributes the UK's rapid vaccination success to regulatory freedom gained after leaving the EU.
20520,53,The Diary Of A CEO with Steven Bartlett,Dr Mike: The Hidden Side Effects Of Vaping! The Dark Side Of Being A Doctor! We Need To Stop Medical Misinformation!,2024-05-30T05:00:00,2,3,0.9,neutral,conspiracy_or_institutional_trust;misinformation_or_fact_checking;safety_or_side_effects,False,True,True,episode_20520_clip_2,4382.6,Speaker argues that acknowledging past vaccine incidents and side effects builds trust rather than destroying it.
8946,28,REAL AF with Andy Frisella,"940. Andy & DJ CTI: Jimmy Kimmel Goes Nuclear Over ABC Cancelling Him, Kash Patel Doubles Down On Handling Of Epstein Files & Brigitte Macron To Present Evidence To Prove She’s A Woman",2025-09-20T09:00:00,2,3,0.88,supportive,conspiracy_or_institutional_trust;covid19;mandates_or_policy;misinformation_or_fact_checking,False,False,True,episode_8946_clip_1,2104.0,"Speaker expresses anger over past mask and vaccine mandates, calling them coercive and based on lies."
11426,24,The Shawn Ryan Show,#119 Sheriff Mark Lamb - Fixing the Border Crisis & Defending the Constitution,2024-07-01T10:00:00,2,3,0.88,supportive,conspiracy_or_institutional_trust;covid19;mandates_or_policy,False,False,True,episode_11426_clip_2,12157.5,"Links military vaccine mandates to poor recruitment and national weakness, using a fable to argue against disarming defenses."
4064,19,Pod Save America,The Assassination of Charlie Kirk,2025-09-12T07:05:00,2,3,0.85,neutral,conspiracy_or_institutional_trust;covid19;mandates_or_policy,False,False,True,episode_4064_clip_1,595.0,Host mentions a shooting at CDC headquarters allegedly motivated by anger over the COVID vaccine while discussing political violence.
6406,2,The Joe Rogan Experience,#2042 - Joe List,2023-09-30T17:00:00,2,3,0.85,neutral,covid19;personal_decision_or_uptake,False,False,False,episode_6406_clip_2,7143.1,"Speaker states they got vaccinated and uses the phrase 'I'm vaccinated, you should get vaccinated' in an analogy."
6719,23,The Rest Is History,435. Luther: The Battle Against Satan (Part 3),2024-03-31T23:10:00,2,3,0.85,neutral,covid19;efficacy_or_immunity;misinformation_or_fact_checking,False,False,False,episode_6719_clip_1,1793.5,Speaker uses a hypothetical analogy where vaccines only work if one unshakably believes in them to illustrate a shift in belief structures.
7161,19,Pod Save America,"""Criminal Apprentice."" (with Anat Shenker-Osorio!)",2021-07-01T21:38:00,2,3,0.85,neutral,covid19;mandates_or_policy;personal_decision_or_uptake,False,False,True,episode_7161_clip_2,4273.1,Speaker notes that unvaccinated status of children complicates housing arrangements in immigration facilities.
7268,19,Pod Save America,"“Mag-a-Lago.""",2021-04-12T21:48:00,2,3,0.85,mixed;supportive,conspiracy_or_institutional_trust;covid19;personal_decision_or_uptake,False,False,True,episode_7268_clip_2,793.8,Discussion of Ron DeSantis's pandemic response and speculation on his refusal to get vaccinated publicly due to political signaling.
8239,18,The Megyn Kelly Show,"Charlie Kirk on How Jill Stein and Joe Manchin Could Hurt Biden in 2024, and Progressive Left Turning on Each Other | Ep. 667",2023-11-10T19:00:00,2,3,0.85,mixed,conspiracy_or_institutional_trust;covid19;efficacy_or_immunity;misinformation_or_fact_checking;personal_decision_or_uptake;safety_or_side_effects,False,False,True,episode_8239_clip_1,120.2,Vivek Ramaswamy accuses NBC News of pushing disinformation regarding vaccine safety and efficacy.
11797,28,REAL AF with Andy Frisella,"762. Andy, AJ (An0maly) & DJ CTI: Life In Afghanistan Getting Worse, Kamala To Announce Soviet-Style Price Controls On Food & SS Agent Abandoned Post To Nurse Baby",2024-08-16T09:00:00,2,3,0.85,mixed,conspiracy_or_institutional_trust;covid19;mandates_or_policy,True,False,True,episode_11797_clip_2,6262.9,"Speaker suggests COVID measures were a deliberate play to make people sick and dependent, mentioning vaccines as the obvious example."
12867,2,The Joe Rogan Experience,#1644 - Ethan Suplee,2021-05-04T17:00:00,2,3,0.85,mixed,covid19;efficacy_or_immunity;personal_decision_or_uptake,False,False,False,episode_12867_clip_2,10739.0,Speaker argues vitamin D deficiency and lack of exercise are overlooked factors in COVID severity compared to vaccination focus.
13203,18,The Megyn Kelly Show,"Smug CNN, Silencing Speech, and Misguided Biden, with Daniel Cameron, Erik Wemple, and Todd Rose | Ep. 254",2022-02-03T20:15:08,2,3,0.85,mixed;supportive,conspiracy_or_institutional_trust;covid19;mandates_or_policy,False,False,True,episode_13203_clip_1,104.6,"Clip includes montage of media figures shaming unvaccinated people, framed as hypocritical moralizing by the host."
14241,18,The Megyn Kelly Show,Solutions for a World in Disarray with Bret Weinstein and Heather Heying | Ep. 159,2021-09-14T19:50:39,2,3,0.85,mixed,covid19;mandates_or_policy;personal_decision_or_uptake,False,False,True,episode_14241_clip_3,5413.2,Host criticizes politicians for attending unmasked events while enforcing strict mask mandates on vaccinated school children.
14657,18,The Megyn Kelly Show,"Exposing The Embarrassing Elites, with Sohrab Ahmari, Krystal Ball, Saagar Enjeti, and Dan Abrams | Ep. 113",2021-06-09T08:00:00,2,3,0.85,mixed;neutral,conspiracy_or_institutional_trust;covid19;development_or_approval;misinformation_or_fact_checking,True,True,True,episode_14657_clip_1,5486.9,Debate over Facebook's role in banning vaccine misinformation versus suppressing legitimate lab leak theories.
14690,18,The Megyn Kelly Show,"Matt Taibbi on Fighting Cancel Culture, Biden Media Coverage, and COVID Hypocrisy | Ep. 110",2021-06-02T08:00:00,2,3,0.85,neutral,covid19;efficacy_or_immunity;mandates_or_policy,False,False,True,episode_14690_clip_1,1222.4,Host and guest discuss mask mandates for unvaccinated children and question the science behind politicized health guidelines.
15758,28,REAL AF with Andy Frisella,"297. Andy & DJ CTI: Missouri Bill On Ivermectin Effectiveness, Biden Blaming Republicans & BLM Co-Founder Tax Filings",2022-05-18T09:00:52,2,3,0.85,mixed,conspiracy_or_institutional_trust;covid19;personal_decision_or_uptake,False,True,True,episode_15758_clip_2,2081.2,"Speakers argue against dividing people based on vaccination status, labeling pro-vax individuals as victims."
15803,35,Right About Now - Legendary Business Advice,Weekly Marketing and Advertising News: Neutrogena Content Studio; Budweiser Special Beer; Airheads Skip Ad; Facebook Hotline; Google Vaccine Ad,2021-04-22T00:03:35,2,3,0.85,neutral,covid19;personal_decision_or_uptake,False,False,False,episode_15803_clip_2,1190.0,"Speakers analyze Google's emotional vaccine ad, noting fine line between public good and personal choice."
19671,52,Matt and Shane's Secret Podcast,Ep 403 - Reverse Soccer Karate (feat. Nick Mullen & Adam Friedland),2022-07-20T20:20:00,2,3,0.85,mixed,conspiracy_or_institutional_trust;covid19;misinformation_or_fact_checking;personal_decision_or_uptake,False,False,True,episode_19671_clip_1,1590.8,"Hosts mock Kamala Harris's past statement about not trusting a Trump-made vaccine, highlighting political polarization around vaccination."
19930,52,Matt and Shane's Secret Podcast,Ep 377 - The Plague,2022-01-05T19:37:00,2,3,0.85,mixed,conspiracy_or_institutional_trust;covid19;development_or_approval;personal_decision_or_uptake,True,False,True,episode_19930_clip_2,356.8,Speaker questions why transmissibility windows are still being determined and calls vaccine a 'gene therapy'.
1925,2,The Joe Rogan Experience,#2301 - Ben Lamm,2025-04-07T17:00:00,2,3,0.8,neutral,development_or_approval;other_vaccine;safety_or_side_effects,False,False,False,episode_1925_clip_1,2975.0,De-extinct wolves receive basic vaccines at eight weeks to prevent viruses from soil.
7174,18,The Megyn Kelly Show,COLLUSION Keeping Him From Debate Stage? | Robert F. Kennedy Jr. x Megyn Kelly - The FULL Interview,2024-06-20T12:00:00,2,3,0.8,mixed;neutral,conspiracy_or_institutional_trust;covid19;safety_or_side_effects,True,False,True,episode_7174_clip_2,622.9,Host praises guest for calling out the medical industrial complex regarding COVID vaccines and claims they mislead the public for profit.
8442,18,The Megyn Kelly Show,"Could Biden Be Replaced, Trans Sports Receipts, and Cuomo's COVID Lies, with Emily Jashinsky and Matt Welch | Ep. 636",2023-09-27T19:20:37,2,3,0.8,mixed,covid19;mandates_or_policy,False,True,True,episode_8442_clip_1,2975.0,"Hosts criticize Andrew Cuomo for claiming pandemic restrictions were voluntary, citing specific examples of enforced business closures and mandates."
14728,28,REAL AF with Andy Frisella,"400. Andy & DJ CTI: George Floyd's Family Sues Kanye West, Boston University Creates New Strain & Steele Dossier Source Acquitted",2022-10-19T09:00:00,2,3,0.8,mixed,conspiracy_or_institutional_trust;covid19;misinformation_or_fact_checking,False,False,True,episode_14728_clip_2,3314.3,
5479,2,The Joe Rogan Experience,#2119 - James Lindsay,2024-03-14T17:00:00,2,3,0.7,mixed,conspiracy_or_institutional_trust;covid19;misinformation_or_fact_checking,False,False,True,episode_5479_clip_2,9935.1,Speaker questions why Bill Gates is considered an authority on vaccines and climate science.
1802,10,The Mel Robbins Podcast,The Truth About ADHD in Adults: Harvard’s Dr. Chris Palmer Explains the Research,2024-01-25T05:05:00,1,3,0.99,supportive,access_or_equity;influenza,False,False,False,episode_1802_clip_1,2975.0,An advertisement promotes discounted flu shots for the whole family through GoodRx to protect against cold and flu season.
1805,6,Morbid,The Haunted S.K. Pierce Mansion,2023-09-07T07:01:00,1,3,0.99,supportive,access_or_equity;influenza,False,False,False,episode_1805_clip_1,681.2,An advertisement encourages listeners to use GoodRx to save money on flu vaccines and stay prepared for cold and flu season.
1849,3,Crime Junkie,MURDERED: Georgia Leah Moses,2022-01-31T08:00:00,1,3,0.99,supportive,access_or_equity;influenza,False,False,False,episode_1849_clip_1,1368.9,An advertisement urges listeners to protect their families with discounted flu shots available through GoodRx during cold and flu season.
1856,3,Crime Junkie,SURVIVED: Chrystul Kizer and Cyntoia Brown,2022-01-24T08:00:00,1,3,0.99,supportive,access_or_equity;influenza,False,False,False,episode_1856_clip_1,1426.4,An advertisement promotes discounted flu shots for the whole family via GoodRx to prepare for the approaching cold and flu season.
4658,20,SmartLess,"""The Killers""",2024-02-05T08:01:00,1,3,0.99,supportive,access_or_equity;influenza,False,False,False,episode_4658_clip_1,2516.4,
4671,20,SmartLess,"""Mike Birbiglia""",2024-01-15T08:01:00,1,3,0.99,supportive,access_or_equity;influenza,False,False,False,episode_4671_clip_1,2563.7,
4725,20,SmartLess,"""Peyton Manning""",2023-10-16T07:01:00,1,3,0.99,supportive,influenza,False,False,False,episode_4725_clip_1,1937.0,
4733,20,SmartLess,"""Paul Simon""",2023-10-09T07:01:00,1,3,0.99,supportive,influenza,False,False,False,episode_4733_clip_1,2561.6,
4744,20,SmartLess,"""Lars Ulrich""",2023-09-25T07:01:00,1,3,0.99,supportive,influenza,False,False,False,episode_4744_clip_1,2978.5,
4869,20,SmartLess,"""Simon Pegg""",2023-06-26T07:01:00,1,3,0.99,supportive,influenza,False,False,False,episode_4869_clip_1,1208.8,
4884,20,SmartLess,"""Kaley Cuoco""",2023-06-05T07:01:00,1,3,0.99,neutral,influenza;personal_decision_or_uptake,False,False,False,episode_4884_clip_1,1230.9,
4900,20,SmartLess,"""Paul Anka""",2023-05-15T07:01:00,1,3,0.99,neutral,influenza;personal_decision_or_uptake,False,False,False,episode_4900_clip_1,1465.5,
5240,20,SmartLess,"""Paul Thomas Anderson""",2022-03-07T08:01:00,1,3,0.99,neutral,access_or_equity;influenza,False,False,False,episode_5240_clip_1,1334.1,GoodRx advertisement urging listeners to get discounted flu shots before cold and flu season arrives.
5285,20,SmartLess,"""Kathryn Hahn""",2022-01-10T08:01:00,1,3,0.99,neutral,access_or_equity;influenza,False,False,False,episode_5285_clip_1,2617.5,Advertisement promoting discounted flu shots and cold/flu medications via GoodRx.
5305,20,SmartLess,"""Jimmy Fallon""",2021-12-13T08:01:00,1,3,0.99,neutral,access_or_equity;influenza,False,False,False,episode_5305_clip_1,2101.0,Advertisement promoting discounted flu shots and cold/flu medications via GoodRx.
5389,20,SmartLess,“Sean Penn”,2021-08-30T07:01:00,1,3,0.99,supportive,access_or_equity;influenza,False,False,False,episode_5389_clip_1,1461.8,Advertisement promotes discounted flu shots and cold medications via GoodRx to prepare for flu season.
6884,22,Wait Wait... Don't Tell Me!,Malala Yousafzai on winning the Nobel Peace Prize while in chemistry class,2023-03-04T17:00:40,1,3,0.99,neutral,influenza,False,False,False,episode_6884_clip_1,611.3,Advertisement promotes discounts on flu shots and cold/flu medications via GoodRx.
7383,22,Wait Wait... Don't Tell Me!,Everyone & Lost and Found,2022-06-29T14:00:07,1,3,0.99,neutral,access_or_equity;influenza,False,False,False,episode_7383_clip_1,315.7,
7743,22,Wait Wait... Don't Tell Me!,WWDTM Best of 2021 Bonus Podcast,2021-12-29T17:30:55,1,3,0.99,neutral,influenza,False,False,False,episode_7743_clip_1,636.1,Advertisement promotes GoodRx discounts for flu shots and cold medications during flu season.
7746,22,Wait Wait... Don't Tell Me!,Best of WWDTM December 2021,2021-12-25T05:15:58,1,3,0.99,neutral,influenza,False,False,False,episode_7746_clip_1,617.8,Advertisement promotes GoodRx discounts for flu shots and savings on cold and flu medications.
13665,35,Right About Now - Legendary Business Advice,Business News for April 26 | GM Cars Tracking People without Consent,2024-04-26T09:00:00,1,3,0.99,neutral,access_or_equity;childhood_schedule,False,False,False,episode_13665_clip_1,2154.2,PSA stating children up to age 19 are covered for checkups and vaccines via Medicaid or CHIP.
14201,35,Right About Now - Legendary Business Advice,Broadcasting Happiness with Alex Curry,2023-10-10T08:59:53,1,3,0.99,supportive,access_or_equity;childhood_schedule;other_vaccine,False,False,False,episode_14201_clip_1,2069.9,
18305,47,"MrBallen Podcast: Strange, Dark & Mysterious Stories",Diagnosis Vol. II,2025-01-23T08:00:00,1,3,0.99,neutral,efficacy_or_immunity;other_vaccine,False,False,False,episode_18305_clip_1,2052.9,Narrative explains rabies transmission via organ transplant and confirms vaccine efficacy in preventing death if administered early.
5828,22,Wait Wait... Don't Tell Me!,WWDTM: Jim Rice,2025-05-31T07:00:59,1,3,0.98,neutral,development_or_approval;influenza;other_vaccine,False,False,False,episode_5828_clip_2,2614.5,Quiz segment mentions HHS terminating a contract with Moderna to develop a bird flu vaccine.
6687,19,Pod Save America,"""Trump's Crimetime Preview."" (Live from The Beacon Theatre!)",2022-06-03T07:42:15,1,3,0.98,mixed,conspiracy_or_institutional_trust;misinformation_or_fact_checking,False,True,True,episode_6687_clip_1,1456.0,Hosts mock Marjorie Taylor Greene's conspiracy theories involving space lasers and 5G vaccine microchips.
7107,19,Pod Save America,“Fire sale on Cuomo books.”,2021-08-12T21:00:00,1,3,0.98,neutral,covid19;efficacy_or_immunity;personal_decision_or_uptake,False,False,False,episode_7107_clip_1,3114.2,
7244,19,Pod Save America,“A Very Lit Joint (Address) with Jen Psaki.”,2021-04-29T21:00:00,1,3,0.98,neutral,covid19;misinformation_or_fact_checking;personal_decision_or_uptake,False,False,True,episode_7244_clip_1,863.6,"Jen Psaki discusses the shift from supply issues to hesitancy, emphasizing local outreach over celebrity endorsements."
10781,30,Candace,Taylor Swift Is Now Team Baldoni…Here’s Why. | Candace Ep 187,2025-05-21T21:32:00,1,3,0.98,mixed,covid19;misinformation_or_fact_checking;personal_decision_or_uptake;safety_or_side_effects,False,False,True,episode_10781_clip_1,2466.6,
11781,2,The Joe Rogan Experience,#1716 - Steven Rinella,2021-10-07T17:00:00,1,3,0.98,mixed,conspiracy_or_institutional_trust;covid19;mandates_or_policy;misinformation_or_fact_checking;safety_or_side_effects,False,True,True,episode_11781_clip_1,8568.4,"Guest jokes about mind control fears, discusses getting vaccinated to avoid travel restrictions, and notes breakthrough infections."
12665,18,The Megyn Kelly Show,"Will Elon Musk Buy Twitter, and Johnny Depp Trial Drama, with Peter Schiff, Jonna Spilbor, and Anne Bremner | Ep. 300",2022-04-14T19:25:55,1,3,0.98,mixed,mandates_or_policy;misinformation_or_fact_checking,False,False,True,episode_12665_clip_1,4915.9,Speakers debate whether banning RFK Jr. for anti-vax views is justified compared to allowing violent rhetoric.
12689,30,Candace,So...Is Brigitte Macron A Man? | Candace Ep 6,2024-06-17T20:00:00,1,3,0.98,mixed,conspiracy_or_institutional_trust;personal_decision_or_uptake,False,False,True,episode_12689_clip_1,1785.0,Host mentions receiving messages about not vaccinating her children and frames distrust of state advice as spiritual wisdom.
14627,24,The Shawn Ryan Show,#63 Shawn Ryan - The Guardian Angel Who Guided Me to Become a Warrior for God,2023-06-26T10:00:00,1,3,0.98,mixed,conspiracy_or_institutional_trust;covid19;mandates_or_policy,False,False,True,episode_14627_clip_1,1788.0,Speaker expresses hatred for being forced to receive the COVID vaccine and comply with mask mandates.
15245,35,Right About Now - Legendary Business Advice,"Weekly Marketing and Advertising News, December 31, 2021 - The Most Downloaded App In The Metaverse",2021-12-31T09:30:00,1,3,0.98,neutral,covid19;misinformation_or_fact_checking,False,False,False,episode_15245_clip_1,2246.3,
18248,49,The Money Mondays,Albert Preciado & Marczell Klein's Real Estate Journey & Hypnosis Techniques | E64,2024-04-08T13:30:08,1,3,0.98,mixed,mandates_or_policy;other_vaccine;personal_decision_or_uptake,False,False,True,episode_18248_clip_1,1464.2,Speaker opted out of school due to vaccination requirements and disagreements with school policies on gender.
18422,46,Pardon My Take,"2025 Takie Awards, Guest Presenters And Award Winners, 25 Awards Including Blake Of The Year, Podcast Listeners Of The Year, Bonk Of The Year + We Talk About The Fox/Barstool Deal",2025-07-18T05:04:15,1,3,0.98,mixed,efficacy_or_immunity;misinformation_or_fact_checking;other_vaccine,False,True,True,episode_18422_clip_1,3933.1,"Satirical award citation praises a recipient for evolving to believe vaccines work, implying previous skepticism was notable."
22180,59,Last Podcast On The Left,UFOs in the UK: An Interview with Nick Pope,2024-08-28T16:00:00,1,3,0.98,neutral,covid19;mandates_or_policy;personal_decision_or_uptake,False,False,True,episode_22180_clip_1,1448.7,"Speakers discuss how society was torn apart by debates over masks, vaccines, and mandates during the pandemic."
22457,53,The Diary Of A CEO with Steven Bartlett,Israel Adesanya: Becoming World Champion Was The Lowest Day Of My Life,2022-03-17T06:00:00,1,3,0.98,mixed,conspiracy_or_institutional_trust;covid19;personal_decision_or_uptake,False,False,True,episode_22457_clip_1,2187.7,Speaker discusses social division over vaccination status and cites Andrew Schulz regretting his vaccine.
5733,19,Pod Save America,Biden’s in His Jacked-Up Joe Era,2024-03-12T07:00:00,1,3,0.97,neutral,mandates_or_policy;mmr_measles;polio,False,True,True,episode_5733_clip_1,1190.0,Host critiques Trump's stance on defunding schools with vaccine mandates and rising measles.
8039,22,Wait Wait... Don't Tell Me!,Symone,2021-05-08T16:00:20,1,3,0.97,neutral,covid19;mandates_or_policy;personal_decision_or_uptake,False,False,False,episode_8039_clip_2,2380.0,"Humorous discussion of incentives like donuts, beer, and marijuana offered to encourage vaccine uptake."
11719,30,Candace,Are They Breeding Politicians?  | Candace Ep 84,2024-10-16T22:10:21,1,3,0.97,supportive,conspiracy_or_institutional_trust;covid19;misinformation_or_fact_checking,False,False,True,episode_11719_clip_1,3076.8,"Host describes COVID as a scheme that woke people up, noting her own past anti-vax stance and current audience growth."
16389,28,REAL AF with Andy Frisella,211. #75HARD vs Savannah Simms,2022-01-09T10:00:00,1,3,0.97,supportive,covid19;mandates_or_policy;personal_decision_or_uptake,False,False,True,episode_16389_clip_1,2975.0,Describes employee Lexi quitting university due to vaccine mandate and finding work with the host instead.
16939,42,Armchair Expert with Dax Shepard,Chris Nowinski (on CTE),2025-05-14T07:35:00,1,3,0.97,neutral,other_vaccine;personal_decision_or_uptake,False,False,False,episode_16939_clip_1,4303.9,Speaker shares personal experience getting the shingles vaccine at age 50 and describes the disease's painful symptoms.
21512,59,Last Podcast On The Left,Episode 615: The Montauk Project Part I - The Truth Behind The Truth Behind The Lies,2025-04-11T13:00:00,1,3,0.97,neutral,conspiracy_or_institutional_trust;misinformation_or_fact_checking,False,False,False,episode_21512_clip_1,2267.4,Hosts note that believers in Wilhelm Reich's theories often distrust the government and reject vaccines.
22313,57,The Russell Brunson Show,Powerful Lesson From Tony: The Meaning Maker,2021-03-10T09:00:00,1,3,0.97,mixed,covid19;personal_decision_or_uptake,False,False,True,episode_22313_clip_1,419.6,"Speaker describes differing opinions with his mother on vaccines, emphasizing respect for personal decisions."
6215,19,Pod Save America,Indictment Eve,2023-06-08T21:09:36,1,3,0.96,mixed,conspiracy_or_institutional_trust;covid19;misinformation_or_fact_checking;safety_or_side_effects,False,True,True,episode_6215_clip_1,3362.0,"Hosts discuss rising anti-vax sentiment among Republicans extending beyond COVID to all vaccines, comparing it to climate change denial."
12704,2,The Joe Rogan Experience,#1653 - Andy Norman,2021-05-18T17:00:00,1,3,0.96,neutral,conspiracy_or_institutional_trust;covid19;misinformation_or_fact_checking,False,True,False,episode_12704_clip_1,596.5,Guest uses the microchip/magnet conspiracy theory as an example of a 'mind parasite' or malfunctioning mental immune system.
12750,18,The Megyn Kelly Show,"Fauci's Finances, and Growing Immigration Crisis, with the Ruthless Podcast Hosts and Adam Andrzejewski | Ep. 292",2022-04-04T19:42:24,1,3,0.96,mixed,childhood_schedule;covid19;mandates_or_policy,False,False,True,episode_12750_clip_1,66.8,Discussion of a lawsuit regarding mask mandates for toddlers who are ineligible for vaccination.
21476,59,Last Podcast On The Left,Last Update on the Left - Episode 1 - Lord RayEl Revisited,2025-04-21T19:30:18,1,3,0.96,neutral,conspiracy_or_institutional_trust;misinformation_or_fact_checking,False,False,True,episode_21476_clip_1,2709.2,Hosts discuss a cult leader who is anti-vaccine and anti-testing regarding COVID-19.
22346,46,Pardon My Take,"Lions Head Coach Dan Campbell To Start Grit Week 2023, Mt Rushmore Of Best Recurring Guests + Monday Reading",2023-07-31T05:36:34,1,3,0.96,neutral,covid19;personal_decision_or_uptake,False,False,False,episode_22346_clip_2,5149.9,"A host claims he got vaccinated specifically to meet a football player, highlighting personal motives for uptake."
474,12,Up First from NPR,Kentucky’s governor on the shutdown and political divisions,2025-10-02T17:05:00,1,3,0.95,neutral,covid19;personal_decision_or_uptake,False,False,True,episode_474_clip_1,1511.9,"A man apologizes for protesting a politician during the pandemic, stating he was scared and angry until he got vaccinated."
2371,8,The MeidasTouch Podcast,Trump Faces Fatal Blow and Rushes to Shut Down Gov,2025-09-20T09:00:00,1,3,0.95,critical,conspiracy_or_institutional_trust;mandates_or_policy;mmr_measles,False,False,True,episode_2371_clip_1,711.8,The speaker criticizes the HHS under RFK Jr. for no longer recommending the combined MMR vaccine for children.
2379,12,Up First from NPR,"Foreign Aid Terminated, Migrants At Guantánamo, Legal Challenges To Federal Firings",2025-02-27T11:35:55,1,3,0.95,neutral,access_or_equity;mandates_or_policy;polio,False,False,True,episode_2379_clip_1,153.6,Reports that USAID foreign aid cuts have terminated programs providing polio vaccinations globally.
2729,12,Up First from NPR,"Biden Death Row Clemency, Long COVID Research, Lebanon Antiquities Damaged",2024-12-23T11:15:38,1,3,0.95,neutral,covid19;efficacy_or_immunity,False,False,False,episode_2729_clip_1,452.6,An NIH-funded study found vaccinated people are less likely to get long COVID.
4388,19,Pod Save America,D.C. Reacts to Biden's Cancer News,2025-05-20T07:05:00,1,3,0.95,neutral,conspiracy_or_institutional_trust;covid19;misinformation_or_fact_checking;safety_or_side_effects,False,True,True,episode_4388_clip_1,3346.7,
4425,8,The MeidasTouch Podcast,Trump Surfaces and Looks Awful on Disaster Saturday,2025-08-30T17:27:00,1,3,0.95,mixed,conspiracy_or_institutional_trust;mandates_or_policy;safety_or_side_effects,False,False,True,episode_4425_clip_1,187.6,A headline is cited claiming government upheaval has put the future of vaccines into doubt.
4442,20,SmartLess,"""Jude Law""",2024-11-11T08:01:00,1,3,0.95,neutral,other_vaccine;personal_decision_or_uptake,False,False,False,episode_4442_clip_1,149.0,Hosts discuss getting the shingles vaccine and the link between chickenpox history and shingles susceptibility.
4449,6,Morbid,Oklahoma Girl Scout Murders Part 1,2021-01-02T20:41:38,1,3,0.95,neutral,covid19;personal_decision_or_uptake,False,False,False,episode_4449_clip_1,67.5,Host shares personal experience receiving the first dose of the Moderna COVID-19 vaccine with minor side effects.
4715,21,Mick Unplugged,Empowerment Through Action: Marc Morial's Strategies for Community Transformation,2025-07-17T09:00:00,1,3,0.95,neutral,access_or_equity;covid19,False,False,False,episode_4715_clip_1,1785.0,"Speaker notes Urban League vaccinated 250,000 to 500,000 people during COVID via promotional campaign."
4909,19,Pod Save America,How Trump Built His Coalition,2024-11-10T08:00:00,1,3,0.95,mixed,misinformation_or_fact_checking;personal_decision_or_uptake,False,False,True,episode_4909_clip_1,2417.3,Speakers discuss Democrats avoiding Joe Rogan due to his views on vaccines and other issues.
5441,8,The MeidasTouch Podcast,MeidasTouch Full Podcast - 8/15/25,2025-08-15T09:00:00,1,3,0.95,neutral,covid19;efficacy_or_immunity,False,True,True,episode_5441_clip_1,4165.0,Asserts mRNA vaccines helped end the COVID pandemic while criticizing politicians who deny this.
5511,20,SmartLess,"""Stephen Colbert""",2021-03-29T10:00:00,1,3,0.95,neutral,covid19;mandates_or_policy;personal_decision_or_uptake,False,False,True,episode_5511_clip_3,3583.9,"Discusses timeline for returning to live audiences based on vaccination rates, proof of vaccination, and rapid testing availability."
5536,19,Pod Save America,"Trump Trial: ""Jail Is on the Table""",2024-05-17T07:00:00,1,3,0.95,neutral,conspiracy_or_institutional_trust;covid19;misinformation_or_fact_checking,False,False,True,episode_5536_clip_1,1785.0,
5538,18,The Megyn Kelly Show,"Weinstein's New Trial, New Lively Questions, and Meghan Markle's Grift, with Tim Dillon, Arthur Aidala, and Mark Eiglarsh | Ep. 1047",2025-04-11T19:15:54,1,3,0.95,mixed,covid19;personal_decision_or_uptake;safety_or_side_effects,False,False,True,episode_5538_clip_1,4982.4,
5584,20,SmartLess,"""James Corden""",2020-12-21T11:00:00,1,3,0.95,neutral,access_or_equity;other_vaccine,False,False,False,episode_5584_clip_1,677.3,James Corden recounts telling Paul McCartney that sketch proceeds equal cost of malaria vaccine to save children's lives.
5797,19,Pod Save America,Huge Verdict Against Trump (with Sen. Elizabeth Warren!),2024-02-18T08:00:00,1,3,0.95,neutral,conspiracy_or_institutional_trust;mandates_or_policy;personal_decision_or_uptake,False,False,True,episode_5797_clip_1,885.5,Hosts joke about RFK Jr.'s potential third-party run and associate his movement with anti-vaccine sentiment.
5806,22,Wait Wait... Don't Tell Me!,WWDTM: Chris Perfetti,2025-06-14T07:00:59,1,3,0.95,neutral,mandates_or_policy;other_vaccine,False,False,True,episode_5806_clip_2,2644.2,Quiz question states RFK Jr. fired members of the White House advisory panel on vaccinations.
5896,18,The Megyn Kelly Show,"Epstein Files Debacle, and Trump Spars with Zelensky in Oval Office, with Emily Jashinsky and Red Scare Hosts | Ep. 1016",2025-02-28T20:06:07,1,3,0.95,mixed,conspiracy_or_institutional_trust;other_vaccine;safety_or_side_effects,False,False,True,episode_5896_clip_1,2850.7,Megyn Kelly admits she was too trusting of COVID vaccine manufacturers regarding side effects and accountability.
5897,19,Pod Save America,On the Ground in Iowa: The Race for Second Place,2024-01-12T08:00:00,1,3,0.95,mixed,conspiracy_or_institutional_trust;other_vaccine;personal_decision_or_uptake;safety_or_side_effects,False,False,True,episode_5897_clip_1,830.0,"Voter identifies vaccine safety as her primary issue while deciding between candidates, including an anti-vaccine theorist."
6273,2,The Joe Rogan Experience,#2055 - Tim Kennedy,2023-11-01T17:00:00,1,3,0.95,mixed,conspiracy_or_institutional_trust;covid19;misinformation_or_fact_checking,False,False,True,episode_6273_clip_1,3316.0,"The speaker claims foreign enemies used misinformation to dehumanize the unvaccinated during COVID, similar to propaganda tactics used by Nazi Germany."
6655,18,The Megyn Kelly Show,"Kamala's Empty, Rambling, MSNBC Interview, and Dire Consequences of Open Border, with Kari Lake and James O'Keefe | Ep. 899",2024-09-26T19:02:31,1,3,0.95,mixed,conspiracy_or_institutional_trust;covid19;personal_decision_or_uptake,False,False,True,episode_6655_clip_1,3298.0,A speaker recounts an opponent telling a Marine to 'f off and take the shot' when the Marine expressed hesitation about the COVID vaccine.
6855,19,Pod Save America,"""The Masked Fascist."" with Stacey Abrams!",2022-02-03T22:40:29,1,3,0.95,neutral,access_or_equity;covid19;mandates_or_policy;personal_decision_or_uptake,False,False,True,episode_6855_clip_1,2125.3,
7455,22,Wait Wait... Don't Tell Me!,Earlonne Woods and Nigel Poor,2022-05-28T15:50:57,1,3,0.95,neutral,childhood_schedule;covid19;efficacy_or_immunity,False,False,False,episode_7455_clip_2,2707.6,News quiz segment notes Pfizer announced their COVID vaccine was effective in children under five years old.
7479,19,Pod Save America,“President-elect Joe Biden.”,2020-11-09T22:26:00,1,3,0.95,neutral,covid19;development_or_approval;efficacy_or_immunity,False,False,True,episode_7479_clip_1,913.8,Hosts discuss Pfizer's vaccine announcement and Biden's science-based response to the pandemic.
7772,22,Wait Wait... Don't Tell Me!,Audra McDonald,2021-12-04T17:00:56,1,3,0.95,neutral,covid19;efficacy_or_immunity;safety_or_side_effects,False,False,False,episode_7772_clip_1,149.9,Host notes virus mutation is driven by unvaccinated populations and jokes about vaccine side effects like growing a third arm.
7817,19,Pod Save America,“The Trump Pod Challenge.”,2020-04-27T20:56:08,1,3,0.95,neutral,conspiracy_or_institutional_trust;covid19;development_or_approval,False,False,True,episode_7817_clip_1,289.2,Discusses the demotion of a vaccine official who refused to promote unproven treatments.
7939,22,Wait Wait... Don't Tell Me!,Dr. Ellen Stofan,2021-07-24T17:16:18,1,3,0.95,neutral,covid19;mandates_or_policy,False,False,False,episode_7939_clip_2,2607.4,Reports on a court upholding a university's right to require student vaccination.
7954,18,The Megyn Kelly Show,"Kari Lake on the Bribe Attempt, Plus Texas vs. Biden Border Showdown, with Andrew Klavan and Alan Dershowitz | Ep. 710",2024-01-25T20:11:50,1,3,0.95,mixed,covid19;misinformation_or_fact_checking,False,False,True,episode_7954_clip_1,3570.0,Host reads headlines mocking anti-vaxxer deaths and calling for accountability of the unvaccinated.
8046,22,Wait Wait... Don't Tell Me!,Tariq Trotter AKA Black Thought from The Roots,2021-05-01T16:00:28,1,3,0.95,neutral,covid19;efficacy_or_immunity;mandates_or_policy,False,False,False,episode_8046_clip_1,187.7,Discussion of new CDC guidelines allowing vaccinated individuals to remove masks outdoors.
8209,18,The Megyn Kelly Show,"Exclusive Reaction From Rob O’Neill on Viral Bin Laden Letter, and Gayle King’s “Grossly Inappropriate” CBS Interview, with Dave Rubin | Ep. 672",2023-11-17T20:04:22,1,3,0.95,supportive,conspiracy_or_institutional_trust;personal_decision_or_uptake,False,False,True,episode_8209_clip_1,5676.4,"Speaker praises guest for activism at a vaccine rally with RFK Jr., framing resistance as courage against peer pressure."
8222,2,The Joe Rogan Experience,#1882 - Iliza Shlesinger,2022-10-13T17:00:00,1,3,0.95,neutral,conspiracy_or_institutional_trust;covid19;personal_decision_or_uptake,False,False,True,episode_8222_clip_1,3267.3,Speaker supports individual choice on vaccines but questions pharmaceutical financial interests and generic drug suppression.
8592,17,The Tucker Carlson Show,Dennis Hannon’s five-year-old son was transitioned behind his back. How did this happen?,2024-04-19T15:00:00,1,3,0.95,mixed,covid19;mandates_or_policy;personal_decision_or_uptake,False,False,True,episode_8592_clip_1,1190.0,Guest states he refused the COVID jab as a personal choice and lost his job for it.
8646,18,The Megyn Kelly Show,"Testosterone, Libido, and Infertility: Deep Dive on Men's Sexual Health, with Dr. Mohit Khera | Ep. 604",2023-08-09T19:06:43,1,3,0.95,neutral,efficacy_or_immunity;hpv;personal_decision_or_uptake;safety_or_side_effects,False,False,False,episode_8646_clip_1,4941.6,
8819,18,The Megyn Kelly Show,"New Explosive Hunter Biden Revelations, and Whether Trump Should Have Been Charged, with the Ruthless Podcast Hosts | Ep. 576",2023-06-27T19:11:02,1,3,0.95,mixed,childhood_schedule;conspiracy_or_institutional_trust;hpv;personal_decision_or_uptake,False,False,False,episode_8819_clip_1,4918.1,Listener feedback stating they have not vaccinated daughters for HPV due to lack of trust in the CDC.
8974,28,REAL AF with Andy Frisella,"930. Andy, Eric Schmitt & DJ CTI: Residents Call Minneapolis Shooter An Ordinary Tenant, Parents of Teen Sue OpenAI Over ChatGPT Suicide Advice & Cracker Barrel Brings Back Classic Logo After Backlash",2025-08-29T09:00:00,1,3,0.95,mixed,conspiracy_or_institutional_trust;covid19;mandates_or_policy,False,False,True,episode_8974_clip_1,7.2,Senator Eric Schmitt claims he fought and defeated COVID vaccine mandates and censorship as Missouri Attorney General.
9076,8,The MeidasTouch Podcast,Trump Has Disaster Day in Public Meltdowns,2025-05-25T09:00:00,1,3,0.95,mixed,covid19;mandates_or_policy;misinformation_or_fact_checking;safety_or_side_effects,False,True,True,episode_9076_clip_1,654.8,Cites RFK Jr. spreading anti-vax messaging and Dr. Oz banning boosters for under-65s.
9138,18,The Megyn Kelly Show,"Trump vs. DeSantis Culture War, and Sorority Trans Pledge Lawsuit, with Jeffrey Lord, Michael Duncan, Viva Frei, and Vinnie Politan | Ep. 532",2023-04-19T19:28:32,1,3,0.95,mixed,covid19;mandates_or_policy;personal_decision_or_uptake,False,False,True,episode_9138_clip_1,1190.0,
9298,8,The MeidasTouch Podcast,Trump in Panic Mode as He Utterly Fails in Public,2025-05-10T18:00:00,1,3,0.95,mixed,conspiracy_or_institutional_trust;mandates_or_policy,False,False,True,episode_9298_clip_1,246.0,Host criticizes a bill helping those hurt by vaccine mandates and questions troop readiness justification.
9305,8,The MeidasTouch Podcast,MeidasTouch Full Podcast - 5/9/25,2025-05-09T09:00:00,1,3,0.95,mixed,conspiracy_or_institutional_trust;development_or_approval;mandates_or_policy,False,False,True,episode_9305_clip_1,1510.0,Host claims a Surgeon General pick was fired for being pro-vaccine and questions her credentials.
9394,2,The Joe Rogan Experience,#1799 - Yannis Pappas,2022-03-31T17:00:00,1,3,0.95,mixed,covid19;development_or_approval;misinformation_or_fact_checking,False,False,True,episode_9394_clip_1,3144.7,"Speaker asserts that claims of FDA approval for vaccines were lies, stating they only had emergency use authorization."
10777,8,The MeidasTouch Podcast,MeidasTouch Full Podcast - 4/15/25,2025-04-15T09:00:00,1,3,0.95,mixed,conspiracy_or_institutional_trust;mandates_or_policy;misinformation_or_fact_checking,False,True,True,episode_10777_clip_1,3081.7,
10787,30,Candace,"Harvey Speaks: ""I Never Knew This Woman"" | Ep 4",2025-05-19T21:37:00,1,3,0.95,mixed,mandates_or_policy;personal_decision_or_uptake;safety_or_side_effects,False,False,True,episode_10787_clip_1,0.0,Speaker claims DCS visited after refusing vaccines in the hospital and leaving early.
11017,18,The Megyn Kelly Show,"Harry and Meghan's Complaining, and Putting Faith and Family First, with Kirk Cameron and Maureen Callahan | Ep. 454",2022-12-15T19:56:09,1,3,0.95,supportive,covid19;mandates_or_policy;personal_decision_or_uptake,False,False,True,episode_11017_clip_1,4567.8,Guest discusses hosting an unmasked event and identifies as anti-mask and anti-vaccine mandate.
11626,8,The MeidasTouch Podcast,MeidasTouch Full Podcast - 3/14/25,2025-03-14T09:00:00,1,3,0.95,mixed,mandates_or_policy;misinformation_or_fact_checking;mmr_measles,False,True,True,episode_11626_clip_1,3001.6,Speaker accuses RFK Jr. of spreading lies about measles and promoting anti-vax policies that cause harm.
11775,24,The Shawn Ryan Show,#112 Vivek Ramaswamy - The Truth Behind the Campaign Trail & Government Lies,2024-05-23T10:00:00,1,3,0.95,mixed,conspiracy_or_institutional_trust;covid19;development_or_approval;safety_or_side_effects,False,False,True,episode_11775_clip_1,4021.1,Speaker suggests government actors should be held accountable for lying about COVID origins and rushing vaccines to market.
11858,30,Candace,Kamala Must Answer For This Deranged Lie | Candace Ep 75,2024-09-30T21:59:00,1,3,0.95,mixed,conspiracy_or_institutional_trust;misinformation_or_fact_checking,True,False,True,episode_11858_clip_1,2211.8,"Host jokes about being against vaccines, zombies, and criminals, framing vaccines alongside fictional threats."
11879,18,The Megyn Kelly Show,"Biden's Title IX Sham, Abolishing the Department of Education, and Hard Work, with Betsy DeVos | Ep. 375",2022-08-17T19:29:17,1,3,0.95,mixed,covid19;efficacy_or_immunity;mandates_or_policy;personal_decision_or_uptake,False,True,True,episode_11879_clip_1,3856.6,Discusses how vaccine mandates are now acknowledged as senseless since natural immunity is treated equally.
12979,32,Money Rehab with Nicole Lapin,Elon Musk's Amazon Strategy Backfires,2023-03-08T08:00:00,1,3,0.95,neutral,development_or_approval;other_vaccine,False,False,False,episode_12979_clip_1,67.8,News segment reports the US government is considering vaccinating chickens against H1N1 to combat avian flu and reduce egg prices.
13259,2,The Joe Rogan Experience,#1624 - Mark Sisson,2021-03-26T17:00:00,1,3,0.95,mixed,covid19;efficacy_or_immunity;personal_decision_or_uptake;safety_or_side_effects,True,False,True,episode_13259_clip_1,993.1,"Speaker claims prior infection grants immunity and argues outdoor transmission risk is negligible, criticizing mask mandates for the vaccinated."
13632,18,The Megyn Kelly Show,"Mark Geragos on Scott Peterson, Kim Potter, Alec Baldwin, and the State of CNN | Ep. 218",2021-12-09T20:09:12,1,3,0.95,mixed,childhood_schedule;covid19;mandates_or_policy,False,False,True,episode_13632_clip_1,4938.6,"Criticizes mandatory vaccination for children aged 5-11 for indoor dining and activities, questioning the necessity."
13702,8,The MeidasTouch Podcast,"Thought Reform and Cyber Security: Where Cult Manipulation Techniques Meet Technology With Dustin Rozario Steinhagen, PhD",2024-12-23T10:00:00,1,3,0.95,neutral,conspiracy_or_institutional_trust;misinformation_or_fact_checking,False,False,True,episode_13702_clip_1,2546.0,
13741,2,The Joe Rogan Experience,#1601 - Brian Redban,2021-01-26T18:00:00,1,3,0.95,mixed,conspiracy_or_institutional_trust;covid19,False,False,True,episode_13741_clip_1,1423.4,
13951,28,REAL AF with Andy Frisella,"509. Andy & DJ CTI: Billionaires Back Biden For 2024, JP Morgan Seizes First Republic Bank & Epstein's Private Calendar",2023-05-02T09:00:00,1,3,0.95,mixed,conspiracy_or_institutional_trust;covid19;mandates_or_policy,False,False,True,episode_13951_clip_1,1605.0,Speaker claims Trump made the wrong call on vaccines and cites job losses due to Biden's vaccine mandates for businesses.
14127,28,REAL AF with Andy Frisella,488. Part 1 - Andy & DJ CTI: Biden Family Members Receiving More Money From China & Russia Will Retrieve Wreckage Of Crashed U.S. Drone,2023-03-17T09:00:00,1,3,0.95,mixed,conspiracy_or_institutional_trust;covid19;mandates_or_policy,True,False,True,episode_14127_clip_1,932.1,Speaker alleges Biden forced vaccination and purged military/police who refused vaccines.
14506,18,The Megyn Kelly Show,"Defund The Police Consequences, with Larry Elder and Don and Sondra Samuels | Ep. 131",2021-07-20T20:05:00,1,3,0.95,mixed,covid19;mandates_or_policy;personal_decision_or_uptake,False,False,True,episode_14506_clip_1,839.4,
14760,8,The MeidasTouch Podcast,"Trump has WORST END of Campaign, Kamala SOARS",2024-11-05T10:00:00,1,3,0.95,neutral,conspiracy_or_institutional_trust;mandates_or_policy,False,False,True,episode_14760_clip_1,3425.3,The speaker quotes Donald Trump stating RFK Jr. would be put in charge of women's health and ban vaccines.
15393,18,The Megyn Kelly Show,"Hunter, Joe and (Dr.) Jill Biden, with Salena Zito and Andy McCarthy | Ep. 38",2020-12-16T10:00:00,1,3,0.95,neutral,conspiracy_or_institutional_trust;covid19,False,False,True,episode_15393_clip_1,1288.1,Discussion of Governor Cuomo's initial distrust of the vaccine distribution and subsequent participation in the rollout.
15498,18,The Megyn Kelly Show,"Dave Rubin on Voting For Trump, Gay Marriage and COVID Hypocrisy | Ep. 28",2020-11-23T10:00:00,1,3,0.95,mixed,covid19;efficacy_or_immunity;mandates_or_policy;safety_or_side_effects,False,False,True,episode_15498_clip_1,4883.4,Speaker cites high recovery rates and 95% vaccine coverage to argue lockdowns were excessive and hypocritical.
15811,35,Right About Now - Legendary Business Advice,Weekly Marketing and Advertising News: Incentives to get Covid Vaccine; Lil Nas X and Nike; Voltswagen; Chipotle is Giving Away 100K in Bitcoin,2021-04-02T18:24:45,1,3,0.95,mixed,covid19;personal_decision_or_uptake;safety_or_side_effects,False,False,True,episode_15811_clip_1,595.0,
15919,35,Right About Now - Legendary Business Advice,Weekly News Update 1.29.21: Reddit and GameStop Rock Stock Market; Coca-Cola Delivering Coffee with Drones; TikTok Live Stream Tailgate; Budweiser Covid Initiative,2021-01-29T12:00:00,1,3,0.95,neutral,covid19;other_vaccine,False,False,False,episode_15919_clip_1,1008.8,Budweiser ad highlights frontline workers who received the vaccine.
16212,24,The Shawn Ryan Show,#22 David Rodriguez - Overcome Bullying / Getting Sober,2022-03-31T09:00:00,1,3,0.95,mixed,conspiracy_or_institutional_trust;personal_decision_or_uptake,False,False,False,episode_16212_clip_1,3570.0,Guest describes a rift with his psychiatrist friend due to opposing views on vaccination.
16238,28,REAL AF with Andy Frisella,"233. Andy & DJ CTI: Biden Faces Possible Trucker Threat, Hillary Clinton To Speak At Democratic Convention & CIA Collecting Data",2022-02-12T10:00:35,1,3,0.95,supportive,conspiracy_or_institutional_trust;covid19;mandates_or_policy,False,False,True,episode_16238_clip_1,138.6,Discussion of potential trucker protests against vaccine mandates and distrust of government instigation.
16583,8,The MeidasTouch Podcast,Trump CRUMBLES at DISASTER Evening Speech in ARIZONA,2024-08-24T21:00:00,1,3,0.95,mixed,misinformation_or_fact_checking;personal_decision_or_uptake,False,False,True,episode_16583_clip_1,595.0,
17629,42,Armchair Expert with Dax Shepard,Ken Goldberg (roboticist),2025-01-08T08:30:00,1,3,0.95,neutral,efficacy_or_immunity;other_vaccine,False,False,False,episode_17629_clip_2,7290.6,The smallpox vaccine scar indicates a successful immune response caused by a minor skin infection from the Dryvax or ACAM2000 vaccines.
17979,48,We're Out of Time,The TRUTH About America's Homeless Crisis Revealed With Ken Craft,2024-10-01T16:00:00,1,3,0.95,neutral,access_or_equity;covid19;personal_decision_or_uptake,False,False,False,episode_17979_clip_1,1190.0,Speaker describes paying homeless individuals $40 to receive Johnson & Johnson COVID-19 vaccines at a low-uptake site.
19421,52,Matt and Shane's Secret Podcast,Ep 428 - 2 Coffee Shane: Business Genius,2023-02-01T18:40:00,1,3,0.95,mixed,conspiracy_or_institutional_trust;covid19;mandates_or_policy;misinformation_or_fact_checking,False,False,True,episode_19421_clip_1,1785.0,"Describes Scott Adams initially opposing non-vaccinated people, then conceding defeat to anti-vaxxers due to online pressure."
19925,55,3 Takeaways™,"Former CEO of New York Federal Reserve Bank Bill Dudley on Inflation and Fiscal Recovery in the US, Regulating Cryptocurrencies and Why Current Fed Policies Benefit the Rich and Not the Poor (#81)",2022-02-22T06:00:00,1,3,0.95,neutral,covid19;efficacy_or_immunity;safety_or_side_effects,False,False,False,episode_19925_clip_1,0.0,"Guest attributes economic recovery to vaccines and notes Omicron is less virulent, especially for the vaccinated."
22359,53,The Diary Of A CEO with Steven Bartlett,"Piers Morgan: Dealing With Repeat Failure, Death Threats & Regrets",2022-04-25T05:00:00,1,3,0.95,neutral,covid19;efficacy_or_immunity;safety_or_side_effects,False,False,False,episode_22359_clip_1,3747.4,"Speaker describes suffering long COVID despite being fully vaccinated, noting the virus's severity."
4146,19,Pod Save America,Can Newsom Stop Trump's Steal?,2025-08-15T07:05:00,1,3,0.94,neutral,mandates_or_policy;other_vaccine,False,False,True,episode_4146_clip_1,710.4,Host notes confirmation of an anti-vaccine enthusiast as head of Health and Human Services.
6802,22,Wait Wait... Don't Tell Me!,WWDTM: Ray Romano,2023-05-06T15:55:33,1,3,0.94,neutral,covid19;development_or_approval;other_vaccine,False,False,False,episode_6802_clip_2,2754.9,Game segment mentions FDA approval of an RSV vaccine and a COVID outbreak at a CDC event.
6908,19,Pod Save America,“Joe and the Giant Speech.”,2022-01-11T08:01:00,1,3,0.94,mixed,conspiracy_or_institutional_trust;covid19;personal_decision_or_uptake,False,False,True,episode_6908_clip_2,2195.3,
8166,2,The Joe Rogan Experience,#1888 - Michael Shermer,2022-10-26T17:00:00,1,3,0.94,neutral,conspiracy_or_institutional_trust;personal_decision_or_uptake;safety_or_side_effects,False,False,False,episode_8166_clip_1,4459.1,Speaker links historical government medical abuses to current vaccine hesitancy in the African American community.
9123,2,The Joe Rogan Experience,JRE MMA Show #124 with Khalil Rountree,2022-05-03T17:00:00,1,3,0.94,mixed,covid19;efficacy_or_immunity;mandates_or_policy;personal_decision_or_uptake,False,False,True,episode_9123_clip_1,9596.7,"Speaker recounts friend's refusal of mandatory vaccination after natural infection, citing studies claiming superior natural immunity."
13479,8,The MeidasTouch Podcast,MeidasTouch RESPONDS to Breaking JAN 6 NEWS,2025-01-07T10:00:00,1,3,0.94,mixed,conspiracy_or_institutional_trust;misinformation_or_fact_checking;other_vaccine;polio,False,True,True,episode_13479_clip_1,1919.2,
20964,53,The Diary Of A CEO with Steven Bartlett,"The Man Who Followed Elon Musk Everywhere: ""Elon's Dad Abused Him, His Trans Child Disowned Him, And Here Are His Secrets For Success!"" Walter Isaacson",2023-11-30T11:48:00,1,3,0.94,neutral,conspiracy_or_institutional_trust;misinformation_or_fact_checking,False,True,True,episode_20964_clip_1,2111.1,
21731,46,Pardon My Take,"Kirk Herbstreit, MNF Was A Debacle, CFB Talk, Hot Seat/Cool Throne And Guys On Chicks",2023-11-29T04:56:01,1,3,0.94,mixed,conspiracy_or_institutional_trust;personal_decision_or_uptake;safety_or_side_effects,False,False,True,episode_21731_clip_1,2663.3,Lists 'doesn't get vaxxed' alongside other lifestyle choices in a viral tweet defining an ideal healthy man.
8191,18,The Megyn Kelly Show,"Biden Takes Credit for Hostage Deal, and Elon's Media Matters Lawsuit, with Victor Davis Hanson, Marcia Clark, and Mark Geragos | Ep. 675",2023-11-27T20:32:30,1,3,0.93,mixed,covid19;efficacy_or_immunity;mandates_or_policy;personal_decision_or_uptake,False,False,True,episode_8191_clip_1,2059.1,Speaker criticizes military leadership for discharging personnel over vaccine mandates and natural immunity concerns.
10897,28,REAL AF with Andy Frisella,"853. Andy & DJ CTI: Judge Rules Fired Federal Workers Must Be Rehired, Putin Agrees In Principle With U.S. Proposed 30-Day Ukraine Ceasefire & House Hearing Ends After Lawmaker Introduces Rep. Sarah McBride As ‘Mr. McBride’",2025-03-14T09:00:00,1,3,0.93,mixed,covid19;mandates_or_policy,False,False,True,episode_10897_clip_1,1245.6,Hosts question the propriety of firing federal employees for refusing the COVID shot amidst legal rulings.
11368,28,REAL AF with Andy Frisella,"809. Andy & DJ CTI: Biden Promises To Work With Trump, California Voters Make Crimes Felonies Again & Big Pharma Emergency Teleconference",2024-11-08T10:00:00,1,3,0.93,mixed,conspiracy_or_institutional_trust;mandates_or_policy;safety_or_side_effects,False,False,True,episode_11368_clip_1,4550.6,"Hosts express support for RFK Jr., noting disagreement with some views like those on vaccines but trusting his intent."
19276,52,Matt and Shane's Secret Podcast,Ep 449 - 2 Cool 4 Home School (feat. Lil Sasquatch),2023-06-21T20:06:00,1,3,0.93,mixed,covid19;personal_decision_or_uptake;safety_or_side_effects,False,False,False,episode_19276_clip_1,1190.0,Speaker changes mind on vaccines after a friend describes surviving COVID on a ventilator.
20911,59,Last Podcast On The Left,Side Stories: One Story After Another,2025-10-08T13:00:00,1,3,0.93,neutral,conspiracy_or_institutional_trust;misinformation_or_fact_checking,False,True,False,episode_20911_clip_1,3988.0,
21782,53,The Diary Of A CEO with Steven Bartlett,Moment 86 - How To Turn Your Fear Into Fuel: James Smith,2022-12-02T08:00:00,1,3,0.93,neutral,efficacy_or_immunity;safety_or_side_effects,False,False,False,episode_21782_clip_1,401.4,Cites vaccine trial placebo effects where participants reported illness despite receiving no active vaccine.
3373,16,The Charlie Kirk Show,The Type of Country Charlie Wanted,2025-10-05T09:00:00,1,3,0.92,mixed,conspiracy_or_institutional_trust;covid19;mandates_or_policy,False,False,True,episode_3373_clip_1,5181.4,Speaker criticizes the Republican Party for pushing vaccines and lockdowns too much during the pandemic.
5051,2,The Joe Rogan Experience,#2147 - Mike Baker,2024-05-08T17:00:00,1,3,0.92,mixed,covid19;mandates_or_policy,False,False,True,episode_5051_clip_1,7393.9,Speakers argue that requiring ID for vaccines but not for voting is inconsistent and insulting.
5184,19,Pod Save America,"To the Winfrey, to the Walz (feat. Gretchen Whitmer)",2024-08-22T07:00:00,1,3,0.92,neutral,mandates_or_policy;misinformation_or_fact_checking;personal_decision_or_uptake,False,False,True,episode_5184_clip_1,2129.4,
6195,19,Pod Save America,Roe vs Republicans,2023-06-27T07:00:00,1,3,0.92,mixed,conspiracy_or_institutional_trust;misinformation_or_fact_checking;safety_or_side_effects,True,True,True,episode_6195_clip_1,2479.4,Hosts mock RFK Jr. and mention conspiracy claims about lead in vaccines.
6772,18,The Megyn Kelly Show,"Best of the Week: Left's Censorship Regime, Veterans Speak Out on Walz, Harris' Debate Complaint",2024-09-08T10:00:00,1,3,0.92,mixed,conspiracy_or_institutional_trust;covid19;efficacy_or_immunity;misinformation_or_fact_checking;safety_or_side_effects,False,False,True,episode_6772_clip_1,460.4,
6792,2,The Joe Rogan Experience,#2006 - Brian Simpson,2023-07-11T17:00:00,1,3,0.92,neutral,other_vaccine;safety_or_side_effects,False,False,False,episode_6792_clip_1,3311.4,Speakers note distemper and parvo are dangerous viral diseases for unvaccinated puppies.
7030,19,Pod Save America,“Terry vs. Trump.”,2021-10-18T22:05:00,1,3,0.92,neutral,covid19;mandates_or_policy;personal_decision_or_uptake,False,False,True,episode_7030_clip_1,2214.4,Notes Youngkin encouraging people not to get vaccinated as part of campaign messaging.
8047,2,The Joe Rogan Experience,#1897 - Graham Hancock & Randall Carlson,2022-11-10T18:00:00,1,3,0.92,mixed,conspiracy_or_institutional_trust;covid19;mandates_or_policy,True,False,True,episode_8047_clip_1,5950.0,Speaker suggests governments used the vaccine issue to encourage obedience in the population.
8095,24,The Shawn Ryan Show,"#176 Andrew Bailey - Suing China for $25 Billion, Abolishing ATF, Fauci and Soros Crimes",2025-02-26T11:00:00,1,3,0.92,mixed,conspiracy_or_institutional_trust;covid19;efficacy_or_immunity;misinformation_or_fact_checking,True,False,True,episode_8095_clip_1,6722.4,Speakers question if the public was lied to about COVID vaccine efficacy and whether it qualifies as a true vaccine.
10570,18,The Megyn Kelly Show,"What Are ""Objects"" We're Shooting Down, Woke Super Bowl Ads, and State of the Media, with Rick Leventhal | Ep. 492",2023-02-13T19:41:57,1,3,0.92,mixed,covid19;efficacy_or_immunity;mandates_or_policy,False,False,True,episode_10570_clip_1,2109.0,"Discusses backlash against a figure for opposing mask mandates and questioning vaccine efficacy, labeling these as sacred cows."
10991,30,Candace,Becoming Brigitte: The Epilogue,2025-02-20T23:54:00,1,3,0.92,critical,childhood_schedule;conspiracy_or_institutional_trust;safety_or_side_effects,True,False,True,episode_10991_clip_1,3124.8,Promotes a vaccine series alleging a 'medical mafia' harming children via vaccines.
12695,28,REAL AF with Andy Frisella,"645. Andy & DJ CTI: Trump Not Immune From Prosecution, Johnson Shuts Down Senate Border Deal & Tucker Carlson Claims He's Interviewing Putin",2024-02-07T10:00:00,1,3,0.92,mixed,conspiracy_or_institutional_trust;misinformation_or_fact_checking,True,False,True,episode_12695_clip_2,1660.0,Speaker suggests a future narrative where 'misinformed' unvaccinated people will be targeted or eliminated by communists.
14184,28,REAL AF with Andy Frisella,481. Part 1 - Andy & DJ CTI: Stacey Abrams Observer In Nigerian Election & Lori Lightfoot Concedes,2023-03-03T10:00:00,1,3,0.92,mixed,conspiracy_or_institutional_trust;mandates_or_policy;personal_decision_or_uptake,False,False,True,episode_14184_clip_1,1628.0,Speaker expresses anger at enforcement of vaccine mandates and questions police compliance with leadership orders.
14383,18,The Megyn Kelly Show,"Cuomo is Done - And What Comes Next, with Janice Dean and Stu Burguiere | Ep. 144",2021-08-11T20:32:25,1,3,0.92,mixed,conspiracy_or_institutional_trust;covid19;efficacy_or_immunity;mandates_or_policy,False,True,True,episode_14383_clip_1,4760.0,"Speaker criticizes Cuomo for delaying vaccines for political reasons and downplaying the virus, contributing to vaccine skepticism."
14720,18,The Megyn Kelly Show,"Daryl Davis on Getting KKK Members to Leave the Klan, Policing in America, and Lacking Bitterness | Ep. 106",2021-05-24T08:00:00,1,3,0.92,mixed,conspiracy_or_institutional_trust;covid19;mandates_or_policy,True,False,True,episode_14720_clip_1,4550.7,Host warns of incoming vaccine passports and criticizes indefinite masking for children despite low school transmission risk.
15166,2,The Joe Rogan Experience,#1494 - Bret Weinstein,2020-06-18T00:00:00,1,3,0.92,mixed,conspiracy_or_institutional_trust;development_or_approval,False,False,True,episode_15166_clip_1,8330.0,Discusses the risk of creating enhanced viruses for study and the possibility of a lab leak versus natural origin.
19201,52,Matt and Shane's Secret Podcast,Ep 459 - Wett Spesh (feat. Colum Tyrrell),2023-09-14T19:14:00,1,3,0.92,mixed,covid19;mandates_or_policy;personal_decision_or_uptake,False,False,True,episode_19201_clip_1,2990.2,Speakers link Aaron Rodgers' sexuality rumors to his vaccination status and mock unvaccinated individuals taking horse medication.
20384,8,The MeidasTouch Podcast,"STATE OF THE UNION 2024 (FULL SPEECH, PRE-SHOW, POST-SHOW) [Ft. Anita Dunn, Douglas Emhoff and more]",2024-03-08T18:00:00,1,3,0.92,supportive,covid19;efficacy_or_immunity,False,False,True,episode_20384_clip_1,5409.4,"Speaker states vaccines saved lives from COVID and are now being used in cancer research, framing them as a success story."
20831,46,Pardon My Take,"All Time US Open, Smylie Kaufman Calls In From Pinehurst, Mike Florio Talking Football + Celtics And Panthers Drop An Stinkers In Game 4's",2024-06-17T06:07:40,1,3,0.92,neutral,covid19;misinformation_or_fact_checking;personal_decision_or_uptake,False,True,True,episode_20831_clip_1,6671.0,
21712,54,The Home Service Expert Podcast,How A 10-Man Team Can Operate Like A 200-Person Company With The Right Processes,2020-05-08T15:26:13,1,3,0.92,neutral,covid19;development_or_approval,False,False,False,episode_21712_clip_1,889.3,"Discusses early COVID vaccine testing timelines, production challenges, and distribution logistics during the pandemic."
7043,18,The Megyn Kelly Show,"More Dems Push Biden to Go, and Haley Endorses Trump and RNC Day 2 Highlights, with Vivek Ramaswamy, Rep. Elise Stefanik, and Ruthless | Ep. 840",2024-07-17T18:45:48,1,3,0.91,neutral,covid19;mandates_or_policy,False,False,True,episode_7043_clip_1,868.9,DeSantis contrasts COVID vaccine proof requirements for restaurants with citizenship proof for voting.
7706,18,The Megyn Kelly Show,"Trump’s Possible VP Contenders, Don Lemon’s Disastrous Interview with Elon Musk, Prince William Affair Rumors, with Dershowitz and Ruthless Hosts | Ep. 746",2024-03-14T19:42:20,1,3,0.91,mixed,conspiracy_or_institutional_trust;covid19;personal_decision_or_uptake,False,False,True,episode_7706_clip_1,3239.1,
7723,22,Wait Wait... Don't Tell Me!,Woody Hoburg,2022-01-08T16:59:01,1,3,0.91,neutral,childhood_schedule;covid19;mandates_or_policy,False,False,True,episode_7723_clip_3,2748.9,Quiz items reference CDC booster recommendation for teens and Mayo Clinic firing unvaccinated staff.
11375,18,The Megyn Kelly Show,"Media's ""October Surprise,"" and Meghan's Relationship with Charles, with Emily Jashinsky, Eliana Johnson, and Christopher Anderson | Ep. 424",2022-11-01T19:09:10,1,3,0.91,mixed,conspiracy_or_institutional_trust;covid19;mandates_or_policy,False,False,True,episode_11375_clip_1,2380.0,"Critics reject pandemic amnesty, citing forced vaccines and lockdowns as reasons to demand accountability."
13519,28,REAL AF with Andy Frisella,"560. Andy & DJ CTI: Maui Wildfires, California Nordstrom & Obama's Letter",2023-08-15T09:00:00,1,3,0.91,mixed,covid19;mandates_or_policy;misinformation_or_fact_checking;personal_decision_or_uptake,False,False,True,episode_13519_clip_1,595.0,Speakers cite past polls on vaccine card mandates as evidence of widespread resistance obscured by media propaganda.
147,2,The Joe Rogan Experience,#2385 - Rick Strassman,2025-09-26T17:00:00,1,3,0.9,mixed,efficacy_or_immunity;safety_or_side_effects,True,False,False,episode_147_clip_1,1277.3,Speaker claims one cannot know a vaccine is safe or effective without trying it and seeing what happens.
1626,2,The Joe Rogan Experience,#2315 - José Andrés,2025-05-02T17:00:00,1,3,0.9,mixed,conspiracy_or_institutional_trust;covid19;mandates_or_policy,False,False,True,episode_1626_clip_1,7283.9,Speaker expresses personal family pro-vaccine background but supports Kennedy's health policies without detailing vaccine stance.
1888,2,The Joe Rogan Experience,#2303 - Dave Smith & Douglas Murray,2025-04-10T17:00:00,1,3,0.9,mixed,conspiracy_or_institutional_trust;covid19;mandates_or_policy,False,False,True,episode_1888_clip_1,2496.7,"Speaker defends opposing lockdowns and vaccine mandates during COVID, criticizing the expert class."
1994,2,The Joe Rogan Experience,#2298 - Kurt Metzger,2025-04-02T17:00:00,1,3,0.9,mixed,covid19;efficacy_or_immunity;safety_or_side_effects,True,False,False,episode_1994_clip_1,5604.7,Speaker sarcastically compares a medical procedure's safety and effectiveness to that of a COVID booster.
2168,6,Morbid,H.H. Holmes Part 1,2023-05-08T07:00:00,1,3,0.9,neutral,mandates_or_policy;other_vaccine,False,False,False,episode_2168_clip_1,4323.1,Describes historical con man falsely claiming smallpox vaccination was mandatory to scam residents.
2406,12,Up First from NPR,Alternate Realities,2025-02-23T08:00:59,1,3,0.9,neutral,conspiracy_or_institutional_trust;misinformation_or_fact_checking,False,False,True,episode_2406_clip_1,164.1,A reporter describes his father's increasing skepticism of vaccines and belief in conspiracies during the pandemic.
2562,8,The MeidasTouch Podcast,Colonel McAuley Looks to Turn Florida’s 15th Congress District Blue,2025-09-17T21:00:00,1,3,0.9,mixed,conspiracy_or_institutional_trust;mandates_or_policy;misinformation_or_fact_checking,False,False,True,episode_2562_clip_1,93.6,"Speaker criticizes Florida policies as anti-science and anti-vax, alleging they remove choice from parents under authoritarian doctrines."
2646,12,Up First from NPR,"Facebook And MAGA, Winter Virus Season, LA Palisades Fire",2025-01-08T11:26:47,1,3,0.9,neutral,covid19;efficacy_or_immunity;influenza;other_vaccine,False,False,False,episode_2646_clip_1,439.8,"Experts recommend vaccination alongside other measures as winter respiratory viruses including flu, RSV, and COVID surge."
2804,2,The Joe Rogan Experience,#2257 - Bryan Callen,2025-01-15T18:00:00,1,3,0.9,mixed,conspiracy_or_institutional_trust;misinformation_or_fact_checking,False,False,True,episode_2804_clip_1,10306.8,Discusses removal of fact-checkers and mentions a post claiming vaccines are amazing being removed.
3406,2,The Joe Rogan Experience,#2243 - Julian Lennon,2024-12-16T18:00:00,1,3,0.9,mixed,conspiracy_or_institutional_trust;covid19;mandates_or_policy,False,False,True,episode_3406_clip_1,7005.8,Speakers criticize mask mandates as illogical and describe social pressure to comply with vaccination narratives.
3771,12,Up First from NPR,"Protests In Israel, Unions In 2024 Election, Candidates Housing Plans",2024-09-02T09:57:27,1,3,0.9,neutral,other_vaccine;polio,False,False,False,episode_3771_clip_1,259.3,"UN workers conducted a polio vaccination campaign in Gaza, vaccinating 72,000 children amid a limited ceasefire."
3920,2,The Joe Rogan Experience,#2214 - Shane Smith,2024-10-16T17:00:00,1,3,0.9,mixed,conspiracy_or_institutional_trust;covid19;misinformation_or_fact_checking,False,False,True,episode_3920_clip_1,0.0,"Guest describes losing trust in mainstream narratives during COVID, now seeking independent journalism to verify vaccine claims."
4281,19,Pod Save America,Hot Zohran Summer,2025-06-27T07:05:00,1,3,0.9,neutral,conspiracy_or_institutional_trust;personal_decision_or_uptake,False,False,True,episode_4281_clip_1,4428.8,
4339,20,SmartLess,"""RE-RELEASE: John Mulaney""",2025-03-13T07:00:00,1,3,0.9,neutral,covid19;efficacy_or_immunity,False,False,False,episode_4339_clip_1,58.1,"Host credits COVID-19 vaccines for reducing the severity of his current infection, thanking scientists for their development."
4422,17,The Tucker Carlson Show,Walter Kirn Provides Update on Luigi Mangione Case and the Strange Parallels to Lee Harvey Oswald,2025-07-14T18:00:00,1,3,0.9,mixed,conspiracy_or_institutional_trust;covid19;efficacy_or_immunity;misinformation_or_fact_checking,False,True,True,episode_4422_clip_2,7140.0,
4523,2,The Joe Rogan Experience,#2179 - Bridget Phetasy,2024-07-24T17:00:00,1,3,0.9,mixed,personal_decision_or_uptake;safety_or_side_effects,False,False,True,episode_4523_clip_1,5628.8,Speakers discuss individuals hiding vaccine injuries and cite Chris Cuomo as an example of someone who concealed his status.
4601,2,The Joe Rogan Experience,#2175 - Sam Tallent,2024-07-11T17:00:00,1,3,0.9,critical,conspiracy_or_institutional_trust;misinformation_or_fact_checking;safety_or_side_effects,False,True,True,episode_4601_clip_1,3658.2,"Criticizes pandemic messaging that suppressed discussion of vaccine adverse reactions to avoid hesitancy, calling it condescending."
4914,2,The Joe Rogan Experience,#2155 - Brian Redban,2024-05-23T17:00:00,1,3,0.9,mixed,misinformation_or_fact_checking;safety_or_side_effects,False,False,True,episode_4914_clip_1,2700.9,Comedian criticizes peers for using 'support the science' regarding vaccines as a cheap way to get applause.
4973,17,The Tucker Carlson Show,"Dave Smith: Debating Douglas Murray, the “Woke Right” Narrative, and the Moment He Found God",2025-05-12T23:46:00,1,3,0.9,mixed,conspiracy_or_institutional_trust;mandates_or_policy;misinformation_or_fact_checking,True,False,True,episode_4973_clip_1,2754.2,"Guest defends himself against being called a misinformation artist, claiming he was right about lockdowns and vaccine mandates during COVID."
5030,2,The Joe Rogan Experience,#2148 - Gad Saad,2024-05-09T17:00:00,1,3,0.9,mixed,conspiracy_or_institutional_trust;covid19,False,False,True,episode_5030_clip_2,5519.6,Speaker claims the government's position on COVID vaccines followed a four-stage pattern of academic denial and eventual acceptance.
5105,2,The Joe Rogan Experience,#2143 - Tulsi Gabbard,2024-05-01T17:00:00,1,3,0.9,mixed,conspiracy_or_institutional_trust;mandates_or_policy;misinformation_or_fact_checking,False,False,True,episode_5105_clip_1,4287.0,Discusses government pressure on platforms to silence experts discussing vaccine issues.
5299,2,The Joe Rogan Experience,#2131 - Brian Simpson,2024-04-05T17:00:00,1,3,0.9,neutral,personal_decision_or_uptake;safety_or_side_effects,False,True,False,episode_5299_clip_1,446.9,Speaker notes people often blame fainting incidents on vaccines but suggests fainting happens naturally to sober people too.
5415,19,Pod Save America,Trump Loses It Over Fox News Poll,2024-06-21T07:30:00,1,3,0.9,neutral,misinformation_or_fact_checking;personal_decision_or_uptake,False,False,True,episode_5415_clip_1,2524.5,"Hosts discuss RFK Jr.'s campaign, noting his anti-vaccine views as a primary motivation."
5619,19,Pod Save America,Black Voters’ Views on Biden,2024-04-17T22:17:28,1,3,0.9,neutral,conspiracy_or_institutional_trust;other_vaccine;personal_decision_or_uptake,False,False,True,episode_5619_clip_1,1311.6,Links vaccine hesitancy to broader cynicism and distrust in institutions among double-hater voters.
5663,22,Wait Wait... Don't Tell Me!,WWDTM: Reneé Rapp,2025-09-06T08:00:00,1,3,0.9,neutral,mandates_or_policy,False,False,True,episode_5663_clip_2,2613.5,News quiz item notes Florida announced plans to end all immunization requirements for schoolchildren.
5678,19,Pod Save America,A Tale of Two Campaigns,2024-03-29T07:00:00,1,3,0.9,neutral,conspiracy_or_institutional_trust;covid19;misinformation_or_fact_checking,False,True,True,episode_5678_clip_1,1785.0,Lists COVID vaccines among many baseless social media conspiracy theories blamed for a bridge collapse.
5717,19,Pod Save America,Republicans' Work Till You Die Agenda,2024-03-15T07:00:00,1,3,0.9,mixed,conspiracy_or_institutional_trust;covid19;misinformation_or_fact_checking,False,True,True,episode_5717_clip_1,2247.7,Speakers label Aaron Rodgers an anti-vaccine conspiracy theorist who has spread COVID misinformation on podcasts for years.
5792,2,The Joe Rogan Experience,#2095 - Moshe Kasher,2024-01-31T18:00:00,1,3,0.9,neutral,development_or_approval;efficacy_or_immunity;influenza,False,False,False,episode_5792_clip_1,7946.8,Speakers discuss historical flu pandemics and the challenge of producing vaccines fast enough during major antigenic drift.
5987,22,Wait Wait... Don't Tell Me!,WWDTM: Amber Maykut,2025-02-01T14:12:00,1,3,0.9,supportive,influenza,False,False,False,episode_5987_clip_1,598.4,
5992,22,Wait Wait... Don't Tell Me!,WWDTM: mxmtoon,2025-01-25T08:00:59,1,3,0.9,supportive,influenza,False,False,False,episode_5992_clip_1,633.2,
6002,18,The Megyn Kelly Show,"Left Pushes ""Constitutional Crisis"" Narrative, and Trump Brings Back Plastic Straws, with Charles Cooke, Rich Lowry, and Carol Swain | Ep. 1005",2025-02-11T20:31:58,1,3,0.9,neutral,covid19;mandates_or_policy,False,False,True,episode_6002_clip_1,1996.2,Discusses Biden's OSHA vaccine mandate for large companies as an illegal executive overreach ignored by the administration.
6081,24,The Shawn Ryan Show,#240 Dr. David Fajgenbaum - Can AI Find Cures to Rare Diseases Using Existing Medicine?,2025-09-29T10:00:00,1,3,0.9,mixed,conspiracy_or_institutional_trust;personal_decision_or_uptake;safety_or_side_effects,False,False,False,episode_6081_clip_1,5075.8,"Host notes post-COVID hesitation with vaccines and pharmaceuticals, fearing demonization of medical progress due to conspiratorial claims."
6136,2,The Joe Rogan Experience,#2071 - Kim Congdon & Sara Weinshenk,2023-11-30T18:00:00,1,3,0.9,mixed,conspiracy_or_institutional_trust;safety_or_side_effects,True,False,False,episode_6136_clip_1,2218.4,"Speakers joke about a shared dream scenario where people die, initially blaming the vaccine before shifting to demons causing internal hemorrhaging."
6538,19,Pod Save America,"“Mitch McConnell, Welcome to the Resistance.” (with John Legend and Senator Warren!)",2022-09-29T20:55:14,1,3,0.9,neutral,covid19;personal_decision_or_uptake,False,False,True,episode_6538_clip_1,2052.8,Speaker argues that increasing vaccination rates helps normalize supply chains and reduce inflation.
6558,19,Pod Save America,"""Trump's Pre-surrection Rally.""",2022-09-20T07:00:00,1,3,0.9,neutral,covid19;mandates_or_policy,False,False,True,episode_6558_clip_1,1190.0,Discussion of DeSantis attacking vaccine mandates and passports as part of culture war platform.
6766,18,The Megyn Kelly Show,"New Poll Panics Dems, Debate Preview, and Kamala's Fake Nice Vibe, with Larry Elder and Adam Carolla | Ep. 882",2024-09-09T19:07:47,1,3,0.9,mixed,covid19;mandates_or_policy;personal_decision_or_uptake,False,False,True,episode_6766_clip_1,5355.0,
6910,19,Pod Save America,Offline: Alex Stamos on Leaving Facebook and Zuckerberg’s Reign,2022-01-09T08:01:00,1,3,0.9,mixed,conspiracy_or_institutional_trust;covid19;misinformation_or_fact_checking,False,True,True,episode_6910_clip_3,3376.8,Speaker argues institutional missteps by CDC/WHO created openings for vaccine disinformation and hucksters.
6944,18,The Megyn Kelly Show,"BREAKING: Kamala Picks Radical Walz as VP, and Value of Free Speech, with Justice Neil Gorsuch, Rich Lowry, and Batya Ungar-Sargon | Ep. 856",2024-08-06T19:15:45,1,3,0.9,mixed,covid19;mandates_or_policy;safety_or_side_effects,False,False,True,episode_6944_clip_1,2840.7,"Guests criticize past COVID lockdowns and vaccine mandates, with one claiming mandates were a mistake now recognized by everyone."
7008,2,The Joe Rogan Experience,#1987 - Jelly Roll,2023-05-17T17:00:00,1,3,0.9,neutral,covid19;personal_decision_or_uptake,False,False,False,episode_7008_clip_1,5808.1,"Guest recounts a joke lyric about hoping someone gets vaccinated, noting it caused professional backlash."
7063,18,The Megyn Kelly Show,"BREAKING: Donald Trump Survives Assassination Attempt at Rally, with Rich Lowry, Buck Sexton, Eric Bolling, Dennis Prager, Bill Stanton, and Jesse Kelly",2024-07-14T03:27:04,1,3,0.9,mixed,conspiracy_or_institutional_trust;covid19;mandates_or_policy,False,False,True,episode_7063_clip_1,7017.1,
7075,22,Wait Wait... Don't Tell Me!,Freddie Johnson,2022-11-19T17:03:50,1,3,0.9,neutral,access_or_equity;influenza,False,False,False,episode_7075_clip_1,654.2,
7183,24,The Shawn Ryan Show,#204 Larry Vickers - Delta Force: Operation Acid Gambit,2025-05-29T10:00:00,1,3,0.9,neutral,mmr_measles;personal_decision_or_uptake,False,False,False,episode_7183_clip_1,15237.3,
7266,22,Wait Wait... Don't Tell Me!,It's an 'Everyone & Their Mom' family reunion!,2022-08-17T18:17:01,1,3,0.9,supportive,influenza,False,False,False,episode_7266_clip_1,388.8,Advertisement for GoodRx promoting discounts on flu shots and cold/flu medications.
7272,22,Wait Wait... Don't Tell Me!,Best of Not My Job,2022-08-13T16:01:33,1,3,0.9,supportive,influenza,False,False,False,episode_7272_clip_1,640.6,Advertisement for GoodRx promoting discounts on flu shots and cold/flu medications.
7386,18,The Megyn Kelly Show,"Best of the Week: Legacy Media's Failures, Noem's Disastrous Book Tour, and the ""Mr. Birchum"" Cast",2024-05-12T18:00:00,1,3,0.9,mixed,covid19;mandates_or_policy,False,False,True,episode_7386_clip_1,1785.0,
7544,19,Pod Save America,"“Kamala at me, bro.” (Debate recap!)",2020-10-08T22:02:03,1,3,0.9,neutral,covid19;development_or_approval;efficacy_or_immunity,False,False,True,episode_7544_clip_1,770.2,"Excerpt discusses the 2020 debate where Pence claimed the administration's plan included developing a vaccine, while Harris criticized the pandemic response."
7571,18,The Megyn Kelly Show,"Best of the Week: Attacks on Women in Sports, Israel and Christians, Sadness in Our Culture and More",2024-04-14T10:00:00,1,3,0.9,neutral,covid19;mandates_or_policy;personal_decision_or_uptake,False,False,True,episode_7571_clip_1,882.7,Excerpt reviews approved interview questions regarding athlete vaccine hesitancy and mask mandates during the pandemic rollout.
7684,19,Pod Save America,“Cold Stone Schemery.”,2020-07-13T20:47:51,1,3,0.9,neutral,covid19;development_or_approval;safety_or_side_effects,False,False,True,episode_7684_clip_1,1201.0,Hosts discuss Fauci's role in ensuring vaccine development is effective and safe amidst political pressure.
7766,2,The Joe Rogan Experience,#1923 - Mike Baker,2023-01-11T18:00:00,1,3,0.9,neutral,childhood_schedule;mandates_or_policy,False,False,True,episode_7766_clip_1,7826.4,"Speakers discuss how pandemic-era politician actions, including mandating vaccines for school children, shocked parents regarding government power."
7789,22,Wait Wait... Don't Tell Me!,Brook and Robin Lopez,2021-11-20T17:00:35,1,3,0.9,neutral,covid19;mandates_or_policy,False,False,False,episode_7789_clip_2,2606.2,
7998,18,The Megyn Kelly Show,"Trump's Huge Iowa Win, and MSNBC's Embarrassing Meltdown Over the Results, with Stu Burguiere and Dave Marcus | Ep. 703",2024-01-16T20:14:49,1,3,0.9,critical,covid19;efficacy_or_immunity;misinformation_or_fact_checking,False,True,True,episode_7998_clip_1,2515.8,"Speaker quotes Rachel Maddow claiming vaccines stop the virus in every vaccinated person, implying this was untrue."
8030,23,The Rest Is History,12 Days: Jean-Bédel Bokassa and the memory of pandemics,2021-12-31T02:00:00,1,3,0.9,neutral,conspiracy_or_institutional_trust;mandates_or_policy,False,False,True,episode_8030_clip_1,1454.8,Speakers speculate on a future biosecurity age requiring vaccine passports and increased government surveillance infrastructure.
8305,19,Pod Save America,“Go to Pod Save America 3-0-3-3-0.” (Debate recap special!),2019-08-01T22:57:40,1,3,0.9,neutral,mandates_or_policy;misinformation_or_fact_checking,False,True,True,episode_8305_clip_1,1679.5,Hosts discuss Marianne Williamson's past comments calling mandatory vaccination 'Orwellian' and her subsequent apology and clarification.
8507,18,The Megyn Kelly Show,"DeSantis, Vivek, Haley, Scott - A Megyn Kelly Show Look at Past Interviews With GOP Candidates | Ep. 626",2023-09-13T18:00:00,1,3,0.9,neutral,conspiracy_or_institutional_trust;covid19;mandates_or_policy;safety_or_side_effects,False,False,True,episode_8507_clip_1,232.9,
8663,2,The Joe Rogan Experience,#1846 - Andrew Schulz,2022-07-23T17:00:00,1,3,0.9,mixed,covid19;efficacy_or_immunity;personal_decision_or_uptake,False,False,True,episode_8663_clip_1,4656.5,
8710,18,The Megyn Kelly Show,"New Hunter Corruption Revelations, Biden's Short Stairs, and Barbie's Message, with Emily Jashinsky and Eliana Johnson | Ep. 593",2023-07-24T19:43:41,1,3,0.9,mixed,covid19;efficacy_or_immunity;misinformation_or_fact_checking,False,True,True,episode_8710_clip_1,3427.7,Host critiques a commentator's claims that mRNA vaccines were always intended as three-dose regimens and boosters are constantly needed.
8888,8,The MeidasTouch Podcast,Trump Gets Instant Karma as Terrible News Drops,2025-06-02T09:00:00,1,3,0.9,mixed,covid19;development_or_approval;mandates_or_policy,False,False,True,episode_8888_clip_1,595.0,Reports that Marjorie Taylor Greene criticized FDA approval of a new Moderna COVID vaccine for older adults and high-risk individuals.
8966,18,The Megyn Kelly Show,"CNN's Post-Trump Town Hall Meltdown, and No Media Accountability Post-Durham, with the Fifth Column Hosts | Ep. 551",2023-05-16T19:13:58,1,3,0.9,mixed,conspiracy_or_institutional_trust;misinformation_or_fact_checking;safety_or_side_effects,True,False,True,episode_8966_clip_1,2776.8,"Speakers debate media narratives, claiming alternative media prevented belief in unreported vaccine side effects and Russia collusion."
9006,2,The Joe Rogan Experience,#1820 - Jack Carr,2022-05-18T17:00:00,1,3,0.9,mixed,conspiracy_or_institutional_trust;covid19;mandates_or_policy,False,False,True,episode_9006_clip_1,6289.9,
9084,2,The Joe Rogan Experience,#1814 - Radio Rahim,2022-05-06T17:00:00,1,3,0.9,neutral,conspiracy_or_institutional_trust;safety_or_side_effects,False,True,False,episode_9084_clip_1,2146.1,Speaker denies being anti-vaccine but questions pharmaceutical credibility and expert trust.
9134,2,The Joe Rogan Experience,#1811 - Brendan Schaub,2022-04-29T17:00:00,1,3,0.9,mixed,covid19;mandates_or_policy;personal_decision_or_uptake,False,False,True,episode_9134_clip_2,5950.0,
9157,8,The MeidasTouch Podcast,Trump Suffers Major Defeat in Shock Romania Election,2025-05-19T04:00:00,1,3,0.9,neutral,covid19;mandates_or_policy;personal_decision_or_uptake,False,False,True,episode_9157_clip_1,196.9,
9293,28,REAL AF with Andy Frisella,"895. Andy & DJ CTI: Iranian Strikes On Israel Escalate, Minnesota State Rep Assassinated & Air India Plane Explodes After Tragic Crash",2025-06-17T09:00:00,1,3,0.9,mixed,conspiracy_or_institutional_trust;misinformation_or_fact_checking,True,False,True,episode_9293_clip_1,1190.0,Speaker claims people were manipulated into taking sides on vaccines and other issues through fear tactics.
9778,8,The MeidasTouch Podcast,MeidasTouch Full Podcast - 5/6/25,2025-05-06T09:00:00,1,3,0.9,mixed,conspiracy_or_institutional_trust;covid19;development_or_approval,False,False,True,episode_9778_clip_1,3292.1,"Speaker notes MAGA influencers ignore Trump's role in Operation Warp Speed, sometimes framing the vaccine development as evil."
10439,2,The Joe Rogan Experience,#1797 - Josh Barnett,2022-03-29T17:00:00,1,3,0.9,mixed,conspiracy_or_institutional_trust;covid19;personal_decision_or_uptake,False,False,True,episode_10439_clip_1,8012.1,"Speaker discusses being judged for not vaccinating and recovering via alternative medications, framing it as a counter-narrative."
10556,2,The Joe Rogan Experience,#1789 - Tom Papa,2022-03-08T18:00:00,1,3,0.9,neutral,covid19;efficacy_or_immunity,False,False,False,episode_10556_clip_1,9288.1,"Speakers discuss being vaccinated and boosted, noting vitamin D levels as a factor in immune system health during the pandemic."
10664,30,Candace,BREAKING NEWS! I’ve Been Keeping A Secret. | Candace Ep 208,2025-06-30T21:38:00,1,3,0.9,mixed,conspiracy_or_institutional_trust;misinformation_or_fact_checking;other_vaccine,True,False,True,episode_10664_clip_1,3252.8,"Speaker promotes a series on vaccine history, claiming the history is hidden and expressing distrust of Big Pharma."
10697,2,The Joe Rogan Experience,#1781 - Coleman Hughes,2022-02-21T18:00:00,1,3,0.9,mixed,other_vaccine;safety_or_side_effects,False,False,False,episode_10697_clip_1,595.0,"Speakers discuss a comedian fainting after listing her vaccinations, joking about 'instant pharma' but calling it a coincidence."
10844,18,The Megyn Kelly Show,"Biden's Classified Docs, Free Speech Crackdowns, and Woke Golden Globes, with the Fifth Columns Hosts | Ep. 468",2023-01-10T20:00:54,1,3,0.9,mixed,conspiracy_or_institutional_trust;covid19;mandates_or_policy;safety_or_side_effects,False,False,True,episode_10844_clip_1,2975.0,The speaker discusses California regulations preventing doctors from dispensing COVID misinformation and an investigation into Jordan Peterson's comments.
10879,2,The Joe Rogan Experience,JRE MMA Show #118 with Julianna Peña,2022-01-27T18:00:00,1,3,0.9,mixed,conspiracy_or_institutional_trust;covid19;efficacy_or_immunity,False,False,False,episode_10879_clip_1,1428.5,"Guest shares anecdote of vaccinated friend getting sick, discusses monoclonal antibodies, and expresses conspiracy suspicions."
10956,8,The MeidasTouch Podcast,Furious Canada Inflicts Pain on Trump He Never Expected,2025-04-07T12:00:00,1,3,0.9,supportive,conspiracy_or_institutional_trust;mandates_or_policy;mmr_measles,False,True,True,episode_10956_clip_1,93.4,Speaker links measles outbreaks and deaths in the US to an 'anti-vax head of the health department' under the Trump regime.
11040,30,Candace,UPDATE! Taylor Swift Goes Full Dragon Against Blake Lively | Candace Ep 144,2025-02-06T22:40:00,1,3,0.9,mixed,childhood_schedule;personal_decision_or_uptake;safety_or_side_effects,False,False,False,episode_11040_clip_1,2840.5,Promotes a video series claiming parents feel peer-pressured by pediatricians regarding vaccines and aims to empower confident decision-making.
11209,30,Candace,My Conversation with Only Fans Model Lilly Phillips | Candace Ep 122,2024-12-17T20:45:00,1,3,0.9,mixed,covid19;mandates_or_policy;misinformation_or_fact_checking,False,False,True,episode_11209_clip_1,1357.7,Speaker claims conservatives only accepted vaccine safety after it became fashionable to do so.
11804,18,The Megyn Kelly Show,"Speaking Your Mind, Markle's ""Diva"" Moment, and the Importance of Dads, with Spencer Klavan | Ep. 382",2022-08-30T19:16:13,1,3,0.9,mixed,conspiracy_or_institutional_trust;misinformation_or_fact_checking,False,True,True,episode_11804_clip_1,3623.6,Speaker links belief in vaccine microchip conspiracies to public distrust of elites who disdain ordinary people.
11909,28,REAL AF with Andy Frisella,"748. Andy & DJ CTI: Kimberly Cheatle Resigns, Kamala Harris' Campaign Vetting VP Candidates & Elon Musk Vowes To Destroy Woke Mind Virus",2024-07-24T09:00:00,1,3,0.9,mixed,conspiracy_or_institutional_trust;covid19;mandates_or_policy;safety_or_side_effects,True,False,True,episode_11909_clip_1,3278.6,"Speaker questions Biden's empathy, citing business losses, Zoom deaths, and people getting sick after vaccination."
12134,30,Candace,MUST WATCH! Andrew Tate UNLEASHES On The Media. | Candace EP 50,2024-08-22T23:06:00,1,3,0.9,mixed,conspiracy_or_institutional_trust;covid19;misinformation_or_fact_checking,False,False,True,episode_12134_clip_1,123.1,"Speaker compares vaccine skeptics to Neo in The Matrix, alleging media and state agents suppress truth to enforce vaccination."
12251,2,The Joe Rogan Experience,#1684 - Abby Martin,2021-07-20T17:00:00,1,3,0.9,mixed,conspiracy_or_institutional_trust;covid19;misinformation_or_fact_checking,False,True,True,episode_12251_clip_1,5619.8,"Discussion of SMS monitoring for COVID vaccine misinformation and shifting narratives on the lab leak hypothesis, questioning who defines acceptable reality."
12424,30,Candace,Rappers EXPOSE Demonic Agenda In Music | Candace Ep 28,2024-07-18T19:00:00,1,3,0.9,mixed,childhood_schedule;mandates_or_policy;personal_decision_or_uptake,False,False,True,episode_12424_clip_1,642.3,"Host claims California laws remove parental control over children's vaccines and gender identity, equating state control with loss of rights."
12447,2,The Joe Rogan Experience,#1670 - David Sinclair,2021-06-18T17:00:00,1,3,0.9,neutral,covid19;development_or_approval;efficacy_or_immunity,False,False,False,episode_12447_clip_1,6842.9,"Guest discusses engineering gene resistance to viruses like flu, comparing the mechanism to how vaccines stimulate antibody production."
12536,18,The Megyn Kelly Show,"Bombshell Leak Signals Roe Will Be Overturned, with Bill Barr, Allie Beth Stuckey and Alan Dershowitz | Ep. 313",2022-05-03T19:18:59,1,3,0.9,mixed,covid19;mandates_or_policy;personal_decision_or_uptake,False,False,True,episode_12536_clip_1,4998.7,"Argues there is hypocrisy in mandating vaccines for the public good while opposing abortion restrictions, citing bodily autonomy inconsistencies."
13116,2,The Joe Rogan Experience,#1631 - Brian Greene,2021-04-08T17:00:00,1,3,0.9,mixed,development_or_approval;efficacy_or_immunity,False,False,False,episode_13116_clip_2,8394.5,"Speakers discuss natural antibody variation, rapid vaccine development, and suggest health factors affect outcomes more than mandates."
13330,2,The Joe Rogan Experience,#1620 - Nate Bargatze,2021-03-17T17:00:00,1,3,0.9,neutral,safety_or_side_effects,False,False,False,episode_13330_clip_1,3830.5,
13697,2,The Joe Rogan Experience,#1604 - Jamar Neighbors,2021-01-30T18:00:00,1,3,0.9,mixed,covid19;personal_decision_or_uptake;safety_or_side_effects,False,False,False,episode_13697_clip_1,10115.0,"Speaker declines vaccine citing health maintenance, questions duration, and discusses a fainting incident attributed to needle phobia."
13728,28,REAL AF with Andy Frisella,"539. Andy & DJ CTI: Balloon Floating Across ND, Biden's Attorney Slams IRS & Putin Uncovers $6.2 Billion Coup?",2023-06-27T09:00:00,1,3,0.9,mixed,conspiracy_or_institutional_trust;development_or_approval,True,False,False,episode_13728_clip_1,4328.3,
13795,18,The Megyn Kelly Show,"Rittenhouse Trial Heads to Jury and O'Keefe Raided By FBI, with Robert Barnes, Dave Aronberg, Andrew Branca and Harmeet Dhillon | Ep. 204",2021-11-16T20:07:01,1,3,0.9,mixed,conspiracy_or_institutional_trust;covid19;misinformation_or_fact_checking,True,False,True,episode_13795_clip_1,4457.3,Speaker suggests a journalist was raided by the FBI partly due to publishing videos claiming problems with vaccines.
13800,8,The MeidasTouch Podcast,Speaker Johnson BOOED ON STAGE by GOP…He RUNS AWAY,2024-12-21T08:00:00,1,3,0.9,mixed,covid19;mandates_or_policy,True,True,True,episode_13800_clip_1,0.0,"A speaker at a political event claims a spending bill contains vaccine mandates and passports, which the host notes are untrue."
13983,24,The Shawn Ryan Show,"#76 Erik Prince - China vs Taiwan, JFK Assassination, Ad ID Tracking & Social Credit | Part 2",2023-09-27T10:00:00,1,3,0.9,mixed,conspiracy_or_institutional_trust;covid19;personal_decision_or_uptake,False,False,True,episode_13983_clip_1,3913.3,"Speaker promotes a secure phone featuring an app store with a dating app for unvaccinated people, claiming mainstream stores censored it for being controversial."
14286,2,The Joe Rogan Experience,#1562 - Dave Smith,2020-11-11T18:00:00,1,3,0.9,mixed,covid19;mandates_or_policy;personal_decision_or_uptake,False,False,True,episode_14286_clip_2,6689.9,
14307,18,The Megyn Kelly Show,"Stephen Miller on Biden’s Terror Response, the Border Crisis, and Trump 2024 | Ep. 152",2021-08-30T08:00:00,1,3,0.9,mixed,covid19;mandates_or_policy,False,False,True,episode_14307_clip_1,1533.3,
14369,34,Finding Peak with Ryan Hanley,RHS 020 - Scott Monty in Defense of Deep Thinking and Eternal Content,2019-12-05T02:06:00,1,3,0.9,neutral,misinformation_or_fact_checking;other_vaccine,False,True,False,episode_14369_clip_1,2177.1,"Speakers compare anti-vaccine beliefs to Flat Earth theory, discussing the challenge of empirical facts versus belief systems."
14498,18,The Megyn Kelly Show,"What's Happening In Cuba and Hong Kong, with Antonio Garcia-Martinez and Samuel Chu | Ep. 132",2021-07-21T19:20:00,1,3,0.9,neutral,access_or_equity;covid19;development_or_approval,False,False,True,episode_14498_clip_1,595.0,
14535,8,The MeidasTouch Podcast,Trump Sends Market INTO PANIC with his DISASTER WEEK,2024-11-17T17:54:00,1,3,0.9,neutral,covid19;mandates_or_policy;misinformation_or_fact_checking,False,False,True,episode_14535_clip_1,147.7,Host discusses market reaction to RFK Jr.'s HHS nomination and cites a Reddit comment about a plan to ban vaccines.
14598,18,The Megyn Kelly Show,"Leader Kevin McCarthy and Sen. Joni Ernst on the Crime Surge, the Border Crisis, and Bipartisanship | Ep. 120",2021-06-25T08:00:00,1,3,0.9,mixed,covid19;development_or_approval;mandates_or_policy;mmr_measles,False,False,True,episode_14598_clip_1,5504.3,Host teases segment questioning legality of mandating experimental COVID vaccines compared to established ones like MMR.
14789,18,The Megyn Kelly Show,"Sen. Josh Hawley on Big Tech Tyranny, Media Absurdity, and the State of the GOP | Ep. 98",2021-05-05T08:00:00,1,3,0.9,neutral,conspiracy_or_institutional_trust;misinformation_or_fact_checking,False,True,False,episode_14789_clip_1,3460.1,Host mocks the conspiracy theory that vaccines contain chips by comparing it to smartphones already tracking users.
14808,28,REAL AF with Andy Frisella,"390. Andy & DJ CTI: Louisiana Divests From BlackRock, Biden Pledges To Ban Assault Weapons & Detonations Damaged Nord Stream Pipeline",2022-10-07T09:00:00,1,3,0.9,critical,covid19;mandates_or_policy;personal_decision_or_uptake,False,False,True,episode_14808_clip_1,976.2,"Speaker argues people complied with masks and vaccines against their beliefs, enabling current political overreach."
15403,28,REAL AF with Andy Frisella,"339. Andy & DJ CTI: Biden's Climate Executive Orders, Antifa Vs. Bikers & Police Identify Victims In Indiana Mall Shooting",2022-07-20T09:00:00,1,3,0.9,mixed,conspiracy_or_institutional_trust;covid19;mandates_or_policy,False,False,True,episode_15403_clip_1,330.6,Speaker lists mandatory vaccines alongside other grievances as evidence of a communist takeover and urges non-compliance with government directives.
15416,18,The Megyn Kelly Show,"Sharyl Attkisson on Media Bias, Narrative Vs. Facts, and Big Tech Censorship | Ep. 36",2020-12-11T10:00:00,1,3,0.9,mixed,conspiracy_or_institutional_trust;covid19;mandates_or_policy;misinformation_or_fact_checking,False,False,True,episode_15416_clip_1,5812.8,Discussion highlights scientists fearing backlash for contradicting public health narratives on masks and lockdowns while awaiting vaccine development.
15523,28,REAL AF with Andy Frisella,"321. Andy & DJ CTI: Crickets For Human Consumption, Nancy Pelosi Pushing Daughter Of GOP Rep. & Clarence Thomas Called The 'N-Word'",2022-06-28T09:00:54,1,3,0.9,mixed,conspiracy_or_institutional_trust;covid19;personal_decision_or_uptake,False,False,True,episode_15523_clip_1,1462.2,Speaker references vaccines alongside other events as evidence of global control and public stupidity.
15595,2,The Joe Rogan Experience,#1467 - Jack Carr,2020-04-30T00:00:00,1,3,0.9,mixed,conspiracy_or_institutional_trust;mandates_or_policy;other_vaccine,False,False,True,episode_15595_clip_1,1785.0,Speakers speculate that surveillance measures implemented during the pandemic will not be removed after a vaccine is developed.
15828,2,The Joe Rogan Experience,#1445 - Andy Stumpf,2020-03-21T00:00:00,1,3,0.9,neutral,covid19;development_or_approval,False,False,False,episode_15828_clip_1,1033.1,
15893,28,REAL AF with Andy Frisella,282. Two Things We Need To Do Now To Save America,2022-04-23T09:00:35,1,3,0.9,supportive,conspiracy_or_institutional_trust;covid19,True,False,True,episode_15893_clip_1,1190.0,"Speaker states personal belief that the vaccine was malicious and planned, while discussing political alignment."
16568,2,The Joe Rogan Experience,"Fight Companion - January 9, 2020",2020-01-10T00:00:00,1,3,0.9,mixed,conspiracy_or_institutional_trust;hpv;polio;safety_or_side_effects,False,False,False,episode_16568_clip_1,599.6,
16768,2,The Joe Rogan Experience,#1398 - Lil Duval,2019-12-11T00:00:00,1,3,0.9,mixed,efficacy_or_immunity;influenza;personal_decision_or_uptake;safety_or_side_effects,False,False,False,episode_16768_clip_1,8462.5,"Speaker states they never get flu shots, questioning their efficacy and preferring natural healing, though acknowledges antibiotics."
17154,45,Creating Confidence with Heather Monahan,Confidence Classic: How to Raise Your Frequency to See Bigger Opportunities with Glenn Lundy,2025-09-10T09:30:00,1,3,0.9,neutral,misinformation_or_fact_checking;personal_decision_or_uptake,False,True,False,episode_17154_clip_1,740.9,The speaker describes how social media silos cause opposing groups to view each other as idiots regarding vaccines.
17294,42,Armchair Expert with Dax Shepard,Jonathan Haidt Returns (on the Anxious Generation),2025-03-12T07:35:00,1,3,0.9,mixed,misinformation_or_fact_checking;personal_decision_or_uptake,False,False,False,episode_17294_clip_1,4760.0,Host recounts his mother-in-law sending warnings about 5G and refusing to get her grandchildren vaccinated.
17352,2,The Joe Rogan Experience,#1367 - Bridget Phetasy,2019-10-22T00:00:00,1,3,0.9,neutral,misinformation_or_fact_checking;safety_or_side_effects,False,True,False,episode_17352_clip_1,2121.1,Speaker argues against believing claims that vaccines cause horrible diseases without scientific peer review.
17560,42,Armchair Expert with Dax Shepard,Sunita Sah (on defiance),2025-01-22T08:35:00,1,3,0.9,neutral,influenza;mandates_or_policy;personal_decision_or_uptake,False,False,False,episode_17560_clip_1,6244.2,Anecdote about a nurse feeling forced by an employer to receive a flu shot against her wishes.
18548,52,Matt and Shane's Secret Podcast,Ep 543 - Spyder's Web,2025-01-30T20:32:00,1,3,0.9,mixed,conspiracy_or_institutional_trust;mandates_or_policy,False,False,True,episode_18548_clip_1,2207.9,Hosts discuss RFK Jr.'s confirmation hearing and a protestor's onesie regarding vaccines.
18853,2,The Joe Rogan Experience,#1296 - Joe List,2019-05-14T19:00:00,1,3,0.9,neutral,efficacy_or_immunity;hpv;safety_or_side_effects,False,True,False,episode_18853_clip_1,2651.6,
19197,52,Matt and Shane's Secret Podcast,Ep 460 - Snack Pack (feat. Rich Vos),2023-09-19T15:52:00,1,3,0.9,mixed,conspiracy_or_institutional_trust;personal_decision_or_uptake;safety_or_side_effects,False,False,False,episode_19197_clip_1,841.4,Speakers joke about loving vaccines while questioning doctor motives and financial incentives for boosters.
19315,53,The Diary Of A CEO with Steven Bartlett,Moment 212: The Dangerous Truth Behind “Sugar Free”!,2025-05-09T05:00:00,1,3,0.9,neutral,conspiracy_or_institutional_trust;other_vaccine,False,False,False,episode_19315_clip_1,433.1,Describes historical documents showing the sugar industry diverted research funding toward a dental caries vaccine.
19415,52,Matt and Shane's Secret Podcast,"Ep 429 - The YouKnowWho's & YouKnowWhat's (feat. Rob Crews, Naim Ali, and Dru Montana)",2023-02-08T22:09:00,1,3,0.9,mixed,covid19;misinformation_or_fact_checking;safety_or_side_effects,True,True,False,episode_19415_clip_1,2481.6,Speakers recall false rumors that vaccines caused physical changes and discuss early pandemic myths about immunity.
19430,8,The MeidasTouch Podcast,Trump ROTS AWAY with NO CAMPAIGNING,2024-04-30T09:00:00,1,3,0.9,neutral,conspiracy_or_institutional_trust;misinformation_or_fact_checking,False,True,True,episode_19430_clip_1,1045.5,"Host describes QAnon beliefs, noting they view medical experts advising vaccines as part of a satanic cabal to be executed."
19503,2,The Joe Rogan Experience,#1269 - Bryan Callen,2019-03-20T00:00:00,1,3,0.9,neutral,misinformation_or_fact_checking;safety_or_side_effects,False,True,False,episode_19503_clip_1,2380.0,Speaker argues against anti-vaccine sentiments by citing historical literature where children died from preventable diseases like smallpox.
19544,55,3 Takeaways™,The Knowledge Illusion: How Overconfidence Shapes Our Lives (#256),2025-07-01T04:00:00,1,3,0.9,neutral,misinformation_or_fact_checking;safety_or_side_effects,False,False,False,episode_19544_clip_1,51.1,Discussion cites vaccination as an example of a topic where people suffer from the 'illusion of explanatory depth'.
19652,55,3 Takeaways™,Top Takeaways of 2023 (#181),2024-01-23T07:00:00,1,3,0.9,neutral,covid19;development_or_approval,False,False,False,episode_19652_clip_1,0.0,Intro mentions Alex Azar discussing the success of Operation Warp Speed in developing COVID vaccines.
19790,53,The Diary Of A CEO with Steven Bartlett,EMERGENCY DEBATE: What Trump’s Return Really Means for America & The Real Reason Men Voted for Trump! Is the UK About to Collapse?!,2025-01-23T06:00:00,1,3,0.9,neutral,conspiracy_or_institutional_trust;covid19;misinformation_or_fact_checking,False,True,True,episode_19790_clip_1,4165.0,
19795,2,The Joe Rogan Experience,"#1258 - Jack Dorsey, Vijaya Gadde & Tim Pool",2019-03-05T00:00:00,1,3,0.9,neutral,mandates_or_policy;misinformation_or_fact_checking;other_vaccine,False,False,False,episode_19795_clip_1,473.1,
19938,55,3 Takeaways™,Free World Class Education to Anyone Anywhere: Building the World’s Largest Online Learning Platform with Khan Academy Founder & CEO Sal Khan (repost) (#76),2022-01-18T06:00:00,1,3,0.9,neutral,covid19;efficacy_or_immunity,False,False,False,episode_19938_clip_1,1056.4,Speaker cites experts predicting 75% chance COVID will be controlled via therapies or effective vaccines by next year.
19968,52,Matt and Shane's Secret Podcast,Ep 372 - Matt and Shane's Copyright Safe Podcast,2021-11-29T20:02:00,1,3,0.9,mixed,conspiracy_or_institutional_trust;covid19;efficacy_or_immunity;mandates_or_policy,True,False,True,episode_19968_clip_1,2166.7,"Speakers discuss family arguments over mandates, joke about the vaccine being the 'mark of the beast,' and debate natural immunity versus vaccination."
19992,2,The Joe Rogan Experience,#1248 - Bill Ottman,2019-02-19T00:00:00,1,3,0.9,neutral,conspiracy_or_institutional_trust;misinformation_or_fact_checking,False,False,False,episode_19992_clip_1,3616.0,Discusses YouTube's potential censorship of anti-vaccination videos alongside flat earth content as disinformation.
20028,52,Matt and Shane's Secret Podcast,Ep 364 - Storming the Snackital (feat. Mike Rainey & Jon DelCollo),2021-09-22T18:03:00,1,3,0.9,mixed,conspiracy_or_institutional_trust;covid19;safety_or_side_effects,False,False,True,episode_20028_clip_2,2291.3,Speaker argues that past overprescription of opiates undermines trust in the medical establishment regarding vaccines.
20054,55,3 Takeaways™,A Unique Model of Innovation - Making Breakthrough Discoveries and Turning Them Into Real World Products At an Unheard of Pace: Don Ingber (#35),2021-04-06T06:00:00,1,3,0.9,neutral,development_or_approval;other_vaccine,False,False,False,episode_20054_clip_1,1190.0,Discussion of self-assembling molecular robotics potentially serving as a depot for vaccines.
20062,55,3 Takeaways™,"Former Secretary of the Treasury and President of Harvard, Larry Summers: The Big Trends Shaping the World Today (#32)",2021-03-15T05:00:00,1,3,0.9,neutral,access_or_equity;covid19;development_or_approval,False,False,False,episode_20062_clip_1,0.0,Speaker cites vaccine development as an example of a collective problem markets cannot solve alone.
20134,55,3 Takeaways™,"Former Google CEO, Eric Schmidt: On AI, Tech, COVID-19, and Making the World A Better Place (#7)",2020-09-15T04:00:00,1,3,0.9,neutral,covid19;efficacy_or_immunity;personal_decision_or_uptake,False,False,False,episode_20134_clip_1,1609.7,"Eric Schmidt discusses hypothetical public behavior if a vaccine were available, suggesting people would still hesitate to attend events."
20187,52,Matt and Shane's Secret Podcast,Ep 342- The King Returns,2021-04-09T00:04:00,1,3,0.9,mixed,covid19;efficacy_or_immunity;misinformation_or_fact_checking,False,False,True,episode_20187_clip_1,172.5,Speakers discuss a clip questioning why vaccinated people must still wear masks if vaccines work.
22027,53,The Diary Of A CEO with Steven Bartlett,James Smith: Become Confident In 100 Minutes,2022-09-01T04:00:00,1,3,0.9,neutral,efficacy_or_immunity;safety_or_side_effects,False,False,False,episode_22027_clip_1,960.9,States 30% of placebo recipients in vaccine trials felt ill due to expectation effects.
22905,53,The Diary Of A CEO with Steven Bartlett,Russell Kane: How To Build Confidence & Stay Young,2021-05-03T03:30:00,1,3,0.9,neutral,covid19;efficacy_or_immunity;personal_decision_or_uptake,False,False,False,episode_22905_clip_1,1615.0,Speaker advises getting a vaccine as the best action besides social distancing to avoid living like a prisoner during COVID.
12087,18,The Megyn Kelly Show,"Woke Shaming Over Reality, and Faith Over Fame, with Konstantin Kisin and Alexa and Carlos PenaVega | Ep. 357",2022-07-14T19:35:53,1,3,0.89,mixed,conspiracy_or_institutional_trust;covid19;mandates_or_policy,False,False,True,episode_12087_clip_2,2380.0,Argues that leaders not following their own mask and vaccine rules constitutes 'theater' that erodes public trust and compliance.
12725,30,Candace,The REAL Reason My Show Was Canceled | Candace Ep 2,2024-06-11T20:00:00,1,3,0.89,mixed,conspiracy_or_institutional_trust;covid19;misinformation_or_fact_checking,True,False,True,episode_12725_clip_1,110.1,Speaker describes pandemic behaviors as 'mass formation psychosis' and mentions submitting bodies for vaccines as part of media manipulation.
4878,18,The Megyn Kelly Show,"Tacky and Gross Celeb-Filled Bezos-Sanchez Wedding, and Zohran Mamdani's Fake Origin Story, with Walter Kirn | Ep. 1098",2025-06-30T19:03:17,1,3,0.88,neutral,covid19;safety_or_side_effects,False,False,False,episode_4878_clip_1,1785.0,"Mentions a teen's death from myocarditis after COVID and vaccination, noting cause remains unknown."
4968,19,Pod Save America,Trump's Spank America Tour,2024-10-25T07:30:00,1,3,0.88,mixed,childhood_schedule;conspiracy_or_institutional_trust,False,False,True,episode_4968_clip_1,1650.0,"Hosts express concern about RFK Jr. leading HHS, jokingly asking if listeners are worried about their kids' vaccines under his leadership."
5304,18,The Megyn Kelly Show,"Hegseth vs. Top Generals, Air Traffic Control Nightmare, DOE Cuts Off Harvard Grants: AM Update 5/7",2025-05-07T10:00:00,1,3,0.88,mixed,covid19;mandates_or_policy,False,False,True,episode_5304_clip_1,389.3,Speaker lists ending emergency vaccine mandates as part of restoring warrior ethos in the military.
5936,17,The Tucker Carlson Show,Eric Adams on His Attempt to Fix New York and How Democrats Weaponized the Law to Stop Him,2025-01-22T00:00:00,1,3,0.88,mixed,covid19;mandates_or_policy;personal_decision_or_uptake,False,False,True,episode_5936_clip_1,3089.5,Discussion on whether unvaccinated individuals who lost jobs deserve an apology for pandemic-era mandates.
6011,18,The Megyn Kelly Show,"Dems Try To Storm Building, CNN Panel Melts Down, and Rise of ""Tech Right,"" with Victor Davis Hanson and Mike Solana | Ep. 1003",2025-02-07T20:22:20,1,3,0.88,supportive,conspiracy_or_institutional_trust;covid19;misinformation_or_fact_checking;safety_or_side_effects,False,False,True,episode_6011_clip_1,5950.0,"Notes that claiming vaccines might injure you was previously labeled a conspiracy theory, implying validation of those fears now."
6095,2,The Joe Rogan Experience,#2074 - Shane Gillis,2023-12-12T18:00:00,1,3,0.88,mixed,conspiracy_or_institutional_trust;covid19,False,False,True,episode_6095_clip_1,2662.0,"Host mocks a journalist for defending the vaccine narrative unquestioningly after being scandalized, implying fear of cancellation."
6338,18,The Megyn Kelly Show,"Media Lies About Hegseth, and the Cultural Shift That Led To Trump's Victory, with Victor Davis Hanson and Red Scare Hosts | Ep. 952",2024-11-22T20:59:57,1,3,0.88,mixed,mandates_or_policy;misinformation_or_fact_checking;personal_decision_or_uptake,False,True,True,episode_6338_clip_1,6138.1,"Clip quotes a commentator claiming Republicans want to kill kids by opposing vaccinations, which hosts then mock as extreme rhetoric."
6357,18,The Megyn Kelly Show,"Media Starts Telling Truth About Trump and Kamala, and Gaetz Battle Ahead, with Mark Halperin, Dan Turrentine, and Richie McGinniss | Ep. 948",2024-11-19T20:14:40,1,3,0.88,mixed,mandates_or_policy;personal_decision_or_uptake,False,False,True,episode_6357_clip_1,1518.2,"Notes Democratic support for RFK Jr. based on his stance against vaccine mandates and food policy, highlighting political shifts regarding vaccine coercion."
7039,24,The Shawn Ryan Show,#210 Hsiao Bi-khim | 蕭美琴 - Vice President of Taiwan,2025-06-19T10:00:00,1,3,0.88,neutral,covid19;misinformation_or_fact_checking,False,True,True,episode_7039_clip_1,2521.9,Mentions disinformation campaigns targeting vaccine availability and prices requiring rapid government response.
11648,18,The Megyn Kelly Show,"Growing Up in Hollywood, the Brutal Media Business, and Her Exit From Fox News, with Melissa Francis | Ep. 397",2022-09-23T19:00:34,1,3,0.88,neutral,safety_or_side_effects,False,False,False,episode_11648_clip_1,5784.7,"Host references a segment on a teenager who died of myocarditis, receiving listener feedback on grief."
16032,28,REAL AF with Andy Frisella,"264. Andy & DJ CTI: Will Smith's Acting Lessons, Biden's Cue Cards & Ineligible For Congress",2022-03-30T09:00:28,1,3,0.88,mixed,conspiracy_or_institutional_trust;covid19;mandates_or_policy,True,False,True,episode_16032_clip_1,2025.6,Speaker claims Hillary Clinton would have sent unvaccinated people to camps and discusses bio-labs in Ukraine.
20285,52,Matt and Shane's Secret Podcast,Ep 330- The Wedge,2020-12-30T01:28:30,1,3,0.88,mixed,access_or_equity;conspiracy_or_institutional_trust;covid19,False,False,True,episode_20285_clip_1,5111.1,Discusses minority hesitancy due to historical government mistreatment and questions why some groups trust news media.
4985,18,The Megyn Kelly Show,"Left-Wing Media Deem LA Riots “Tiny”, Simone Biles Tarnishes Her Legacy, and “Desperate” Aging Celebs, with Miranda Devine | Ep. 1090",2025-06-10T18:00:00,1,3,0.87,mixed,conspiracy_or_institutional_trust;mandates_or_policy,False,False,True,episode_4985_clip_1,1473.2,"Speaker contrasts vaccine passport requirements for coffee shops with tolerated drug use, arguing selective authoritarianism by Democrats."
7234,18,The Megyn Kelly Show,"What Post-Verdict Polls Show, and How ""Apprentice"" Made Trump a Megastar, with Hogan Gidley, David Pakman, and Ramin Setoodeh | Ep. 812",2024-06-06T19:19:35,1,3,0.87,mixed,conspiracy_or_institutional_trust;covid19;mandates_or_policy,False,False,True,episode_7234_clip_1,1325.7,Speaker criticizes Biden for attempting to mandate vaccines for 80 million people despite court rulings.
28,2,The Joe Rogan Experience,#2391 - Duncan Trussell,2025-10-09T17:00:00,1,3,0.85,mixed,covid19;mandates_or_policy;personal_decision_or_uptake,False,False,True,episode_28_clip_1,7183.2,Speakers discuss how vaccine mandates and lockdowns increased social division and psychological stress.
610,2,The Joe Rogan Experience,#2362 - Ralph Barbosa,2025-08-08T17:00:00,1,3,0.85,mixed,conspiracy_or_institutional_trust;safety_or_side_effects,False,False,False,episode_610_clip_1,920.7,Speaker expresses frustration with unnecessary vaccines while discussing historical military use of methamphetamines.
762,12,Up First from NPR,"Government Shutdown Looms, Brazil's Ex-President on Trial, Earthquake in Afghanistan",2025-09-02T10:04:08,1,3,0.85,neutral,conspiracy_or_institutional_trust;mandates_or_policy,False,False,True,episode_762_clip_1,201.3,Report notes concern that ousting the CDC director creates confusion about U.S. vaccine policy.
1342,10,The Mel Robbins Podcast,Master Class on How To Fix Your Digestive Issues & Gut Health (With a Renowned GI Doctor),2024-06-06T04:05:00,1,3,0.85,neutral,efficacy_or_immunity,False,False,False,episode_1342_clip_1,1665.1,Doctor explains hygiene hypothesis where early germ exposure trains the immune system to respond correctly.
1499,2,The Joe Rogan Experience,#2320 - Tom Segura,2025-05-13T17:00:00,1,3,0.85,mixed,conspiracy_or_institutional_trust;mandates_or_policy,False,False,True,episode_1499_clip_1,3570.0,"Speakers discuss government control and social credit systems, mentioning compliance with vaccine rules as a condition for receiving benefits."
1606,2,The Joe Rogan Experience,#2316 - Cameron Hanes,2025-05-06T17:00:00,1,3,0.85,mixed,conspiracy_or_institutional_trust;covid19;mandates_or_policy,False,False,True,episode_1606_clip_1,827.2,"Speakers claim Twitter previously banned criticism of COVID vaccines, framing it as free speech suppression."
3459,2,The Joe Rogan Experience,#2240 - Roger Avary & Quentin Tarantino,2024-12-10T18:00:00,1,3,0.85,mixed,misinformation_or_fact_checking;safety_or_side_effects,True,False,True,episode_3459_clip_1,6210.2,Speaker suggests deaths occurring years after vaccination are often incorrectly attributed to the vaccine rather than natural causes.
3632,16,The Charlie Kirk Show,What's the Matter With Maine?,2025-08-23T09:00:00,1,3,0.85,mixed,conspiracy_or_institutional_trust;mandates_or_policy,False,False,True,episode_3632_clip_1,2507.0,Speaker links Gen Z's return to Christianity as a reaction against vaccine mandates and other modern policies.
3733,12,Up First from NPR,"Presidential Debate Preview, Gaza Strike, NFL Player Arrest Bodycam",2024-09-10T10:24:58,1,3,0.85,neutral,other_vaccine;polio,False,False,False,episode_3733_clip_1,640.5,A polio vaccination campaign in Gaza was briefly paused due to a deadly strike in a designated humanitarian zone.
3795,17,The Tucker Carlson Show,"The Occult, Kabbalah, the Antichrist’s Newest Manifestation, and How to Avoid the Mark of the Beast",2025-10-03T17:36:00,1,3,0.85,mixed,conspiracy_or_institutional_trust;covid19;misinformation_or_fact_checking,True,False,True,episode_3795_clip_1,4760.0,Speaker recounts joking about COVID vaccines being the Mark of the Beast before pivoting to blockchain technology.
3945,2,The Joe Rogan Experience,#2212 - Jelly Roll,2024-10-11T17:00:00,1,3,0.85,mixed,conspiracy_or_institutional_trust;covid19;mandates_or_policy,False,False,True,episode_3945_clip_1,269.4,"Comedian moved to Texas due to pandemic controls, fearing permanent loss of freedom from mask and vaccine mandates."
4590,2,The Joe Rogan Experience,#2176 - Chad Daniels,2024-07-17T17:00:00,1,3,0.85,mixed,conspiracy_or_institutional_trust;safety_or_side_effects,True,False,True,episode_4590_clip_1,7209.4,"Speaker suggests the government tests unproven technologies and hazardous conditions on troops, citing vaccines and burn pits as examples."
4781,6,Morbid,The Mysterious and Tragic Death of Kenneka Jenkins,2020-06-14T03:09:59,1,3,0.85,neutral,access_or_equity;conspiracy_or_institutional_trust;polio,False,False,False,episode_4781_clip_1,2651.3,
4959,18,The Megyn Kelly Show,"Maureen Callahan on Michelle Obama, Mark Halperin on Future of the Dems, Link Lauren with Zachary Levi: MK Media Highlights",2025-06-14T18:00:00,1,3,0.85,mixed,conspiracy_or_institutional_trust;mandates_or_policy,False,False,True,episode_4959_clip_1,3613.8,"Speaker criticizes Gavin Newsom for mandating masks and vaccines while allegedly violating rules himself, citing hypocrisy."
5650,19,Pod Save America,"Trump ""Proudly"" Supports Abortion Bans",2024-04-09T07:00:00,1,3,0.85,mixed,conspiracy_or_institutional_trust;covid19;personal_decision_or_uptake,False,False,True,episode_5650_clip_1,2056.4,Brief mention of Trump and RFK Jr. sharing anti-vaccine sentiments in the context of election strategy.
5886,18,The Megyn Kelly Show,"Smug Elitists at Oscars, and What Zelensky Really Did Leading to Oval Blow Up, with Andrew Klavan, Link Lauren, and Christian Toto | Ep. 1017",2025-03-03T19:57:09,1,3,0.85,mixed,covid19;mandates_or_policy;personal_decision_or_uptake,False,False,True,episode_5886_clip_1,5762.8,"Speaker criticizes pandemic restrictions and vaccine passport requirements, arguing that loss of freedom is worse than death."
5993,18,The Megyn Kelly Show,"Unhinged Left Screams About Elon and Trump, and Trump Gets Detained American Released, with Adam Carolla and Ana Kasparian | Ep. 1006",2025-02-12T20:15:22,1,3,0.85,neutral,covid19;development_or_approval;mandates_or_policy,False,False,True,episode_5993_clip_1,5169.2,"Speaker suggests Trump already aided pharma via Operation Warp Speed and vaccine liability shields, so further protection is unnecessary."
6001,17,The Tucker Carlson Show,Tucker Carlson and Michael Shellenberger Break Down the California Fires,2025-01-14T00:10:00,1,3,0.85,neutral,conspiracy_or_institutional_trust;other_vaccine,True,False,True,episode_6001_clip_1,5950.0,Mentions Ukrainian bio-labs working on biological weapons and livestock vaccines in the context of secrecy and corruption.
6040,18,The Megyn Kelly Show,"Tariff Threats Get Results, and Absurdity at Grammys and DNC Conference, with Ric Grenell, Stu Burguiere, and Coach Tuberville | Ep. 998",2025-02-03T20:28:38,1,3,0.85,mixed,mandates_or_policy;other_vaccine;personal_decision_or_uptake,False,False,True,episode_6040_clip_1,6362.7,"Speaker argues RFK Jr.'s role extends beyond vaccines to food and healthcare, despite public focus on his vaccine views."
6052,24,The Shawn Ryan Show,"#241 Ruslan KD - Ex-Atheist Breaks Down Israel, End Times & Why 48% of Gen Z is Jesus Curious",2025-10-02T10:00:00,1,3,0.85,mixed,covid19;safety_or_side_effects,False,False,True,episode_6052_clip_1,6152.7,Mentions potential vaccine injury alongside lockdown trauma as factors contributing to public confusion and binary thinking.
6106,22,Wait Wait... Don't Tell Me!,WWDTM: Governor Whitmer,2024-11-16T08:00:59,1,3,0.85,mixed,conspiracy_or_institutional_trust;misinformation_or_fact_checking,False,True,True,episode_6106_clip_1,256.5,"Comedians joke that RFK Jr. is unfit for HHS due to past anti-vaccine views, comparing him to a brainworm."
6114,19,Pod Save America,The JV Republican Debate (Preview),2023-08-22T07:00:00,1,3,0.85,mixed,conspiracy_or_institutional_trust;misinformation_or_fact_checking;personal_decision_or_uptake,False,True,True,episode_6114_clip_1,2380.0,"Hosts note RFK Jr.'s popularity despite anti-vaccine views, contrasting him with Mike Pence."
6172,18,The Megyn Kelly Show,"Media Obsessed with January 6 To Smear Trump Supporters, and Biden's Bizarre Outburst, with Ben Shapiro and Glenn Greenwald | Ep. 976",2025-01-06T20:29:41,1,3,0.85,supportive,conspiracy_or_institutional_trust;mandates_or_policy;safety_or_side_effects,True,False,True,episode_6172_clip_1,1190.0,Speaker lists forced vaccination with unvetted vaccines as an example of a Western revolt against common sense and being misled.
6496,2,The Joe Rogan Experience,#2033 - Matt Rife,2023-09-12T17:00:00,1,3,0.85,mixed,conspiracy_or_institutional_trust;efficacy_or_immunity;safety_or_side_effects,False,False,False,episode_6496_clip_1,3570.0,
6560,2,The Joe Rogan Experience,#2027 - Oliver Anthony,2023-08-30T17:00:00,1,3,0.85,mixed,conspiracy_or_institutional_trust;covid19;efficacy_or_immunity,False,False,True,episode_6560_clip_1,7225.2,Speakers question whether Trump could verify mRNA vaccine efficacy given his workload.
6758,19,Pod Save America,"""OK, Groomer.""",2022-04-07T21:21:00,1,3,0.85,neutral,covid19;efficacy_or_immunity;mandates_or_policy,False,True,True,episode_6758_clip_1,290.8,"Speakers argue Title 42 lacks public health rationale, stating vaccines and boosters are the effective way to handle Omicron."
6920,23,The Rest Is History,400. Victorian Britain's Maddest Mystery,2023-12-18T00:10:00,1,3,0.85,neutral,conspiracy_or_institutional_trust;misinformation_or_fact_checking;other_vaccine,False,False,False,episode_6920_clip_1,1875.5,
7055,19,Pod Save America,“The fun part.”,2021-09-30T21:19:00,1,3,0.85,mixed,covid19;development_or_approval;mandates_or_policy,False,False,True,episode_7055_clip_1,2226.7,
7507,22,Wait Wait... Don't Tell Me!,Adam Scott,2022-05-07T16:01:43,1,3,0.85,neutral,development_or_approval;other_vaccine,False,False,False,episode_7507_clip_2,2741.5,Quiz question references volunteers drinking dysentery smoothie to help develop a new vaccine.
7523,2,The Joe Rogan Experience,#1941 - Bridget Phetasy,2023-02-15T18:00:00,1,3,0.85,mixed,conspiracy_or_institutional_trust;mandates_or_policy;personal_decision_or_uptake,False,False,True,episode_7523_clip_1,3868.0,Speakers argue Canadian truckers were wrongly labeled far-right for opposing mandatory medical procedures to keep jobs.
7675,18,The Megyn Kelly Show,"Predators Exposed at Nickelodeon, and Democrats Abandoning the Working Class, with Alexa Nikolas and Batya Ungar-Sargon | Ep. 751",2024-03-27T18:55:29,1,3,0.85,mixed,covid19;efficacy_or_immunity;misinformation_or_fact_checking,False,False,True,episode_7675_clip_1,3850.2,"Speaker argues rural voters were right to deny vaccines would stop spread, framing it as valid skepticism against elites."
7826,19,Pod Save America,“High on Bernie.”,2020-04-20T20:47:11,1,3,0.85,neutral,covid19;efficacy_or_immunity;personal_decision_or_uptake,False,False,True,episode_7826_clip_1,967.0,Speakers argue fear of infection without a vaccine hinders economic recovery and normal activity.
7920,2,The Joe Rogan Experience,#1907 - Protect Our Parks 6,2022-12-07T18:00:00,1,3,0.85,mixed,conspiracy_or_institutional_trust;covid19;misinformation_or_fact_checking;safety_or_side_effects,False,False,True,episode_7920_clip_1,758.6,Speakers joke that dementia will be blamed on not taking the vaccine and discuss narratives around anti-Semitism and public figures.
8281,17,The Tucker Carlson Show,"Danica Patrick: Life After Racing, Conspiracy Theories and the Search for Truth",2024-05-26T16:00:00,1,3,0.85,mixed,conspiracy_or_institutional_trust;covid19;personal_decision_or_uptake,False,False,True,episode_8281_clip_1,2380.0,Guest describes how the vaccine issue caused political realignment and revealed perceived corruption or propaganda.
8336,2,The Joe Rogan Experience,#1872 - Tony Hinchcliffe & Hans Kim,2022-09-20T17:00:00,1,3,0.85,mixed,covid19;efficacy_or_immunity,False,False,True,episode_8336_clip_2,8925.0,"Speakers mock individuals listing booster status on social media who subsequently contracted COVID, questioning vaccine assumptions."
8869,2,The Joe Rogan Experience,#1831 - Colion Noir,2022-06-14T17:00:00,1,3,0.85,mixed,covid19;mandates_or_policy;personal_decision_or_uptake,False,False,True,episode_8869_clip_1,10865.6,"Speaker recounts a video where someone threatened to shoot people refusing vaccination during lockdowns, using it to argue against trusting government power."
8915,2,The Joe Rogan Experience,#1827 - Kristin Beck,2022-06-01T17:00:00,1,3,0.85,mixed,conspiracy_or_institutional_trust;development_or_approval,True,False,False,episode_8915_clip_1,3967.4,
9048,8,The MeidasTouch Podcast,MAGA Mike Gets Bad News as Bill Blows Up on Live TV,2025-05-26T14:00:00,1,3,0.85,neutral,covid19;mandates_or_policy;misinformation_or_fact_checking;mmr_measles,False,True,True,episode_9048_clip_1,1050.3,
9196,19,Pod Save America,“Smartass.”,2018-03-28T10:00:00,1,3,0.85,neutral,access_or_equity;development_or_approval;hpv,False,False,False,episode_9196_clip_1,3570.0,
9222,17,The Tucker Carlson Show,The Iowa Results,2024-01-16T15:12:00,1,3,0.85,mixed,conspiracy_or_institutional_trust;mandates_or_policy,False,False,True,episode_9222_clip_1,631.7,
9238,24,The Shawn Ryan Show,#144 Erik Bethel - World Bank Director,2024-11-11T11:00:00,1,3,0.85,critical,conspiracy_or_institutional_trust;covid19;mandates_or_policy,False,False,True,episode_9238_clip_1,1560.5,"Hypothetical scenario where CBDCs restrict purchases based on COVID booster status, illustrating fear of government control."
10469,18,The Megyn Kelly Show,"San Fran's Reparations, Today Show COVID Freakout, and Gisele Fetterman's Vacation, with the Ruthless Podcast Hosts | Ep. 502",2023-02-28T20:27:55,1,3,0.85,mixed,covid19;efficacy_or_immunity;misinformation_or_fact_checking,True,False,True,episode_10469_clip_1,2259.1,Host mocks COVID protocols and implies vaccinated individuals still contract and spread the virus rapidly despite boosters.
10641,18,The Megyn Kelly Show,"Don Lemon Allegedly “Screamed” at Co-Host, and a Must-Hear Debate on the Alex Murdaugh Trial, with Jesse Kelly, Vinnie Politan, Steve Gosney, and Amy Hamm | Ep. 486",2023-02-03T19:53:02,1,3,0.85,neutral,access_or_equity;mandates_or_policy,False,False,True,episode_10641_clip_1,4900.9,"A nurse guest notes that many Canadian nurses were fired for not being vaccinated, contributing to staffing shortages."
10646,30,Candace,Trump Shuts Down Epstein Questions. Elon Musk Names Names. | Candace Ep 212,2025-07-08T22:42:00,1,3,0.85,mixed,conspiracy_or_institutional_trust;covid19;misinformation_or_fact_checking,True,False,True,episode_10646_clip_1,2775.2,Speaker suggests Hollywood actors were used as government propagandists to push COVID vaccines during the pandemic.
10659,30,Candace,BREAKING NEWS: I Just Got Subpoenaed By Blake Lively And Ryan Reynolds | Candace Ep 209,2025-07-01T21:25:00,1,3,0.85,mixed,conspiracy_or_institutional_trust;covid19;safety_or_side_effects,True,False,True,episode_10659_clip_1,1647.3,Speaker mocks 'double vaxxed' individuals and social distancing as blind obedience to a 'cult of science' and fear-mongering.
11028,18,The Megyn Kelly Show,"SBF Arrested, and Trans Activism in Media and Culture, with Victor Davis Hanson, Abigail Shrier, and James Murphy | Ep. 453",2022-12-14T19:50:28,1,3,0.85,mixed,conspiracy_or_institutional_trust;covid19;mandates_or_policy;safety_or_side_effects,False,False,True,episode_11028_clip_1,3879.8,Mentions DeSantis investigating drug companies for allegedly misleading the public about COVID vaccines as part of his political platform.
11203,30,Candace,Piers Morgan x Candace Owens | Candace Ep 123,2024-12-18T20:32:45,1,3,0.85,mixed,conspiracy_or_institutional_trust;misinformation_or_fact_checking,False,False,True,episode_11203_clip_1,707.1,Speaker metaphorically describes Trump and Musk as a vaccine against the 'woke mind virus'.
11252,28,REAL AF with Andy Frisella,"823. Andy & DJ CTI: Mysterious Drones Spotted Over New Jersey, Daniel Penny Acquitted & Luigi Mangiones' Fatal Shooting Of UnitedHealthcare CEO Brian Thompson",2024-12-17T10:00:00,1,3,0.85,mixed,conspiracy_or_institutional_trust;covid19;safety_or_side_effects,False,False,True,episode_11252_clip_1,2444.0,Speaker links public anger at healthcare CEO to forced vaccination and uncovered vaccine injuries during the pandemic.
11444,30,Candace,BREAKING! Diddy Private Investigators Offer Money To Influencers | Candace Ep 106,2024-11-19T22:45:00,1,3,0.85,mixed,covid19;misinformation_or_fact_checking;safety_or_side_effects,False,False,True,episode_11444_clip_1,2658.8,"Host announces upcoming series on vaccines and birth control, implying current information is insufficient or misleading."
11581,28,REAL AF with Andy Frisella,"788. Andy & DJ CTI: Hurricane Helene Aftermath, Border Patrol Unions Calls Out Kamala & Mayor Eric Adams Pledges To 'Reign' Not Resign",2024-10-01T09:00:00,1,3,0.85,supportive,conspiracy_or_institutional_trust;covid19;mandates_or_policy,False,False,True,episode_11581_clip_1,3363.1,
11767,8,The MeidasTouch Podcast,Canada MP Destroys Trump as Canada Resists,2025-03-10T13:00:00,1,3,0.85,supportive,covid19;mandates_or_policy;personal_decision_or_uptake,False,True,True,episode_11767_clip_1,291.7,Speaker notes Canadian political shift against anti-vaccine mandates after observing US chaos and measles outbreaks.
12514,30,Candace,Russell Brand & I Are Going To Break The Internet | Candace Ep 22,2024-07-10T20:30:00,1,3,0.85,mixed,conspiracy_or_institutional_trust;covid19;mandates_or_policy,True,False,True,episode_12514_clip_1,1567.2,Claims actors are puppets of the establishment who are told when to promote COVID vaccines or support political figures like Biden.
12617,8,The MeidasTouch Podcast,Trump Voters Get Destroyed by his Latest Order,2025-02-10T22:22:00,1,3,0.85,supportive,misinformation_or_fact_checking;mmr_measles;personal_decision_or_uptake,False,True,True,episode_12617_clip_1,168.1,Speaker links measles outbreaks in Texas to low vaccination rates in counties that voted for Trump.
12627,28,REAL AF with Andy Frisella,"653. Andy & DJ CTI: Media Admits Biden Was Involved In ""Americore"" Deal, Truckers For Trump Boycotting Driving In New York City & The Life And Death Of Alexei Navalny",2024-02-20T10:00:00,1,3,0.85,supportive,covid19;misinformation_or_fact_checking;safety_or_side_effects,True,False,True,episode_12627_clip_1,3337.6,Speakers joke that a Russian leader's death by sudden death syndrome implies he must have been vaccinated.
12787,18,The Megyn Kelly Show,"Smith's Slap Fallout and Dems and Unions Coziness, with Sen. Tim Scott, Arthur Aidala, Mark Eiglarsh, and Lee Smith | Ep. 289",2022-03-30T18:54:38,1,3,0.85,mixed,conspiracy_or_institutional_trust;covid19;mandates_or_policy,True,False,True,episode_12787_clip_1,2509.3,Guest links vaccine mandates to broader claims of leadership loyalty to the Chinese Communist Party.
12921,18,The Megyn Kelly Show,"Biden's Gas Price Spin and Putin's Motive and Opportunity, with Sen. Josh Hawley, Admiral James Stavridis, Vinnie Politan and Robert Barnes | Ep. 277",2022-03-10T20:24:59,1,3,0.85,neutral,covid19;mandates_or_policy,False,False,True,episode_12921_clip_1,935.1,Mentions job losses attributed to vaccine mandates and government penalties during the pandemic.
13327,34,Finding Peak with Ryan Hanley,RHS 132 - The Power Brokers on the Future of Insurtech,2022-02-03T10:00:00,1,3,0.85,mixed,covid19;efficacy_or_immunity;safety_or_side_effects,False,False,False,episode_13327_clip_1,332.9,
13433,2,The Joe Rogan Experience,#1615 - Hamilton Morris,2021-03-04T18:00:00,1,3,0.85,mixed,covid19;development_or_approval;efficacy_or_immunity;misinformation_or_fact_checking,False,False,True,episode_13433_clip_1,851.0,"Discussion contrasts pharmaceutical interventions like vaccines with nutrient-based immune support, mentioning politicization of treatments."
13811,28,REAL AF with Andy Frisella,"527. Andy & DJ CTI: Apple's Mixed-Reality Headset, Informant 'Will Be Killed' & Ukraine Accuses Russia Of Destroying Dam",2023-06-07T09:00:00,1,3,0.85,mixed,conspiracy_or_institutional_trust;personal_decision_or_uptake,True,False,True,episode_13811_clip_1,1637.3,Speaker quotes Bill Gates saying people have no choice regarding vaccines to illustrate elite arrogance.
14046,24,The Shawn Ryan Show,"#75 Nick Freitas - Woke Schooling, Identity Crisis, National Divorce and Parenting Advice",2023-09-18T10:00:00,1,3,0.85,mixed,conspiracy_or_institutional_trust;mandates_or_policy;personal_decision_or_uptake,False,False,True,episode_14046_clip_1,2975.0,"Speaker advocates building communities to resist government control, citing vaccine entry requirements as a threat."
14062,28,REAL AF with Andy Frisella,497. Part 1 - Andy & DJ CTI: Nashville Cops Should Receive White House Honors & Former President Trump Under Arrest,2023-04-06T09:00:00,1,3,0.85,mixed,conspiracy_or_institutional_trust;covid19;safety_or_side_effects,True,False,True,episode_14062_clip_1,3403.8,Speaker speculates Trump may be playing along with authorities and questions why he promoted vaccines if they are harmful.
14162,2,The Joe Rogan Experience,#1572 - Moxie Marlinspike,2020-12-01T18:00:00,1,3,0.85,neutral,conspiracy_or_institutional_trust;misinformation_or_fact_checking,False,False,False,episode_14162_clip_1,6234.9,Speaker reflects on how open publishing enabled spread of anti-vax and flat earth theories alongside valid information.
14273,2,The Joe Rogan Experience,#1563 - Tony Hinchcliffe,2020-11-12T18:00:00,1,3,0.85,mixed,covid19;safety_or_side_effects,True,False,False,episode_14273_clip_1,7236.8,Speaker claims Pfizer vaccine causes horrific headaches and hangovers worse than their mild COVID experience.
14333,28,REAL AF with Andy Frisella,"462. Q&AF: Aggressive Patience, Improve Your Social Skills & Avoid Getting Laid Off",2023-01-26T10:00:00,1,3,0.85,supportive,conspiracy_or_institutional_trust;mandates_or_policy,False,False,True,episode_14333_clip_1,2033.4,"Speaker claims companies pushing vaccines violated freedoms, leading to consumer rejection and layoffs."
14616,18,The Megyn Kelly Show,"Clay Travis and Buck Sexton on Political Double Standards, COVID Hypocrisy, and Following Rush Limbaugh | Ep. 118",2021-06-21T08:00:00,1,3,0.85,mixed,conspiracy_or_institutional_trust;covid19;misinformation_or_fact_checking,False,False,True,episode_14616_clip_1,2143.9,Speakers criticize celebrity vaccine PSAs and question reliance on experts versus media figures.
14745,28,REAL AF with Andy Frisella,"398. Q&AF: Promoting Healthy Competition Amongst Employees, Supporting Child’s Entrepreneurial Ambition & Evaluating Your Circle Of Friends",2022-10-17T09:00:00,1,3,0.85,mixed,conspiracy_or_institutional_trust;covid19;mandates_or_policy,False,False,True,episode_14745_clip_1,115.0,
14827,18,The Megyn Kelly Show,"Climate Truth: Climate Change Alarmism and Reality, with Michael Shellenberger and Benji Backer | Ep. 94",2021-04-26T08:00:00,1,3,0.85,neutral,covid19;development_or_approval;other_vaccine,False,False,False,episode_14827_clip_1,3813.4,"Speaker identifies as pandemic alarmist, praises Gates' vaccine work, but rejects climate geoengineering."
15011,28,REAL AF with Andy Frisella,"371. Q&AF: Advertising In Other Avenues Outside Of Social Media, Getting Off Depression Medication & Having A Nothing To Lose Mentality",2022-09-06T09:00:56,1,3,0.85,supportive,conspiracy_or_institutional_trust;covid19;safety_or_side_effects,False,False,True,episode_15011_clip_1,1299.1,Speaker cites distrust in government science due to vaccine handling as a reason for questioning antidepressant validity.
15040,2,The Joe Rogan Experience,#1503 - Josh Barnett,2020-07-07T00:00:00,1,3,0.85,mixed,covid19;development_or_approval;efficacy_or_immunity,True,False,False,episode_15040_clip_1,9798.3,Speaker suggests a North American vaccine might not work on Indian strains due to significant viral differences.
15310,28,REAL AF with Andy Frisella,"346. Andy & DJ CTI: Disney Caves To Far Left, US officially Enters Recession & North Korea Threatens Nukes",2022-07-29T09:00:31,1,3,0.85,mixed,covid19;efficacy_or_immunity;misinformation_or_fact_checking,False,False,True,episode_15310_clip_1,1190.0,Speakers dismiss the phrase 'pandemic of the unvaccinated' as a lie and part of manipulative language normalization.
15370,2,The Joe Rogan Experience,#1481 - Adam Eget,2020-05-26T00:00:00,1,3,0.85,neutral,covid19;development_or_approval;safety_or_side_effects,False,False,False,episode_15370_clip_1,4760.0,"Speakers discuss mRNA vaccine technology, joking about superhero transformations while acknowledging limited understanding."
15426,18,The Megyn Kelly Show,"Rep. Dan Crenshaw on Election Challenges, Twitter Fights and Victimhood | Ep. 35",2020-12-09T10:00:00,1,3,0.85,mixed,covid19;development_or_approval;mandates_or_policy,False,False,True,episode_15426_clip_1,2114.9,Discussion notes upcoming vaccine availability while criticizing lockdown policies and political hypocrisy regarding pandemic restrictions.
15429,28,REAL AF with Andy Frisella,"335. Andy, Malik Deshawn & DJ CTI: Favorite Big Booty Latina, Iran May Try To Assassinate Trump & Giant Marijuana Cloud",2022-07-15T09:00:01,1,3,0.85,mixed,conspiracy_or_institutional_trust;safety_or_side_effects,False,False,True,episode_15429_clip_1,2133.7,
15665,2,The Joe Rogan Experience,#1456 - Michael Shermer,2020-04-09T19:00:00,1,3,0.85,neutral,covid19;influenza;safety_or_side_effects,False,False,False,episode_15665_clip_1,922.2,Speaker suggests society may need to get annual flu shots for a mutated strain of coronavirus permanently.
16113,28,REAL AF with Andy Frisella,"252. Andy & DJ CTI: Man Kicked Off Delta For Sweater, Facebook Allowing Posts Calling For Violence Against Russia & Bioresearch In Ukraine",2022-03-12T10:00:50,1,3,0.85,mixed,conspiracy_or_institutional_trust;covid19;mandates_or_policy,True,False,True,episode_16113_clip_1,1587.0,Speaker equates allowing hate speech with supporting vaccine camps for unvaccinated citizens.
16880,42,Armchair Expert with Dax Shepard,Nick Kroll Returns,2025-05-26T07:35:00,1,3,0.85,neutral,misinformation_or_fact_checking;other_vaccine,False,False,True,episode_16880_clip_2,3320.8,"Joke linking rotavirus pre-vaccine era to RFK Jr., implying his anti-vaccine stance is a recurring theme."
17366,8,The MeidasTouch Podcast,Trump CRASHES DOWN as Kamala CRUSHES HIM,2024-07-26T09:00:00,1,3,0.85,neutral,covid19;development_or_approval;mandates_or_policy,False,False,True,episode_17366_clip_1,765.2,Speaker claims a different administration would have handled the pandemic and vaccine rollout more effectively and transparently.
17596,45,Creating Confidence with Heather Monahan,Confidence Classic: How To RAISE Your Frequency And CREATE Opportunities You Never Knew Existed with Sales Expert Glenn Lundy,2025-04-23T09:30:00,1,3,0.85,mixed,efficacy_or_immunity;misinformation_or_fact_checking,False,False,False,episode_17596_clip_1,719.0,Speaker describes social media silos where opposing views on vaccine efficacy lead to mutual demonization.
17975,50,This Past Weekend w/ Theo Von,#605 - Memphis Crisp,2025-08-24T01:55:00,1,3,0.85,mixed,childhood_schedule;safety_or_side_effects,True,False,False,episode_17975_clip_1,3634.0,Jokingly claims a brother received so many polio shots that he contracted polio from the vaccines themselves.
18538,2,The Joe Rogan Experience,#1313 - Duncan Trussell,2019-06-18T00:00:00,1,3,0.85,mixed,conspiracy_or_institutional_trust;safety_or_side_effects,True,False,False,episode_18538_clip_1,982.3,"Speakers discuss an alleged link between autism and vaccines, citing an expert's environmental factors theory."
19044,52,Matt and Shane's Secret Podcast,"Ep 479 - Red Team Vs. Black Team (feat. Lemaire Lee, Nate Marshall, & Shawn Gardini)",2024-01-31T21:05:00,1,3,0.85,mixed,other_vaccine;safety_or_side_effects,True,False,False,episode_19044_clip_1,3607.3,"Speaker mocks 'Spike vax' commercials, implying they are vague or racially motivated without stating facts."
19095,52,Matt and Shane's Secret Podcast,Ep 473 - Sister's Hot Dog (feat. Duncan Trussell),2023-12-22T00:09:00,1,3,0.85,mixed,conspiracy_or_institutional_trust;covid19;misinformation_or_fact_checking,False,False,True,episode_19095_clip_1,1596.6,Speakers critique pandemic culture of appealing to authority and discuss public misunderstanding of scientific studies.
19132,53,The Diary Of A CEO with Steven Bartlett,Tom Aspinall: The UFC Doesn't Want You To Know This! Jon Jones Wasn't Living Like An Athlete!,2025-06-26T05:00:00,1,3,0.85,neutral,misinformation_or_fact_checking;other_vaccine;safety_or_side_effects,False,False,False,episode_19132_clip_1,6300.4,Speaker notes various theories on autism causes including vaccinations without endorsing any specific cause.
19508,52,Matt and Shane's Secret Podcast,Ep 416 - 2 Fly To Die,2022-11-02T18:54:00,1,3,0.85,mixed,personal_decision_or_uptake;safety_or_side_effects,False,False,False,episode_19508_clip_1,1264.8,"Speaker expresses regret over getting vaccinated, fears having myocarditis, and justifies decision via faith rather than science."
22029,46,Pardon My Take,"NFL Week 4, Fastest 2 Minutes, The Bills Whomp The Dolphins, Hank Faces Reality And More",2023-10-02T07:50:35,1,3,0.85,mixed,conspiracy_or_institutional_trust;misinformation_or_fact_checking,True,False,True,episode_22029_clip_1,753.7,Host jokes about sucking vaccines out of bodies and endorsing Aaron Rodgers' controversial science.
22095,46,Pardon My Take,"NFL Week 2, Fastest 2 Minutes, Justin Fields Is Not The Guy, Commanders 2-0, Cowboys Rolling And Hank Watches The End Of The Patriots Game",2023-09-18T07:40:13,1,3,0.85,mixed,conspiracy_or_institutional_trust;misinformation_or_fact_checking,True,False,True,episode_22095_clip_1,6545.0,Host jokes about sucking vaccines out of his body if Aaron Rodgers returns to play.
4947,19,Pod Save America,Kamala’s Closing Argument (feat. AOC),2024-10-30T20:58:06,1,3,0.82,mixed,mandates_or_policy;personal_decision_or_uptake,False,False,True,episode_4947_clip_1,0.0,Hosts mention Trump's plan to put RFK Jr. in charge of vaccines as a campaign stake.
41,2,The Joe Rogan Experience,#2390 - Jack Carr,2025-10-08T17:00:00,1,3,0.8,mixed,childhood_schedule;covid19;mandates_or_policy,False,False,True,episode_41_clip_1,6859.9,"Speaker criticizes Gavin Newsom for mandating vaccines for kids, claiming they did not need them."
2534,2,The Joe Rogan Experience,#2271 - John Reeves,2025-02-11T18:00:00,1,3,0.8,mixed,covid19;misinformation_or_fact_checking;safety_or_side_effects,True,False,False,episode_2534_clip_1,4215.9,"Speaker suggests Google searches cannot reveal truth about COVID-19 vaccine injuries, implying hidden information."
3625,16,The Charlie Kirk Show,Ask Charlie Anything 236: Salvage Chicago? Recess Appointments? Catholic Converts?,2025-08-25T09:00:00,1,3,0.8,mixed,mandates_or_policy,False,False,True,episode_3625_clip_1,1785.0,Speaker lists vaccine mandates among reasons young people are leaving evangelical churches for Catholicism.
3775,2,The Joe Rogan Experience,#2222 - John Fetterman,2024-11-02T17:00:00,1,3,0.8,mixed,conspiracy_or_institutional_trust;misinformation_or_fact_checking;safety_or_side_effects,True,False,True,episode_3775_clip_1,7185.4,Speaker references Twitter Files allegations that government pressured platforms to silence COVID vaccine safety discussions.
4662,19,Pod Save America,How the Right Took Over the Media,2025-02-09T08:05:00,1,3,0.8,neutral,conspiracy_or_institutional_trust;misinformation_or_fact_checking,False,False,True,episode_4662_clip_1,1615.0,Speaker notes RFK Jr. likely believes his own statements about vaccines while discussing political misinformation bubbles.
4683,18,The Megyn Kelly Show,"CBS Cancels Colbert, WSJ's Epstein-Trump Nothingburger, and Barbara Walters' Complicated Legacy, with Maureen Callahan | Ep. 1111",2025-07-18T19:41:19,1,3,0.8,mixed,covid19;misinformation_or_fact_checking,False,False,True,episode_4683_clip_1,1954.1,"Speaker criticizes Stephen Colbert for dancing with vaccine needles during the pandemic, calling it controversial."
5355,17,The Tucker Carlson Show,"Andrew Isker: Building a Christian Refuge to Fight Wokeness, Transgenderism, and Paganism",2025-03-31T19:02:00,1,3,0.8,mixed,conspiracy_or_institutional_trust;covid19;personal_decision_or_uptake,False,False,True,episode_5355_clip_1,5757.0,Speaker notes that evangelical skeptics are attacked for having skepticism about the vaccine among other issues.
6404,19,Pod Save America,"""Kook-ing With Gas.""",2023-01-19T22:37:31,1,3,0.8,neutral,conspiracy_or_institutional_trust;mandates_or_policy,False,False,True,episode_6404_clip_1,1439.1,Host mentions an anti-vax election denier being appointed to chair the Homeland Security committee.
6668,2,The Joe Rogan Experience,#2018 - Post Malone,2023-08-08T17:00:00,1,3,0.8,critical,conspiracy_or_institutional_trust;mandates_or_policy,False,False,True,episode_6668_clip_1,11900.0,Speakers discuss government freezing bank accounts of those who donated to protests against vaccine mandates.
7191,2,The Joe Rogan Experience,#1969 - Sam Tallent,2023-04-12T17:00:00,1,3,0.8,mixed,conspiracy_or_institutional_trust;misinformation_or_fact_checking,False,False,True,episode_7191_clip_1,9119.3,
8284,19,Pod Save America,“Impeachment: we’re in it.”,2019-08-12T20:54:35,1,3,0.8,mixed,conspiracy_or_institutional_trust;misinformation_or_fact_checking;other_vaccine,False,True,True,episode_8284_clip_1,1955.2,Host notes Trump's past involvement in conspiracy theories around vaccines which have allegedly killed children.
8795,2,The Joe Rogan Experience,JRE MMA Show #126 with Eryk Anders,2022-06-29T17:00:00,1,3,0.8,mixed,conspiracy_or_institutional_trust;development_or_approval,False,False,True,episode_8795_clip_1,7806.8,"Speakers contrast rapid vaccine approval with slow stem cell approval, implying regulatory inconsistency."
8910,17,The Tucker Carlson Show,Chris Cuomo,2024-03-11T23:00:00,1,3,0.8,mixed,conspiracy_or_institutional_trust;covid19;mandates_or_policy,False,False,True,episode_8910_clip_1,3111.4,
9166,28,REAL AF with Andy Frisella,"906. Andy & DJ CTI: Trump Arrives In Kerrville, Texas Following Fatal Floods, Immigration Operation At California Cannabis Farms & Rep. Crockett Slammed For Calling GOP 'Inherently Violent'",2025-07-12T09:00:00,1,3,0.8,mixed,conspiracy_or_institutional_trust;personal_decision_or_uptake,False,False,True,episode_9166_clip_1,1837.2,"Speaker mocks certainty of others regarding COVID, implying vaccination was a result of lack of critical thinking."
10558,30,Candace,"Yes, Trump WILL Pardon Ghislaine Maxwell. | Candace Ep 225",2025-08-06T23:10:00,1,3,0.8,mixed,conspiracy_or_institutional_trust,False,False,True,episode_10558_clip_1,473.8,Speaker speculates RFK Jr. was sent to 'clean up vaccines' but is being controlled to focus on other topics like anti-Semitism.
11038,32,Money Rehab with Nicole Lapin,"Wall Street News Roundup: IPO Winter is Over, RFK vs Tylenol and Interest Rates",2025-09-10T14:53:00,1,3,0.8,neutral,conspiracy_or_institutional_trust;other_vaccine;safety_or_side_effects,False,False,True,episode_11038_clip_1,361.3,"Reports on RFK Jr.'s planned report linking Tylenol to autism, noting market impact and confusion, distinct from vaccine discussion but related to pharma trust."
11186,18,The Megyn Kelly Show,"Alec Baldwin ""Rust"" Movie Set Deadly Shooting: Deep Dive Into All Legal Angles, with Viva Frei | Ep. 441",2022-11-23T19:00:00,1,3,0.8,mixed,conspiracy_or_institutional_trust;covid19;misinformation_or_fact_checking,False,False,True,episode_11186_clip_1,3570.0,"Host speculates media would treat vaccine side effect investigations differently if politics differed, citing FTX donor's pandemic funding as propaganda."
11232,30,Candace,Brett Cooper OUT At The Daily Wire | Candace Ep 120,2024-12-13T22:18:57,1,3,0.8,neutral,covid19;mandates_or_policy;personal_decision_or_uptake,False,False,True,episode_11232_clip_1,1794.7,Mentions Novak Djokovic's Australian visa ban due to vaccine refusal and how it triggered an automatic New Zealand ban later overturned.
11540,18,The Megyn Kelly Show,"Meghan and Harry's Neediness and Disloyalty, and New Free Speech Case, with Tom Bower and Lorie Smith | Ep. 407",2022-10-07T19:07:07,1,3,0.8,mixed,conspiracy_or_institutional_trust;mandates_or_policy;misinformation_or_fact_checking,False,True,True,episode_11540_clip_1,4816.8,Discussion of California laws restricting doctor speech on vaccine misinformation and broader free speech crackdowns in medical communities.
11570,28,REAL AF with Andy Frisella,"789. Andy & DJ CTI: JD Vance Debates Tim Walz, Iran Firing Missiles At Israel & California Outlaws Voter ID Rules",2024-10-03T09:00:00,1,3,0.8,mixed,conspiracy_or_institutional_trust;covid19;mandates_or_policy,False,False,True,episode_11570_clip_1,4003.5,"Speaker contrasts vaccine passport mandates with voter ID bans, calling Democrats traitors."
11729,18,The Megyn Kelly Show,"Trump Associates Raided, and Victimhood in America, with Sharyl Attkisson and Vivek Ramaswamy | Ep. 389",2022-09-12T19:34:33,1,3,0.8,critical,covid19;mandates_or_policy;personal_decision_or_uptake;safety_or_side_effects,False,False,True,episode_11729_clip_1,2185.3,"Speaker argues children were forced to undergo unnecessary vaccines and masks, causing social and psychological harm."
12369,18,The Megyn Kelly Show,"Outrageous Media Behavior, and Balancing White House Work and Family, with Kellyanne Conway | Ep. 330",2022-05-26T18:00:00,1,3,0.8,mixed,covid19;efficacy_or_immunity,False,False,True,episode_12369_clip_1,5592.7,"Claims three vaccines were available but variants still emerged, implying failure in handling the virus."
12621,18,The Megyn Kelly Show,"Biden Confused Again, and CNN Plus Already Getting Shut Down, with Fifth Column Hosts Kmele Foster, Michael Moynihan, and Matt Welch | Ep. 305",2022-04-21T19:20:37,1,3,0.8,supportive,covid19;mandates_or_policy;safety_or_side_effects,False,False,True,episode_12621_clip_1,275.3,"Speaker discusses a court ruling against CDC mask mandates, noting other agencies provided more reasoning for vaccine mandates."
14083,18,The Megyn Kelly Show,"Ryan Holiday on Confronting Our Fear, the Value of Being ""Difficult,"" and Courage | Ep. 177",2021-10-08T19:48:03,1,3,0.8,neutral,covid19;misinformation_or_fact_checking,False,True,True,episode_14083_clip_1,4760.0,"Anecdote about a fake doctor claiming ERs were full of unvaccinated patients and ivermectin overdoses, later debunked."
14228,8,The MeidasTouch Podcast,Trump INFLUENCE PEDDLING OP exposed in UNDER 13 MINUTES,2024-12-01T16:54:00,1,3,0.8,neutral,conspiracy_or_institutional_trust;covid19;development_or_approval,False,False,True,episode_14228_clip_1,167.4,Mentions pharmaceutical companies lobbying to counterbalance vaccine skeptic RFK Jr.'s potential role in health agency.
14281,18,The Megyn Kelly Show,"Is Newsom Done? California Recall, with Larry Elder and Caitlyn Jenner | Ep. 155",2021-09-08T19:54:48,1,3,0.8,mixed,covid19;mandates_or_policy,False,False,True,episode_14281_clip_1,3341.5,"Candidate states opposition to statewide mask and vaccine mandates, preferring local or business discretion."
16755,42,Armchair Expert with Dax Shepard,Alex Cooper,2025-06-16T07:35:00,1,3,0.8,neutral,mmr_measles;personal_decision_or_uptake,False,False,False,episode_16755_clip_1,6786.5,"Discussion of a TV show plot where an unvaccinated family contracts measles, leading to their demise."
18576,52,Matt and Shane's Secret Podcast,Ep 539 - History Hyenas of the Future (feat. Chris Distefano & Yannis Pappas),2025-01-02T13:00:00,1,3,0.8,mixed,conspiracy_or_institutional_trust;covid19;development_or_approval,True,False,False,episode_18576_clip_1,3967.8,"Speakers recount a claim that variants were manufactured to create vaccines, questioning its validity."
18818,46,Pardon My Take,"Smylie Kaufman Talking PGA Championship, Knicks Whomp The Celtics, Thunder To The WCF, Miami Marlins Kyle Stowers And Tyler Phillips In Studio And A Goodbye To Mr Bing Bong",2025-05-19T07:05:39,1,3,0.8,neutral,covid19;mandates_or_policy;personal_decision_or_uptake,False,False,False,episode_18818_clip_1,7628.4,
18928,52,Matt and Shane's Secret Podcast,Ep 495 - Pod-Cast Away,2024-05-23T20:55:00,1,3,0.8,mixed,covid19;mandates_or_policy;personal_decision_or_uptake,False,False,True,episode_18928_clip_1,2380.0,
19447,52,Matt and Shane's Secret Podcast,Ep 424 - Tick and Slug (feat. Robert Kelly),2023-01-05T21:14:00,1,3,0.8,mixed,misinformation_or_fact_checking;safety_or_side_effects,True,False,False,episode_19447_clip_1,15.1,"Speakers mention a rumor linking an athlete's cardiac arrest to being unvaccinated, questioning if such collapses are common."
19863,46,Pardon My Take,"Week 17, Fastest 2 Minutes, Commanders In The Playoffs, Joe Burrow MVP? Plus Playoff Seedings",2024-12-30T07:15:03,1,3,0.8,mixed,covid19;safety_or_side_effects,True,False,False,episode_19863_clip_1,595.0,Host jokingly asks if the vaccine caused Jimmy Carter's death.
7122,22,Wait Wait... Don't Tell Me!,"Dr. Ibram X. Kendi, a real genius",2022-10-22T16:00:08,1,3,0.75,neutral,covid19;efficacy_or_immunity,False,False,False,episode_7122_clip_2,2633.1,Quiz question states Moderna's new booster provides superior defense against the Omicron variant.
7295,2,The Joe Rogan Experience,#1960 - Andrew Schulz,2023-03-24T17:00:00,1,3,0.75,mixed,conspiracy_or_institutional_trust;misinformation_or_fact_checking,True,False,False,episode_7295_clip_1,8800.4,"Speaker references a comedian blacking out while discussing vaccines, implying a possible causal link without evidence."
7579,18,The Megyn Kelly Show,"Bizarre Pro-O.J. Simpson Spin, Media Stupidity or Lies, and Woke Eating Their Own, with Adam Carolla | Ep. 765",2024-04-12T18:50:52,1,3,0.75,neutral,conspiracy_or_institutional_trust;covid19;misinformation_or_fact_checking;safety_or_side_effects,False,True,True,episode_7579_clip_1,1785.0,Discusses how legitimate concerns about vaccine side effects or virus origins are lumped with conspiracy theories like flat earth.
8244,17,The Tucker Carlson Show,"Jeffrey Sachs: The Untold History of the Cold War, CIA Coups Around the World, and COVID’s Origin",2024-05-28T17:00:00,1,3,0.75,mixed,conspiracy_or_institutional_trust;covid19;development_or_approval,False,False,True,episode_8244_clip_1,7140.0,"Discussion of gain-of-function research and Fauci's funding, implying a link to pandemic origins and vaccine development."
8768,2,The Joe Rogan Experience,#1839 - Duncan Trussell,2022-07-05T17:00:00,1,3,0.75,neutral,covid19;development_or_approval;safety_or_side_effects,True,False,False,episode_8768_clip_1,12497.8,Speaker speculates that mRNA vaccines alter DNA and compares this to future gene editing and human enhancement technologies.
10689,30,Candace,BREAKING: The United States Of Israel Strikes Again | Candace Ep 204,2025-06-23T22:16:00,1,3,0.75,mixed,misinformation_or_fact_checking;other_vaccine,False,False,False,episode_10689_clip_1,3900.3,Speaker promotes a 'Shot in the Dark' series for new parents to learn about the vaccine industry.
11724,8,The MeidasTouch Podcast,MeidasTouch Full Podcast - 3/11/25,2025-03-11T09:00:00,1,3,0.75,critical,conspiracy_or_institutional_trust;covid19;mandates_or_policy,False,True,True,episode_11724_clip_1,163.7,"Host criticizes RFK Jr.'s nomination for HHS, labeling him anti-vaccine and anti-science amidst broader political commentary."
13220,8,The MeidasTouch Podcast,MeidasTouch RESPONDS to BREAKING NEWS before DAY 1 - 1/16/25,2025-01-17T10:00:00,1,3,0.75,mixed,covid19;efficacy_or_immunity;misinformation_or_fact_checking,True,True,True,episode_13220_clip_1,2380.0,Clip features a politician comparing COVID to the common cold and mentioning vaccinations and herd immunity.
13253,28,REAL AF with Andy Frisella,"589. Andy, Tim Young & DJ CTI: Pro-Palestinian Protesters Stage Insurrection, Sidney Powell Pleads Guilty & Victoria's Secret CEO Pulls Out From Harvard",2023-10-20T09:00:00,1,3,0.75,mixed,conspiracy_or_institutional_trust;covid19;mandates_or_policy,True,False,True,episode_13253_clip_1,2011.2,Speaker claims pandemic measures like masks led to broader societal manipulation including vaccine rollout and conflicts.
7584,19,Pod Save America,“50 Days to Joe.”,2020-09-14T21:11:12,1,3,0.7,neutral,covid19;development_or_approval;misinformation_or_fact_checking,False,False,True,episode_7584_clip_1,595.0,Speculates on potential fake vaccine announcements by the White House to influence senior voter turnout.
7284,19,Pod Save America,“March Badness.”,2021-03-29T21:38:00,4,2,0.96,neutral,conspiracy_or_institutional_trust;covid19;misinformation_or_fact_checking,False,False,True,episode_7284_clip_4,2731.2,
14774,2,The Joe Rogan Experience,#1523 - Joey Diaz & Brian Redban,2020-08-12T00:00:00,4,2,0.85,neutral,covid19;development_or_approval;other_vaccine,False,False,False,episode_14774_clip_1,858.5,"Speakers speculate on pandemic recovery timelines, mentioning hopes that everyone gets a vaccine or the virus disappears."
15922,28,REAL AF with Andy Frisella,"279. Andy & DJ CTI: Judge Strikes Down Mask Mandate, Ron DeSantis Threatens Twitter & Easter Bunny Stops Biden",2022-04-20T09:00:57,3,2,0.99,mixed,conspiracy_or_institutional_trust;covid19;efficacy_or_immunity;mandates_or_policy;misinformation_or_fact_checking;safety_or_side_effects,False,False,True,episode_15922_clip_2,645.4,
7378,19,Pod Save America,“There’s no ‘I’ in ‘Unity.’”,2021-01-25T22:30:00,3,2,0.95,neutral,access_or_equity;covid19;mandates_or_policy;personal_decision_or_uptake,False,False,True,episode_7378_clip_3,3255.3,
7708,22,Wait Wait... Don't Tell Me!,Brian Cox,2022-01-22T17:01:11,3,2,0.93,neutral,covid19;mandates_or_policy;safety_or_side_effects,False,False,False,episode_7708_clip_3,2665.7,
7329,19,Pod Save America,"""Bienvenidos a Orlando (with Will Smith!)""",2021-03-01T22:25:00,2,2,0.97,neutral,covid19;mandates_or_policy;personal_decision_or_uptake,False,False,True,episode_7329_clip_1,142.7,
3664,16,The Charlie Kirk Show,Watch the Master: Trump Seeks Ukraine Peace at the White House,2025-08-18T21:07:17,2,2,0.96,mixed,conspiracy_or_institutional_trust;covid19;mandates_or_policy,False,False,True,episode_3664_clip_1,2720.6,
291,8,The MeidasTouch Podcast,Major Red Flags Surface After Trump Hospital Report Released,2025-10-11T09:00:00,2,2,0.95,neutral,covid19;influenza;other_vaccine;personal_decision_or_uptake,False,False,True,episode_291_clip_1,313.7,The excerpt notes Trump received flu and COVID boosters while criticizing his health report.
7589,19,Pod Save America,“Trump’s Covid confessions.”,2020-09-10T20:41:38,2,2,0.95,neutral,conspiracy_or_institutional_trust;covid19;development_or_approval,False,False,True,episode_7589_clip_1,988.6,Speakers argue Kamala Harris was right to demand scientific proof of vaccine safety given Trump's history of lying.
7919,22,Wait Wait... Don't Tell Me!,Larry Krasner,2021-08-07T16:00:15,2,2,0.95,neutral,childhood_schedule;covid19;efficacy_or_immunity;other_vaccine,False,False,False,episode_7919_clip_3,2449.3,News quiz segment notes the US reached a goal of 70% of the population having at least one COVID vaccination shot.
8027,22,Wait Wait... Don't Tell Me!,Senator Elizabeth Warren,2021-05-15T16:00:08,2,2,0.95,neutral,access_or_equity;childhood_schedule;covid19;safety_or_side_effects,False,False,False,episode_8027_clip_2,2199.2,Comedy segment jokes about Dracula's castle offering free COVID vaccines to encourage inoculation.
10739,8,The MeidasTouch Podcast,"Meidas Health, Episode 4:  Why Trump’s WHO Exit Puts Us All at Risk (Dr. Van Kerkhove)",2025-04-17T23:30:00,2,2,0.95,neutral,access_or_equity;covid19;development_or_approval;efficacy_or_immunity;influenza,False,False,False,episode_10739_clip_1,148.7,
5942,2,The Joe Rogan Experience,#2087 - Ron White,2024-01-16T18:00:00,2,2,0.92,mixed,covid19;personal_decision_or_uptake,False,False,True,episode_5942_clip_1,2220.1,Speaker notes some people laughed at deaths to avoid getting vaccinated for COVID.
5354,20,SmartLess,"""Chelsea Handler""",2021-10-18T07:01:00,2,2,0.9,neutral,covid19;personal_decision_or_uptake,False,False,False,episode_5354_clip_1,117.6,Host and guest joke about the name of a comedy tour titled 'Vaccinated and Horny'.
5679,22,Wait Wait... Don't Tell Me!,WWDTM: Live at Tanglewood with Paul Giamatti!,2025-08-30T08:00:00,2,2,0.9,neutral,covid19;development_or_approval;personal_decision_or_uptake,False,False,False,episode_5679_clip_2,2477.3,Quiz item states the FDA approved updated COVID vaccines for select groups.
5895,8,The MeidasTouch Podcast,MeidasTouch Full Podcast - 8/8/25,2025-08-08T09:00:00,2,2,0.9,mixed,development_or_approval;mandates_or_policy;other_vaccine,False,False,True,episode_5895_clip_1,402.6,Speaker claims the Trump regime is attacking mRNA vaccines and defunding them despite prior administration support.
7363,19,Pod Save America,“Party of Q.”,2021-02-04T22:12:00,2,2,0.9,neutral,covid19;mandates_or_policy,False,False,True,episode_7363_clip_1,595.0,
7430,19,Pod Save America,“The Mitch Who Stole Christmas.”,2020-12-10T22:52:21,2,2,0.9,neutral,access_or_equity;covid19;development_or_approval;mandates_or_policy,False,False,True,episode_7430_clip_1,109.4,Mention of $6 billion for vaccine development/distribution in proposed relief bill blocked by McConnell.
7538,22,Wait Wait... Don't Tell Me!,Stephen Merchant,2022-04-23T15:56:06,2,2,0.9,neutral,covid19;efficacy_or_immunity,False,False,False,episode_7538_clip_3,2656.0,
7611,19,Pod Save America,“Well that was terrible.”,2020-08-28T22:06:50,2,2,0.9,neutral,covid19;development_or_approval,False,False,True,episode_7611_clip_1,1278.0,Trump claimed a safe and effective vaccine would be available this year.
7808,19,Pod Save America,“Veepstakes!”,2020-05-04T20:43:15,2,2,0.9,neutral,access_or_equity;covid19;development_or_approval;efficacy_or_immunity,False,False,True,episode_7808_clip_1,667.9,Discusses China's potential role in manufacturing COVID vaccines and the need for global cooperation.
7981,24,The Shawn Ryan Show,#179 Paul Saladino - The FDA Approved Poison You Eat Every Day,2025-03-05T11:00:00,2,2,0.9,mixed;neutral,conspiracy_or_institutional_trust;covid19;other_vaccine;safety_or_side_effects,False,False,False,episode_7981_clip_2,10243.2,Speaker states we do not need 'AI vaccines' and should instead focus on diet to fix health issues.
12994,2,The Joe Rogan Experience,#1638 - Dr. Shanna Swan,2021-04-21T17:00:00,2,2,0.9,neutral,covid19;development_or_approval;safety_or_side_effects,False,False,False,episode_12994_clip_2,5950.0,Host notes the achievement of producing a COVID vaccine in one year despite skepticism about its possibility.
15558,2,The Joe Rogan Experience,#1470 - Elon Musk,2020-05-06T23:00:00,2,2,0.9,neutral,covid19;development_or_approval;efficacy_or_immunity;mandates_or_policy,False,False,True,episode_15558_clip_2,5012.2,"Discussion on lockdown mandates and individual freedom, noting the lack of a universally accepted vaccine or treatment at the time."
15567,2,The Joe Rogan Experience,#1469 - Adam Perry Lang,2020-05-05T00:00:00,2,2,0.9,neutral,covid19;development_or_approval;safety_or_side_effects,False,False,False,episode_15567_clip_2,4760.0,Discussion on the time required to develop a vaccine correctly and mentions ongoing human trials in Seattle.
19904,46,Pardon My Take,"Coach Jon Gruden In Studio, Week 16 Picks And Preview, Chargers Big Win, The Jets Are In Disarray Again + Fyre Fest Of The Week",2024-12-20T06:36:28,2,2,0.9,mixed;neutral,conspiracy_or_institutional_trust;covid19;personal_decision_or_uptake;safety_or_side_effects,False,False,True,episode_19904_clip_2,4165.0,"Speakers question if Aaron Rodgers is the last person caring about COVID, suggesting his views are outdated."
19942,52,Matt and Shane's Secret Podcast,Ep 375 - Puss-Fluenza (feat. Lemaire Lee),2021-12-24T20:28:00,2,2,0.9,mixed;neutral,covid19;mandates_or_policy;personal_decision_or_uptake,False,False,True,episode_19942_clip_2,2147.6,"Speaker recounts a family Christmas where relatives opposed masks and vaccines, while one liberal relative wore a mask and advocated for vaccination."
8218,17,The Tucker Carlson Show,"Tim Dillon: Disney, Boomers, and the Creepy Corporations that Pretend to Love You",2024-05-30T17:00:00,2,2,0.85,mixed;neutral,conspiracy_or_institutional_trust;covid19;personal_decision_or_uptake,False,False,True,episode_8218_clip_1,2748.0,"Speaker mocks those who claimed early concerns about COVID vaccines, implying they were dishonest."
11561,2,The Joe Rogan Experience,#1729 - Gilbert Gottfried,2021-11-04T17:00:00,2,2,0.85,neutral,covid19;personal_decision_or_uptake,False,False,False,episode_11561_clip_1,291.7,"Guest confirms receiving two shots and a booster, stating everything is fine despite previous COVID infection."
14772,18,The Megyn Kelly Show,"John McWhorter on MLK's Message, Fixing Our Culture's Focus on Race, and Nasty Words | Ep. 100",2021-05-10T08:00:00,2,2,0.85,neutral,covid19;mandates_or_policy;personal_decision_or_uptake,False,False,True,episode_14772_clip_1,2675.2,The host criticizes Justin Trudeau for focusing on a feminist recovery while allegedly failing to distribute COVID vaccines.
16515,42,Armchair Expert with Dax Shepard,Carter Sherman (on the sex recession),2025-07-30T07:35:00,2,2,0.85,neutral,mandates_or_policy,False,False,True,episode_16515_clip_2,4760.0,Speaker asserts that vaccines and science have become politicized and urges listeners to think independently rather than follow party lines.
6827,22,Wait Wait... Don't Tell Me!,WWDTM: Kaila Mullady,2023-04-15T16:00:26,1,2,0.99,neutral,covid19;other_vaccine,False,False,False,episode_6827_clip_3,2759.1,"Ghana approved a new vaccine for malaria, not COVID-19."
5223,20,SmartLess,"""David Spade""",2022-03-28T07:01:00,1,2,0.98,neutral,mandates_or_policy;personal_decision_or_uptake,False,False,False,episode_5223_clip_1,0.0,"Hosts briefly discuss regional differences in showing vaccine cards for dining, noting Chicago required it while LA did not."
6658,22,Wait Wait... Don't Tell Me!,WWDTM: Martinus Evans,2023-09-09T15:50:47,1,2,0.98,neutral,covid19;mandates_or_policy,False,False,False,episode_6658_clip_2,2588.4,News quiz segment notes healthcare facilities requiring vaccinations again due to rising COVID numbers.
7100,22,Wait Wait... Don't Tell Me!,Amber Ruffin,2022-11-05T16:26:33,1,2,0.98,neutral,covid19;development_or_approval;influenza,False,False,False,episode_7100_clip_2,2682.8,
7317,19,Pod Save America,“The Era of Big Government is Back.”,2021-03-08T22:12:00,1,2,0.98,neutral,covid19;mandates_or_policy;personal_decision_or_uptake,False,False,True,episode_7317_clip_1,1969.3,
9324,2,The Joe Rogan Experience,#1801 - David Mamet,2022-04-05T17:00:00,1,2,0.98,mixed,mandates_or_policy;personal_decision_or_uptake,False,False,True,episode_9324_clip_1,3261.4,Anecdote claims a police officer quit because a waitress demanded his vaccination card and ID.
11705,34,Finding Peak with Ryan Hanley,How I Built a $1B Business – Cameo CEO Steven Galanis,2025-03-06T12:15:00,1,2,0.98,neutral,covid19,False,False,False,episode_11705_clip_1,1879.6,Speaker describes business growth during COVID and a sharp traffic drop after the second vaccine rollout.
22447,65,The Bill Simmons Podcast,"OKC’s Revenge, NBA Cup Nitpicks, and NFL Season Fun Grades with David Jacoby, Kirk Goldsberry, Kyle Brandt, and Craig Horlbeck",2024-12-11T07:42:00,1,2,0.97,neutral,covid19;safety_or_side_effects,False,False,False,episode_22447_clip_1,3009.3,Speaker questions why his father got a COVID shot in 2024 and notes family felt ill afterward.
5732,22,Wait Wait... Don't Tell Me!,WWDTM: Laufey,2025-07-26T07:00:59,1,2,0.96,neutral,influenza;mmr_measles;safety_or_side_effects,False,False,False,episode_5732_clip_2,2569.0,Quiz question references ending thimerosal in flu shots and rising measles cases.
498,3,Crime Junkie,MURDERED: Mary Morris,2024-09-23T07:00:00,1,2,0.95,neutral,influenza;personal_decision_or_uptake,False,False,False,episode_498_clip_2,1525.7,Narrator mentions a victim may have given a friend a flu shot or allergy shot at a private clinic.
1798,8,The MeidasTouch Podcast,Fox News Panics on Air as Trump Faces Total Repudiation,2025-09-25T12:00:00,1,2,0.95,mixed,misinformation_or_fact_checking;mmr_measles;other_vaccine,False,False,True,episode_1798_clip_1,795.5,"The speaker compares an official's climate claims to hypothetical dangerous advice from Trump regarding Tylenol, MMRV, and Hepatitis B vaccines."
5063,20,SmartLess,"""Tony Hale""",2022-10-17T07:01:00,1,2,0.95,supportive,covid19;safety_or_side_effects,False,False,False,episode_5063_clip_1,0.0,Host mentions receiving a COVID booster and experiencing low energy and side effects.
5848,19,Pod Save America,Trumpworld Takes on Taylor Swift,2024-01-31T21:35:23,1,2,0.95,neutral,covid19;personal_decision_or_uptake,False,False,True,episode_5848_clip_1,2572.2,Speaker notes criticism of Travis Kelce for receiving a COVID vaccine and appearing in a commercial.
5894,22,Wait Wait... Don't Tell Me!,WWDTM: Austan Goolsbee,2025-04-12T07:00:59,1,2,0.95,neutral,mmr_measles;personal_decision_or_uptake,False,False,True,episode_5894_clip_2,2726.6,"Quiz question notes RFK Jr. urged people to get the measles vaccine, reversing his typical stance."
5904,22,Wait Wait... Don't Tell Me!,WWDTM: Sterling K. Brown,2025-04-05T12:15:06,1,2,0.95,neutral,efficacy_or_immunity;other_vaccine,False,False,False,episode_5904_clip_2,2733.4,Quiz question states new data suggests the shingles vaccine could protect against dementia.
6173,19,Pod Save America,The GOP Culture War on the Troops,2023-07-13T21:21:03,1,2,0.95,neutral,misinformation_or_fact_checking;other_vaccine,False,False,True,episode_6173_clip_1,2975.0,"Hosts mock a gossip report about RFK Jr., identifying him as an anti-vaccine activist, and question the story's credibility."
6339,22,Wait Wait... Don't Tell Me!,WWDTM: Charlamagne tha God,2024-06-08T07:00:59,1,2,0.95,neutral,covid19,False,False,False,episode_6339_clip_2,2975.0,
6386,22,Wait Wait... Don't Tell Me!,WWDTM: Renée Elise Goldsberry,2024-04-27T07:00:59,1,2,0.95,neutral,efficacy_or_immunity,False,False,False,episode_6386_clip_2,2790.9,Quiz answer stating WHO study found vaccines saved over 154 million lives.
6443,19,Pod Save America,"""Dicks Seek Pics.""",2022-12-06T08:00:00,1,2,0.95,neutral,conspiracy_or_institutional_trust;personal_decision_or_uptake,False,False,True,episode_6443_clip_1,4165.0,
7389,22,Wait Wait... Don't Tell Me!,Dan Perrault and Tony Yacenda,2022-06-25T15:58:45,1,2,0.95,neutral,childhood_schedule;covid19,False,False,False,episode_7389_clip_2,2600.0,
7408,22,Wait Wait... Don't Tell Me!,Sean Hayes,2022-06-18T16:00:17,1,2,0.95,neutral,childhood_schedule;covid19,False,False,False,episode_7408_clip_2,2772.3,Quiz segment notes FDA recommendation for COVID vaccines for children under five.
7596,19,Pod Save America,“Is hating the troops good for Trump?”,2020-09-08T20:34:07,1,2,0.95,neutral,covid19;development_or_approval,False,False,True,episode_7596_clip_1,247.4,Discussion of a potential 'October surprise' vaccine gambit by Trump that voters may not believe.
7990,22,Wait Wait... Don't Tell Me!,Chris Bosh,2021-06-12T16:00:06,1,2,0.95,neutral,access_or_equity;covid19,False,False,False,episode_7990_clip_2,2445.4,Game segment mentions White House buying Pfizer vaccines and a Supreme Court ruling on immigrant vaccine eligibility.
8009,22,Wait Wait... Don't Tell Me!,Joel McHale,2021-05-29T16:00:28,1,2,0.95,neutral,covid19;mandates_or_policy,False,False,False,episode_8009_clip_2,2616.7,"Game segment references CDC vaccination rates, vaccine passports, and policies regarding unvaccinated people."
8016,18,The Megyn Kelly Show,"Trump's Dominant Town Hall, MSNBC's Softball ""Dr."" Jill Interview, and Don Lemon's Media Return, with the Ruthless Podcast | Ep. 700",2024-01-11T20:11:51,1,2,0.95,mixed,covid19;misinformation_or_fact_checking;personal_decision_or_uptake,False,False,True,episode_8016_clip_1,4165.0,"Clip quotes Don Lemon advocating shaming unvaccinated people for believing internet lies, while hosts mock the sentiment."
8965,28,REAL AF with Andy Frisella,934. #75HARD vs Lexi Johnson,2025-09-08T09:00:00,1,2,0.95,neutral,personal_decision_or_uptake;safety_or_side_effects,False,False,False,episode_8965_clip_1,1902.7,A dental hygienist states she was the only staff member in her office who did not receive the pandemic vaccine.
9289,18,The Megyn Kelly Show,"Idaho College Murders: Who is Suspect Bryan Kohberger, and What Evidence is There Against Him, with Howard Blum | Ep. 515",2023-03-20T18:30:00,1,2,0.95,neutral,conspiracy_or_institutional_trust;personal_decision_or_uptake,False,False,False,episode_9289_clip_1,1190.0,Describes a local group's opposition to vaccinations and masks as part of their theocratic goals.
9328,17,The Tucker Carlson Show,Tucker at American Principles Project,2023-12-14T18:00:00,1,2,0.95,mixed,covid19;mandates_or_policy,False,False,True,episode_9328_clip_2,2380.0,Parent describes public schools enforcing masks and vaccines while private schools lack accountability.
10908,18,The Megyn Kelly Show,"McCarthy's Speaker Fight, and Horrific NFL Injury, with Emily Jashinsky, Eliana Johnson, and Clay Travis | Ep. 463",2023-01-03T20:16:35,1,2,0.95,mixed,conspiracy_or_institutional_trust;mandates_or_policy;safety_or_side_effects,False,False,True,episode_10908_clip_1,3670.5,
11995,2,The Joe Rogan Experience,#1700 - Eleanor Kerrigan,2021-08-24T17:00:00,1,2,0.95,neutral,safety_or_side_effects,False,True,False,episode_11995_clip_3,13516.9,"Speakers discuss a comedian's Bell's palsy, noting doctors ruled out the vaccine as the cause due to the time elapsed since vaccination."
15507,18,The Megyn Kelly Show,"Election Consequences, with Chris Christie and James Carville | Ep. 27",2020-11-20T10:00:00,1,2,0.95,neutral,covid19;development_or_approval;efficacy_or_immunity,False,False,False,episode_15507_clip_2,2380.0,"Speaker notes Pfizer and Moderna vaccines are 95% effective, comparing them favorably to flu shots."
16121,24,The Shawn Ryan Show,#26 Alex Epstein - The Global Energy War,2022-05-19T09:00:00,1,2,0.95,neutral,efficacy_or_immunity;polio;safety_or_side_effects,False,False,False,episode_16121_clip_1,3439.3,Speaker uses the polio vaccine as an analogy to argue that evaluating technologies only by side effects while ignoring benefits is a logical error.
22430,46,Pardon My Take,The 2023 Takie Awards,2023-07-14T02:57:21,1,2,0.94,neutral,covid19;misinformation_or_fact_checking,False,False,False,episode_22430_clip_1,5675.5,Hosts list a satirical award category for questions asked about the COVID vaccine regarding Damar Hamlin.
3658,16,The Charlie Kirk Show,What is An American?,2025-08-19T20:17:11,1,2,0.92,mixed,conspiracy_or_institutional_trust;covid19,False,False,True,episode_3658_clip_1,2223.1,
4135,17,The Tucker Carlson Show,Seth Harp Exposes the Murder & Drug Trafficking Taking Place Inside America’s Largest Military Base,2025-08-15T17:00:00,1,2,0.92,neutral,covid19;mandates_or_policy,False,False,True,episode_4135_clip_1,5636.4,Speaker cites forced COVID vaccination to argue against civil liberty concerns regarding drug enforcement.
7966,22,Wait Wait... Don't Tell Me!,Roger Bennett,2021-07-03T16:00:41,1,2,0.92,neutral,covid19;efficacy_or_immunity,False,False,False,episode_7966_clip_2,2611.8,Game segment mentions a report stating Pfizer and Moderna vaccines will likely provide years of immunity.
8148,18,The Megyn Kelly Show,"Post-Debate Spin Room Special, with Vivek Ramaswamy, Nikki Haley, Emily Jashinsky, Michael Moynihan, Tom Bevan, and Chris Stirewalt",2023-12-07T04:57:08,1,2,0.92,neutral,covid19;efficacy_or_immunity;safety_or_side_effects,False,False,True,episode_8148_clip_1,501.0,Hypothetical scenario discussed where employers might blacklist students who questioned vaccine safety during the pandemic.
15248,2,The Joe Rogan Experience,#1488 - Andrew Schulz,2020-06-09T00:00:00,1,2,0.92,mixed,conspiracy_or_institutional_trust;covid19;safety_or_side_effects,False,False,True,episode_15248_clip_1,1785.0,
676,12,Up First from NPR,"Latest on the Kirk Investigation, Who Was Charlie Kirk?, Russian Drones Over Poland",2025-09-11T09:50:20,1,2,0.9,neutral,conspiracy_or_institutional_trust;misinformation_or_fact_checking,False,False,True,episode_676_clip_1,432.6,
779,6,Morbid,Creepy Cemeteries: Volume 1,2024-10-07T07:01:00,1,2,0.9,neutral,influenza;personal_decision_or_uptake;safety_or_side_effects,False,False,False,episode_779_clip_1,330.4,Hosts share personal anecdote about feeling tired and uncomfortable after receiving flu shots.
1055,10,The Mel Robbins Podcast,The Ultimate Advice for Your Next Chapter (After Your Kids Have Left Home),2024-09-09T04:05:00,1,2,0.9,neutral,other_vaccine;personal_decision_or_uptake,False,False,False,episode_1055_clip_1,3772.2,
1612,12,Up First from NPR,"Deported Migrant Returns to US, World Pride in DC, Sports Finals",2025-06-07T14:30:16,1,2,0.9,neutral,influenza;other_vaccine,False,True,False,episode_1612_clip_1,1190.0,"Quiz segment incorrectly suggests foot and mouth or measles vaccines for travel, then corrects to measles."
2077,8,The MeidasTouch Podcast,Trump Has Disaster Landing in DC Over Very Bad News,2025-09-22T18:00:00,1,2,0.9,neutral,conspiracy_or_institutional_trust;misinformation_or_fact_checking,False,True,True,episode_2077_clip_1,47.8,"Host states Donald Trump spread anti-vax conspiracies during a trip, without detailing the specific claims."
3466,3,Crime Junkie,MURDERED: Angela Savage,2018-09-24T04:00:00,1,2,0.9,neutral,other_vaccine;safety_or_side_effects,False,False,False,episode_3466_clip_2,2105.2,"Host shares anecdote about dog developing a lump after vaccinations, later confirmed as a reaction."
3792,12,Up First from NPR,"Big Grocery Merger, Massachusetts Mosquito Disease, Calm In Lebanon",2024-08-27T10:05:16,1,2,0.9,neutral,other_vaccine;safety_or_side_effects,False,False,False,episode_3792_clip_1,381.7,Report on Eastern Equine Encephalitis notes there are currently no vaccines or treatments available for humans.
4065,6,Morbid,True Crime Songs with Ronnie & Ben from Watch What Crappens!,2021-08-16T15:18:47,1,2,0.9,neutral,childhood_schedule;covid19,False,False,False,episode_4065_clip_1,4571.3,Speakers discuss pandemic disruptions and express concern that children under five cannot yet be vaccinated against COVID.
4288,6,Morbid,The Mysterious Murder of Julia Wallace Part 2,2021-04-09T01:00:00,1,2,0.9,neutral,covid19;personal_decision_or_uptake,False,False,False,episode_4288_clip_1,0.0,
4355,6,Morbid,The Tragic Case of Molly Bish,2021-03-07T04:00:00,1,2,0.9,neutral,covid19;efficacy_or_immunity,False,False,False,episode_4355_clip_1,283.6,
5025,6,Morbid,Morbid Soup Dissects Jennifer's Body,2020-01-06T16:21:39,1,2,0.9,neutral,other_vaccine;safety_or_side_effects,False,False,False,episode_5025_clip_1,2975.0,"Hosts discuss a movie plot where a child avoids a tetanus shot after a dirty injury, noting the risk."
5213,20,SmartLess,"""Michael Lewis""",2022-04-11T07:01:00,1,2,0.9,neutral,development_or_approval;efficacy_or_immunity;influenza,False,False,False,episode_5213_clip_2,2775.9,Discusses historical pandemic planning and the shift in understanding non-pharmaceutical interventions prior to vaccine availability.
5256,20,SmartLess,“Eddie Vedder”,2022-02-14T08:01:00,1,2,0.9,supportive,access_or_equity;covid19,False,False,False,episode_5256_clip_1,1548.0,Guest describes participating in Vax Live to encourage global vaccination and equitable access.
5451,19,Pod Save America,MTG: Jesus Was a Felon Too,2024-06-11T07:30:00,1,2,0.9,neutral,other_vaccine,False,False,True,episode_5451_clip_1,2682.1,Notes RFK Jr. had a brain parasite that could have been prevented with a vaccine.
5553,2,The Joe Rogan Experience,#2113 - Christopher Rufo,2024-03-05T18:00:00,1,2,0.9,mixed,covid19;misinformation_or_fact_checking,False,False,True,episode_5553_clip_1,7600.7,Speaker references a video of Rachel Maddow discussing the COVID vaccine as an example of disinformation.
5654,22,Wait Wait... Don't Tell Me!,WWDTM: Bob Costas,2025-09-13T08:00:00,1,2,0.9,neutral,covid19;personal_decision_or_uptake,False,False,False,episode_5654_clip_2,2380.0,Joke about carrying COVID vaccine cards in wallets as wallet usage declines due to digital payments.
5900,19,Pod Save America,On the Ground in Iowa: The Inevitability Problem,2024-01-10T08:00:00,1,2,0.9,mixed,other_vaccine;personal_decision_or_uptake;safety_or_side_effects,False,False,True,episode_5900_clip_1,2003.1,Clip repeats voter statement citing vaccine safety and China as top issues driving caucus participation.
6096,19,Pod Save America,A Very Online Summer (Friends of the Pod Preview),2023-09-05T07:00:00,1,2,0.9,neutral,misinformation_or_fact_checking;personal_decision_or_uptake,False,False,True,episode_6096_clip_1,52.3,"Hosts reference RFK Jr.'s controversial views on vaccines and mention a viral rant by Jack Schlossberg, though the rant itself is about restaurants."
6178,22,Wait Wait... Don't Tell Me!,WWDTM: Kara Jackson,2024-10-05T07:00:59,1,2,0.9,neutral,childhood_schedule;mandates_or_policy,False,False,False,episode_6178_clip_2,2730.2,"Quiz question notes 125,000 kindergarten vaccine exemption filings last year as a news fact."
6266,18,The Megyn Kelly Show,"Why CEO Killer Snapped, Dangers of ""Gentle"" Parenting, and Rise of ""Normophobia,"" with Dr. Leonard Sax and Candice DeLong | Ep. 962",2024-12-11T20:36:37,1,2,0.9,neutral,covid19;personal_decision_or_uptake,False,False,True,episode_6266_clip_1,3164.8,"A doctor recounts a parent using the slogan 'my body, my choice,' originally for abortion rights and later by anti-COVID vaccine activists, to refuse a throat exam for her child."
6373,2,The Joe Rogan Experience,#2045 - Jimmy Carr,2023-10-07T17:00:00,1,2,0.9,neutral,covid19;mandates_or_policy,False,False,False,episode_6373_clip_1,4313.4,Mention of vaccination requirements for entering clubs in New York and Los Angeles during the pandemic.
6529,22,Wait Wait... Don't Tell Me!,WWDTM: Molly Seidel,2023-12-23T08:00:59,1,2,0.9,neutral,childhood_schedule;personal_decision_or_uptake,False,False,False,episode_6529_clip_2,2834.5,Quiz question references a study about school children in Idaho who are not vaccinated.
6540,22,Wait Wait... Don't Tell Me!,WWDTM: Bethenny Frankel,2023-12-16T14:48:46,1,2,0.9,neutral,efficacy_or_immunity;other_vaccine,False,False,False,episode_6540_clip_2,854.2,Guest states vaccines prevent deaths as part of infection prevention duties.
6672,22,Wait Wait... Don't Tell Me!,WWDTM: Mark Ronson,2023-08-26T16:00:53,1,2,0.9,neutral,covid19;development_or_approval,False,False,False,episode_6672_clip_2,2677.2,News quiz segment mentions a White House announcement of a $5 billion push to develop new COVID vaccines.
6730,19,Pod Save America,"""Drop Debt Gorgeous.""",2022-04-28T21:39:08,1,2,0.9,neutral,covid19;efficacy_or_immunity;personal_decision_or_uptake,False,False,False,episode_6730_clip_1,0.0,"Host expresses relief at being vaccinated and boosted, comparing it to having the 'least bad' lottery option."
6733,22,Wait Wait... Don't Tell Me!,WWDTM: Aleeza Ben Shalom,2023-07-01T16:00:55,1,2,0.9,neutral,conspiracy_or_institutional_trust;covid19;misinformation_or_fact_checking,False,False,True,episode_6733_clip_1,351.4,Panelists joke about RFK Jr.'s anti-vaccine stance and shirtless workout videos in a satirical context.
6853,22,Wait Wait... Don't Tell Me!,WWDTM: David Axelrod,2023-03-25T15:58:56,1,2,0.9,neutral,covid19;efficacy_or_immunity,False,False,False,episode_6853_clip_2,2440.5,
7083,22,Wait Wait... Don't Tell Me!,Craig Robinson,2022-11-12T17:15:45,1,2,0.9,neutral,covid19;development_or_approval;other_vaccine,False,False,False,episode_7083_clip_2,2778.8,Quiz question mentions Pfizer completing a trial for a respiratory virus vaccine for children.
7175,19,Pod Save America,“Juneteenth and the GOP’s anti-anti-racism.” (with Jelani Cobb!),2021-06-17T20:37:00,1,2,0.9,neutral,covid19;personal_decision_or_uptake,False,False,False,episode_7175_clip_1,2.0,Hosts discuss merchandise featuring the word 'vaccinated' and note the high demand for a 'vaccinated' pool float.
7222,17,The Tucker Carlson Show,Tucker and Dan Bongino React to the Trump v. Harris Debate,2024-09-12T17:40:00,1,2,0.9,mixed,conspiracy_or_institutional_trust;covid19;misinformation_or_fact_checking;personal_decision_or_uptake,False,False,True,episode_7222_clip_1,1578.7,"Speaker criticizes media for dividing families over policies, referencing 'anti-COVID vax' relatives without detailing specific claims."
7423,18,The Megyn Kelly Show,"Judge Violates Trump's Free Speech, and What Noem's Lies Really Expose, with Vivek Ramaswamy and Buck Sexton | Ep. 784",2024-05-07T18:00:00,1,2,0.9,mixed,covid19;mandates_or_policy,False,False,True,episode_7423_clip_1,3446.0,Speaker criticizes a governor for not protecting people from private vaccine mandates during COVID.
7493,19,Pod Save America,“See you on the other side.” (Pre-election special!),2020-10-30T21:50:52,1,2,0.9,neutral,covid19;development_or_approval,False,False,True,episode_7493_clip_1,102.0,Clip features Trump stating vaccines are coming quickly to end the pandemic.
7524,22,Wait Wait... Don't Tell Me!,Myles Stubblefield,2022-04-30T16:00:41,1,2,0.9,neutral,childhood_schedule;covid19,False,False,False,episode_7524_clip_2,2459.9,
7592,18,The Megyn Kelly Show,"Thought Police and Censorship, and New Gender Surgery Guidance, with Laurence Fox and Father Calvin Robinson | Ep. 763",2024-04-11T10:00:00,1,2,0.9,mixed,conspiracy_or_institutional_trust;covid19;mandates_or_policy,False,False,True,episode_7592_clip_2,2062.1,"Speaker cites lockdowns, vaccines, and mandates as reasons for public distrust in elites and susceptibility to conspiracies."
7658,2,The Joe Rogan Experience,#1932 - Merlin Tuttle,2023-01-27T18:00:00,1,2,0.9,neutral,efficacy_or_immunity;other_vaccine;safety_or_side_effects,False,True,False,episode_7658_clip_1,4420.3,Speaker notes a 100% effective rabies vaccination exists but emphasizes rabies risk from bats is vastly exaggerated.
7673,22,Wait Wait... Don't Tell Me!,Marlon James,2022-02-19T17:18:32,1,2,0.9,neutral,covid19;mandates_or_policy,False,False,True,episode_7673_clip_1,254.0,Hosts joke about Canadian trucker convoy protesting vaccine mandates and bringing fresh COVID to Ottawa.
7861,19,Pod Save America,"“New tone, who dis?”",2020-04-02T20:36:18,1,2,0.9,neutral,covid19;development_or_approval,False,False,True,episode_7861_clip_1,603.1,
8018,2,The Joe Rogan Experience,#1899 - Yannis Pappas,2022-11-16T18:00:00,1,2,0.9,mixed,covid19;mandates_or_policy,False,False,True,episode_8018_clip_1,8925.0,Speakers contrast vaccine ID requirements for work/travel with lack of ID requirements for voting.
8288,23,The Rest Is History,76. Statues: Trafalgar Square,2021-07-19T01:00:00,1,2,0.9,neutral,conspiracy_or_institutional_trust;other_vaccine,False,False,False,episode_8288_clip_1,1480.2,
8716,18,The Megyn Kelly Show,"Donald Trump, Jr. on Another Potential Indictment for His Dad, Attacks on Aldean, and Liberal Hypocrisy | Ep. 592",2023-07-21T18:00:00,1,2,0.9,neutral,covid19;mandates_or_policy;personal_decision_or_uptake,False,False,True,episode_8716_clip_1,1361.6,Discussion notes DeSantis praised vaccines on TV and had policies similar to Trump regarding mandates.
9284,8,The MeidasTouch Podcast,Panicked White House Snaps in Disaster Press Briefing,2025-05-11T02:00:00,1,2,0.9,mixed,conspiracy_or_institutional_trust;personal_decision_or_uptake,False,False,True,episode_9284_clip_1,668.0,"Host mocks MAGA dislike for a Pope who encouraged vaccine use, implying political hypocrisy."
9349,28,REAL AF with Andy Frisella,"890. Andy & DJ CTI: Trump Admin Asks SCOTUS To Allow Them To Slash Federal Workforce, Ukraine And Russia Agree To Swap Dead And Wounded Troops & Pro Sports Go All-In For Pride Month",2025-06-03T09:00:00,1,2,0.9,mixed,covid19;mandates_or_policy;personal_decision_or_uptake,False,False,True,episode_9349_clip_1,3851.4,Speaker claims many people regret following vaccine guidelines during COVID but complied due to lack of courage.
9395,8,The MeidasTouch Podcast,Weak Trump Cracks Under Pressure as War Starts,2025-05-07T09:00:00,1,2,0.9,mixed,covid19;mandates_or_policy,False,False,True,episode_9395_clip_1,142.6,Quotes a DoD statement claiming the end of emergency vaccine mandates as part of removing wokeness from the military.
10735,18,The Megyn Kelly Show,"Now There's Pence Classified Docs, and Harry's Media Obsession, with Amala Ekpunobi, Evita Duffy, and Valentine Low | Ep. 478",2023-01-24T20:44:26,1,2,0.9,mixed,covid19;mandates_or_policy,False,False,True,episode_10735_clip_1,1009.4,A police officer claims many were forced off the force due to vaccine mandates under Mayor Lightfoot.
10775,30,Candace,Theo Von Speaks Out | Big Names Missing In The Diddy Trial | Candace Ep 188,2025-05-22T22:30:00,1,2,0.9,mixed,conspiracy_or_institutional_trust;covid19;mandates_or_policy,False,False,True,episode_10775_clip_1,2570.6,Speaker recounts avoiding vaccination to bypass restrictions and facing conspiracy accusations.
11606,18,The Megyn Kelly Show,"Ben Shapiro on Biden Mental Fitness Gaslighting, FBI's Pro-Life Activist Raid, and Gender Reality | EP. 401",2022-09-29T18:39:20,1,2,0.9,neutral,mandates_or_policy,False,False,True,episode_11606_clip_1,5755.5,
12163,2,The Joe Rogan Experience,#1690 - JessiMae Peluso,2021-07-31T17:00:00,1,2,0.9,mixed,conspiracy_or_institutional_trust,False,False,True,episode_12163_clip_1,2581.2,
12533,30,Candace,BOMBSHELL: Is Diddy A Fed Asset? | Candace Ep 20,2024-07-08T20:00:00,1,2,0.9,mixed,conspiracy_or_institutional_trust;personal_decision_or_uptake,False,False,False,episode_12533_clip_1,2380.0,Reads a listener letter describing a couple who identify as 'state skeptics' and 'anti-vax' while living a traditional Catholic lifestyle.
12713,30,Candace,Uh-oh! Black Americans Can No Longer Be Controlled | Candace Ep 3,2024-06-12T20:00:00,1,2,0.9,mixed,conspiracy_or_institutional_trust;mandates_or_policy,False,False,True,episode_12713_clip_1,1190.0,Speaker mentions government attempts to mandate vaccines as an example of threatening bodily autonomy and justifying gun ownership.
15767,2,The Joe Rogan Experience,#1449 - Bryan Callen,2020-03-27T00:00:00,1,2,0.9,neutral,hpv;other_vaccine,False,False,False,episode_15767_clip_1,4165.0,Speakers note the lack of a herpes vaccine but confirm the existence and importance of the HPV vaccine.
18003,50,This Past Weekend w/ Theo Von,"#602 - Gaza Doctor (Aziz Rahman, MD)",2025-08-12T03:30:00,1,2,0.9,neutral,access_or_equity;other_vaccine,False,False,True,episode_18003_clip_1,3003.2,Guest states that preventable diseases are emerging in Gaza due to lack of clean water and unavailable vaccines.
20299,8,The MeidasTouch Podcast,Trump TEARS DOWN the GOP as Biden MOMENTUM Grows,2024-03-15T09:00:00,1,2,0.9,neutral,covid19;efficacy_or_immunity,False,False,True,episode_20299_clip_1,4307.6,Quotes Trump stating the virus will go away faster because of vaccines amidst a list of past predictions.
21981,46,Pardon My Take,"Ryan Fitzpatrick, Playoff Baseball Talk, CFB Wrap Up + Jimbos",2023-10-11T05:20:33,1,2,0.9,neutral,efficacy_or_immunity;influenza,False,False,False,episode_21981_clip_1,2725.7,Host jokes that his flu shot does absolutely nothing and questions strain prediction accuracy.
22090,57,The Russell Brunson Show,Protecting Yourself and Your Business From Weaknesses,2021-09-13T08:00:00,1,2,0.9,neutral,personal_decision_or_uptake;safety_or_side_effects,False,False,True,episode_22090_clip_1,207.9,"Speaker declines to take a stance on vaccines, urging listeners to choose based on personal belief."
22111,59,Last Podcast On The Left,Episode 590: Sovereign Citizens vs. Mormons w/ Natalie Jean & Amber Nelson,2024-09-20T22:07:07,1,2,0.9,neutral,conspiracy_or_institutional_trust;misinformation_or_fact_checking,False,False,True,episode_22111_clip_1,4165.0,Notes that a sovereign citizen figure holds anti-vaccine beliefs alongside other conspiracy theories.
11360,28,REAL AF with Andy Frisella,"810. Andy & DJ CTI: Trump Announces Push For National Concealed Carry Reciprocity, Biden Stumbles At Beach & FEMA Fires Official",2024-11-12T10:00:00,1,2,0.88,mixed,mandates_or_policy;personal_decision_or_uptake,False,False,True,episode_11360_clip_1,4760.0,Mentions people not wanting to take a vaccine as an example of beliefs leading to persecution.
12757,2,The Joe Rogan Experience,#1650 - Russell Peters,2021-05-12T17:00:00,1,2,0.88,neutral,other_vaccine;polio,False,False,False,episode_12757_clip_1,8503.8,Speakers recall childhood polio vaccinations leaving scars and immigrant vaccination requirements.
14977,18,The Megyn Kelly Show,"John Rich on Trump and Biden, The Leftward Drift of Red Cities, and His Relationship With God | Ep. 78",2021-03-19T08:00:00,1,2,0.88,supportive,covid19;personal_decision_or_uptake,False,False,False,episode_14977_clip_1,2582.5,Speaker links returning to normalcy and reopening businesses to achieving herd immunity through vaccination.
7710,19,Pod Save America,"""Statues over soldiers.”",2020-06-29T20:54:00,1,2,0.87,neutral,covid19;development_or_approval,False,False,True,episode_7710_clip_1,2025.3,
231,6,Morbid,The Crescent Hotel,2025-07-14T07:01:00,1,2,0.85,neutral,conspiracy_or_institutional_trust;other_vaccine,False,False,False,episode_231_clip_1,2057.2,Hosts mention a historical radio host who ranted about vaccines and denounced medical doctors.
1817,2,The Joe Rogan Experience,#2306 - Deric Poston,2025-04-17T17:00:00,1,2,0.85,mixed,conspiracy_or_institutional_trust;mandates_or_policy,False,False,True,episode_1817_clip_1,10257.0,The speaker briefly mentions a scenario where authorities might force everyone to get a vaccine as part of a broader control narrative.
2882,2,The Joe Rogan Experience,#2253 - Theo Von,2025-01-08T18:00:00,1,2,0.85,neutral,misinformation_or_fact_checking;safety_or_side_effects,False,False,False,episode_2882_clip_1,3316.9,"The speaker lists vaccines as one of several theories people hold regarding the cause of increased autism rates, alongside environmental issues."
3694,2,The Joe Rogan Experience,#2227 - Adrienne Iapalucci,2024-11-12T18:00:00,1,2,0.85,mixed,conspiracy_or_institutional_trust;mandates_or_policy,False,False,True,episode_3694_clip_1,6589.2,Speaker lists forced baby vaccinations as a hypothetical dystopian outcome of a political election.
3823,16,The Charlie Kirk Show,The Obamagate Grand Jury Is Coming,2025-08-05T20:28:37,1,2,0.85,mixed,conspiracy_or_institutional_trust;covid19;mandates_or_policy,False,False,True,episode_3823_clip_1,39.5,Speaker lists vaccine mandates alongside lockdowns and corruption as crimes needing accountability during COVID.
3913,18,The Megyn Kelly Show,"Left Losing Meme War, Chelsea Clinton's Pod, and How AI Helps Scammers, with RealClearPolitics Hosts and Eric O'Neill  |  Ep. 1162",2025-10-02T19:51:12,1,2,0.85,mixed,conspiracy_or_institutional_trust;covid19;misinformation_or_fact_checking,False,False,True,episode_3913_clip_1,4165.0,"Hosts critique Chelsea Clinton's podcast on misinformation, noting her mother's role in past political disinformation campaigns."
3968,6,Morbid,*BONUS* Listener Tales Patreon Edition: PART 2,2021-10-11T18:21:40,1,2,0.85,neutral,covid19;personal_decision_or_uptake,False,False,False,episode_3968_clip_1,87.9,
4364,20,SmartLess,"""RE-RELEASE: Ricky Gervais""",2025-02-13T08:00:00,1,2,0.85,neutral,covid19,False,False,False,episode_4364_clip_2,3031.4,
4553,2,The Joe Rogan Experience,#2178 - Sam Morril,2024-07-19T17:00:00,1,2,0.85,neutral,personal_decision_or_uptake,False,False,False,episode_4553_clip_1,5485.1,
4847,20,SmartLess,"""MIT Professor Max Tegmark: LIVE in Boston""",2023-07-13T07:01:00,1,2,0.85,neutral,other_vaccine,False,False,False,episode_4847_clip_1,265.7,Host mentions receiving the shingles vaccine but subsequently developing shingles symptoms.
5012,18,The Megyn Kelly Show,"What's Behind the Elon vs. Trump Drama, and Insane Leftist Arguments, with Ben Shapiro, Anna Khachiyan, and Dasha Nekrasova | Ep. 1088",2025-06-06T20:03:36,1,2,0.85,neutral,covid19;mandates_or_policy,False,False,False,episode_5012_clip_1,6545.0,Speaker jokes that adding Ozempic to COVID vaccines would have increased public uptake.
5145,19,Pod Save America,Doug Emhoff Is Ready to Win (Fantasy Football),2024-09-05T01:49:23,1,2,0.85,neutral,covid19;personal_decision_or_uptake,False,False,False,episode_5145_clip_1,1273.5,
5351,6,Morbid,The Body Farm Solo Mini Morbid,2019-04-06T03:20:15,1,2,0.85,neutral,other_vaccine;safety_or_side_effects,False,False,False,episode_5351_clip_1,1857.8,Narrator explains that body farm workers receive vaccinations for hepatitis and tetanus to prevent disease transmission.
5360,20,SmartLess,"""David Remnick""",2021-10-11T07:01:00,1,2,0.85,neutral,covid19;efficacy_or_immunity,False,False,False,episode_5360_clip_1,786.8,"Speaker uses the pandemic as a rehearsal for climate change, noting there is no vaccine for climate issues."
5460,17,The Tucker Carlson Show,Rick Sanchez: Fired and Threatened With Jail for Refusing to Spout Zelensky’s Talking Points,2025-03-17T18:40:00,1,2,0.85,mixed,conspiracy_or_institutional_trust;mandates_or_policy,False,False,True,episode_5460_clip_1,1913.2,Opposes government encouragement of mob behavior against people who don't get vaccinated.
5468,6,Morbid,The Salem Witch Trials,2018-10-17T03:29:23,1,2,0.85,neutral,conspiracy_or_institutional_trust;other_vaccine,False,False,False,episode_5468_clip_1,1450.9,Host notes smallpox outbreak blamed on witchcraft due to lack of vaccine knowledge then.
6073,2,The Joe Rogan Experience,#2076 - Aza Raskin & Tristan Harris,2023-12-19T19:48:12,1,2,0.85,neutral,conspiracy_or_institutional_trust;development_or_approval,False,False,False,episode_6073_clip_1,8330.0,"Mentions a past government program to sequence viruses to help build vaccines, which was canceled due to biosecurity risks."
6274,19,Pod Save America,DeSantis World Bore,2023-05-02T07:00:00,1,2,0.85,neutral,covid19,False,False,True,episode_6274_clip_1,2975.0,A comedian jokes that Fox News reporters attended an event last year because they were fully vaccinated and boosted against COVID-19.
6391,18,The Megyn Kelly Show,"Elon and Vivek Prepare to Lead DOGE, Pete Hegseth to Pentagon, and Trump Goes to White House, with Bill Ackman | Ep. 943",2024-11-13T19:00:00,1,2,0.85,neutral,misinformation_or_fact_checking,False,False,True,episode_6391_clip_1,2710.1,Speaker mentions vaccines as a controversial issue where thoughtful arguments exist on both sides.
6628,22,Wait Wait... Don't Tell Me!,WWDTM: Solicitor General Elizabeth Prelogar,2023-10-07T14:45:14,1,2,0.85,neutral,covid19;mandates_or_policy,False,False,False,episode_6628_clip_2,2458.9,"Quiz question notes CDC stopped printing vaccination cards, mentioned alongside other news items."
6723,2,The Joe Rogan Experience,#2014 - Jim Gaffigan,2023-07-28T17:00:08,1,2,0.85,mixed,conspiracy_or_institutional_trust;covid19;misinformation_or_fact_checking;safety_or_side_effects,False,False,True,episode_6723_clip_1,5789.1,Speaker lists 'vaccine injury' alongside other societal crises as a source of public overwhelm without asserting specific facts.
6750,19,Pod Save America,"""America’s Next Top Press Secretary."" (Live from D.C.!)",2022-04-15T07:37:00,1,2,0.85,mixed,covid19;personal_decision_or_uptake,False,False,True,episode_6750_clip_1,4361.8,"Host jokes about gathering 3,000 unvaccinated swing voters in DC, noting the difficulty of finding them."
6770,19,Pod Save America,"""Keep My Wife's Name Out Your Evidence.""",2022-03-29T07:02:00,1,2,0.85,neutral,conspiracy_or_institutional_trust;covid19;misinformation_or_fact_checking,False,False,True,episode_6770_clip_1,2687.0,
6858,17,The Tucker Carlson Show,"Ryan Salame: Facing Prison for Donating to Trump, His Journey With SBF, & Why the Banks Hate Crypto",2024-10-09T20:05:00,1,2,0.85,neutral,covid19;development_or_approval,False,False,True,episode_6858_clip_1,2078.5,
6860,19,Pod Save America,"""Pardon the Insurrection.""",2022-02-01T08:01:00,1,2,0.85,neutral,covid19;mandates_or_policy,False,False,True,episode_6860_clip_1,818.1,Hosts discuss Trump using vaccine mandates and lockdowns as cultural war issues to maintain political focus.
7097,17,The Tucker Carlson Show,"Kid Rock’s Secret to Success, What They Won’t Tell You About Donald Trump, and the Diddy Arrest",2024-09-21T16:35:00,1,2,0.85,mixed,conspiracy_or_institutional_trust;covid19;misinformation_or_fact_checking,False,False,True,episode_7097_clip_1,642.7,Speaker equates questioning the 2020 election with questioning vaccine safety and efficacy.
7186,19,Pod Save America,“Does size matter?” (with Pete Buttigieg!),2021-06-10T21:02:00,1,2,0.85,neutral,covid19;efficacy_or_immunity,False,False,True,episode_7186_clip_1,431.0,
7200,19,Pod Save America,"""Body temperature takes."" (500th episode special!!)",2021-05-31T07:01:00,1,2,0.85,neutral,covid19;efficacy_or_immunity,False,False,True,episode_7200_clip_1,1190.0,
7666,18,The Megyn Kelly Show,"""The View"" Exposed, Biden's Glitzy Fundraiser, and MSNBC's Tantrums, with The Fifth Column Hosts | Ep. 752",2024-03-28T19:31:09,1,2,0.85,mixed,covid19;mandates_or_policy,False,False,True,episode_7666_clip_1,2975.0,Guest mentions having questions about vaccine mandates as part of a broader discussion on race and media consequences.
7782,24,The Shawn Ryan Show,#186 Brett Cooper - The Real Reason She Left The Daily Wire,2025-03-27T10:00:00,1,2,0.85,neutral,mandates_or_policy;personal_decision_or_uptake,False,False,False,episode_7782_clip_1,10710.0,
8743,2,The Joe Rogan Experience,#1841 - Brian Redban,2022-07-07T17:00:00,1,2,0.85,mixed,covid19;efficacy_or_immunity,False,False,False,episode_8743_clip_1,14102.1,Speakers speculate that past exposure to germs built strong immune systems preventing COVID before vaccination.
8787,18,The Megyn Kelly Show,"Biden Won't Acknowledge His 7th Grandchild, and White House Cocaine, with Amala Ekpunobi and Evita Duffy-Alfonso | Ep. 581",2023-07-05T18:54:25,1,2,0.85,neutral,covid19;safety_or_side_effects,False,False,False,episode_8787_clip_1,163.8,Notes a teen's death from myocarditis with speculation about COVID or vaccines as unconfirmed causes.
8799,18,The Megyn Kelly Show,"Supreme Court's Historic Free Speech and Student Debt Decisions, with Charles C.W. Cooke, Judge Amul Thapar, Kristen Waggoner, and More | Ep. 579",2023-06-30T19:00:59,1,2,0.85,neutral,mandates_or_policy,False,False,True,episode_8799_clip_1,2221.5,Mentions Biden's OSHA vaccine mandate as an example of executive overreach struck down by courts.
8949,28,REAL AF with Andy Frisella,"939. Andy & DJ CTI: Far-Left Utah Group Investigated For Advanced Knowledge Of Charlie Kirk Assassination, Republicans Block Senate Vote To Release Epstein Files & New York Gov. Kathy Hochul endorses Communist Zohran Mamdani in NYC Mayoral race.",2025-09-16T09:00:00,1,2,0.85,supportive,conspiracy_or_institutional_trust;covid19;mandates_or_policy,False,False,True,episode_8949_clip_1,2737.1,Speaker compares current political rage to COVID era hostility toward those refusing masks and vaccines.
8977,2,The Joe Rogan Experience,#1822 - Chris DiStefano,2022-05-24T17:00:00,1,2,0.85,mixed,covid19;misinformation_or_fact_checking,False,True,True,episode_8977_clip_1,11807.7,"Speakers dispute a White House tweet claiming no vaccine existed when Biden took office, noting he was already vaccinated."
9022,8,The MeidasTouch Podcast,Trump Goes Absolutely Nuts After Biggest Loss Yet,2025-05-29T09:00:00,1,2,0.85,neutral,covid19;mandates_or_policy;misinformation_or_fact_checking,False,True,True,episode_9022_clip_1,595.0,
9035,8,The MeidasTouch Podcast,MeidasTouch Full Podcast - 5/27/25,2025-05-27T09:00:00,1,2,0.85,neutral,covid19;mandates_or_policy;misinformation_or_fact_checking,False,True,True,episode_9035_clip_1,3570.0,
9069,2,The Joe Rogan Experience,#1815 - The Black Keys,2022-05-10T17:00:00,1,2,0.85,neutral,misinformation_or_fact_checking,False,True,False,episode_9069_clip_1,12939.0,"Speaker defends podcast against 'anti-vax' label, noting others mischaracterize its message."
9282,18,The Megyn Kelly Show,"Trans Activists Honored on Women's History Month, and Trump's Potential Arrest, with Amala Ekpunobi and Evita Duffy-Alfonso | Ep. 516",2023-03-27T19:02:56,1,2,0.85,neutral,mandates_or_policy;personal_decision_or_uptake,False,False,True,episode_9282_clip_1,2109.6,"Host notes Trump mentions vaccines and his supporters oppose mandates, without evaluating the claims."
10552,8,The MeidasTouch Podcast,"Dem Gov Town Hall on Trump 100 Days with JB Pritzker, Tim Walz, Maura Healey, and Kathy Hochul",2025-04-30T03:38:00,1,2,0.85,neutral,access_or_equity;childhood_schedule,False,False,True,episode_10552_clip_1,2516.3,Governor mentions medical checkups and vaccinations while discussing budget items for families and Medicaid coverage.
10564,8,The MeidasTouch Podcast,MeidasTouch Full Podcast - 4/29/25,2025-04-29T09:00:00,1,2,0.85,neutral,covid19;development_or_approval,False,False,True,episode_10564_clip_1,2623.7,Speaker argues better leadership could have allowed earlier vaccine development and strategy before the pandemic hit.
10765,2,The Joe Rogan Experience,#1777 - Andrew Dessler,2022-02-16T18:00:00,1,2,0.85,neutral,covid19;mandates_or_policy,False,False,True,episode_10765_clip_1,7419.0,
11489,2,The Joe Rogan Experience,#1734 - Ron White,2021-11-16T18:00:00,1,2,0.85,mixed,conspiracy_or_institutional_trust;personal_decision_or_uptake,False,False,True,episode_11489_clip_1,836.2,
11593,2,The Joe Rogan Experience,#1727 - Rob Kearney,2021-10-28T17:00:00,1,2,0.85,mixed,conspiracy_or_institutional_trust;mandates_or_policy,False,False,True,episode_11593_clip_1,7805.5,
11898,18,The Megyn Kelly Show,"A Deep Dive Into Alzheimer's and Disturbing New Scientific Findings, with Dr. Dale Bredesen, Dr. Matthew Schrag, and Charles Piller | Ep. 373",2022-08-15T18:50:45,1,2,0.85,mixed,conspiracy_or_institutional_trust;covid19;development_or_approval,False,False,True,episode_11898_clip_1,4202.9,
11926,18,The Megyn Kelly Show,"Feds Raid Trump's Home, and American Opportunity, with Sen. Tim Scott, Alan Dershowitz, and Harmeet Dhillon | Ep. 370",2022-08-09T19:24:53,1,2,0.85,neutral,covid19;mandates_or_policy,False,False,True,episode_11926_clip_1,3831.1,Panel discusses AG Garland labeling parents domestic terrorists for objecting to mask and vaccine mandates.
11949,2,The Joe Rogan Experience,#1704 - C.K. Chin,2021-09-08T17:00:00,1,2,0.85,neutral,covid19;personal_decision_or_uptake,False,False,True,episode_11949_clip_1,6644.2,Mentions tribalism between vaccinated and unvaccinated groups as part of a broader discussion on social division.
12009,18,The Megyn Kelly Show,"Bridget Phetasy on Trauma and Recovery, Victimhood, and Marriage | Summer Re-Release",2022-07-26T18:00:00,1,2,0.85,supportive,covid19;personal_decision_or_uptake,False,False,False,episode_12009_clip_1,3909.1,Speaker expresses optimism about vaccine distribution leading to a return to normalcy and encourages wellness choices.
12480,18,The Megyn Kelly Show,"Biden's Inflation Blame Game, and Elites' Empire of Lies, with Tyler Cowen and Victor Davis Hanson | Ep. 319",2022-05-11T19:25:16,1,2,0.85,mixed,covid19;mandates_or_policy,False,False,True,episode_12480_clip_1,3044.4,"Mentions a million and a half people crossing the border during the pandemic without vaccinations, tests, or background checks as a grievance."
12547,18,The Megyn Kelly Show,"Corporate Media Gate-Keeping, and Bizarre Depp-Heard Behavior, with the Ruthless Podcast Hosts, Mark Geragos, and Vinnie Politan | Ep. 312",2022-05-02T19:40:22,1,2,0.85,mixed,conspiracy_or_institutional_trust;covid19;mandates_or_policy,False,False,True,episode_12547_clip_1,50.2,Mocks the White House Correspondents' Dinner for abandoning COVID protocols like masking and double-vaxing despite previous strict enforcement.
12653,2,The Joe Rogan Experience,#1657 - Mayor Steve Adler,2021-05-25T17:00:00,1,2,0.85,neutral,access_or_equity;covid19;personal_decision_or_uptake,False,False,False,episode_12653_clip_1,2380.0,Mayor discusses vaccinating the homeless population as part of public health strategy.
13489,32,Money Rehab with Nicole Lapin,Is the Tinder Swindler One in a Million?,2022-03-22T07:01:00,1,2,0.85,neutral,covid19;misinformation_or_fact_checking,False,False,False,episode_13489_clip_1,265.1,
13975,2,The Joe Rogan Experience,#1586 - Tony Hinchcliffe,2020-12-30T18:00:00,1,2,0.85,neutral,covid19;efficacy_or_immunity,False,False,False,episode_13975_clip_1,1785.0,Brief mention of vaccine rollout in UK and expectation that life will return to normal once vaccinated.
14134,2,The Joe Rogan Experience,#1575 - Bill Burr,2020-12-07T18:00:00,1,2,0.85,neutral,covid19;efficacy_or_immunity,False,False,False,episode_14134_clip_1,4866.6,Briefly discusses hope for vaccine efficacy to return to normalcy and individual decisions on timing.
14207,35,Right About Now - Legendary Business Advice,"The Week of October 06, 2023 Marketing and Business News: The Rise of AI Deception is a Problem",2023-10-06T09:04:30,1,2,0.85,neutral,covid19;personal_decision_or_uptake,False,False,False,episode_14207_clip_1,31.2,Host notes Aaron Rodgers' anti-vax stance and contrasts it with Travis Kelce's Pfizer commercials.
14464,18,The Megyn Kelly Show,"The Rise Of The Illiberal Left, with Christina Hoff Sommers, Desh Amila, and Curt Jaimungal | Ep. 137",2021-07-30T08:00:00,1,2,0.85,neutral,covid19;mandates_or_policy;safety_or_side_effects,False,False,False,episode_14464_clip_1,839.7,Guest mentions COVID vaccine policies as an example of society erring on the side of maximum safety at the expense of other values.
14717,2,The Joe Rogan Experience,#1529 - Whitney Cummings & Annie Lederman,2020-08-21T19:00:00,1,2,0.85,mixed,conspiracy_or_institutional_trust;covid19;mandates_or_policy,False,False,True,episode_14717_clip_2,8150.7,"Speakers compare Neuralink implants to vaccines, expressing greater fear of brain chips than vaccination."
14796,18,The Megyn Kelly Show,"Adam Grant on How To Win Arguments, ""Safe Spaces"" on College Campuses, and Imposter Thoughts | Ep. 97",2021-05-03T08:00:00,1,2,0.85,supportive,misinformation_or_fact_checking;personal_decision_or_uptake,False,False,False,episode_14796_clip_1,2380.0,Host recounts persuading a friend strongly opposed to all vaccines by asking questions rather than arguing.
14806,18,The Megyn Kelly Show,"Kmele Foster, Michael Moynihan, and Matt Welch on Woke Culture, Free Speech, and Identity Politics | Ep. 96",2021-04-30T08:00:00,1,2,0.85,neutral,covid19;personal_decision_or_uptake,False,False,True,episode_14806_clip_1,345.9,"Hosts discuss the awkwardness of masked, vaccinated politicians at the State of the Union despite high vaccination rates."
15185,35,Right About Now - Legendary Business Advice,"Weekly Marketing and Advertising News, February 4, 2022: Spotify Artists VS Joe Rogan",2022-02-04T09:30:00,1,2,0.85,neutral,misinformation_or_fact_checking;personal_decision_or_uptake,False,False,True,episode_15185_clip_1,2380.0,"Speakers discuss the Joe Rogan controversy, defending the right to voice concerns about data mismatches while denying being anti-vax."
15471,24,The Shawn Ryan Show,"#45 Bob ""Ninja"" Poras - Inside CIA's Global Response Staff | Part 2",2023-01-23T11:00:00,1,2,0.85,mixed,covid19;mandates_or_policy;personal_decision_or_uptake,False,False,True,episode_15471_clip_1,10816.8,Guest mentions frustration with the 'vaccination thing' and lockdowns as part of broader life struggles during the pandemic.
15515,2,The Joe Rogan Experience,#1472 - Michael Yo,2020-05-12T00:00:00,1,2,0.85,neutral,covid19;efficacy_or_immunity;influenza,False,False,False,episode_15515_clip_1,8400.7,Speakers contrast the existence of a flu vaccine with the lack of a coronavirus vaccine at the time.
15540,28,REAL AF with Andy Frisella,"319. Andy & DJ CTI: Most Significant Gun Control Legislation, President Biden's Cheat Sheet & Dr. Oz Ditches Donald Trump",2022-06-25T09:00:54,1,2,0.85,mixed,covid19;mandates_or_policy;personal_decision_or_uptake,False,False,True,episode_15540_clip_1,1283.7,Speaker criticizes hypocrisy of those opposing vaccine mandates but supporting abortion rights.
15980,35,Right About Now - Legendary Business Advice,Open Mic: Getting Ready for a Radical 2021,2020-12-31T17:00:00,1,2,0.85,neutral,covid19;personal_decision_or_uptake,False,False,False,episode_15980_clip_1,894.6,"Speaker expresses hesitation about returning to normalcy despite vaccine rollout, fearing prolonged pandemic restrictions."
16209,42,Armchair Expert with Dax Shepard,Steven Pinker Returns (on common knowledge),2025-09-24T07:35:00,1,2,0.85,neutral,covid19;efficacy_or_immunity,False,False,False,episode_16209_clip_1,784.3,Speaker states vaccines ended COVID and restored global positive trends.
18068,2,The Joe Rogan Experience,#1332 - Annie Lederman,2019-08-07T00:00:00,1,2,0.85,mixed,conspiracy_or_institutional_trust;other_vaccine,False,False,False,episode_18068_clip_1,595.0,"Speakers joke about herpes and question if the government is withholding a vaccine, labeling it a conspiracy theory."
18224,50,This Past Weekend w/ Theo Von,#587 - Arnold Schwarzenegger,2025-06-05T07:15:00,1,2,0.85,neutral,covid19;personal_decision_or_uptake,False,False,False,episode_18224_clip_1,5130.9,Speaker mentions Bobby Kennedy's concern for public health and vaccines during the pandemic while describing him as a friend.
19302,53,The Diary Of A CEO with Steven Bartlett,"AI AGENTS EMERGENCY DEBATE: These Jobs Won't Exist In 24 Months! Containment Has Failed, We Must Prepare For What's Coming!",2025-05-12T05:00:00,1,2,0.85,neutral,conspiracy_or_institutional_trust;covid19;development_or_approval,False,False,False,episode_19302_clip_1,2387.9,Discussion mentions AI creating vaccines and reiterates the theory that COVID-19 originated from a lab in Wuhan.
19791,55,3 Takeaways™,"How to Change: An Expert on the Science of Personal Change Reveals Proven, Powerful Strategies (#126)",2023-01-03T06:00:00,1,2,0.85,neutral,influenza;personal_decision_or_uptake,False,False,False,episode_19791_clip_1,1624.3,
19825,55,3 Takeaways™,Is This Time Different? Eight Centuries of Financial Folly with Famed Economist Ken Rogoff (#114),2022-10-11T05:00:00,1,2,0.85,neutral,access_or_equity;other_vaccine,False,False,False,episode_19825_clip_1,764.5,
19828,55,3 Takeaways™,"Why Having Too Little Makes People Perform Worse and Become More Impatient, Impulsive and Careless: Princeton Behavioral Scientist Eldar Shafir (repost) (#113)",2022-10-04T05:00:00,1,2,0.85,neutral,access_or_equity;other_vaccine;personal_decision_or_uptake,False,False,False,episode_19828_clip_1,0.0,
19852,52,Matt and Shane's Secret Podcast,"Ep 386 - Cursed Is The Man (feat. Mike Rainey, Jon DelCollo, & Charles Blyzniuk)",2022-03-08T21:57:00,1,2,0.85,mixed,covid19;personal_decision_or_uptake,False,False,True,episode_19852_clip_1,2975.0,Hosts mention Kyrie Irving's unvaccinated status while discussing NBA picks.
19976,52,Matt and Shane's Secret Podcast,Ep 371 - ... UGH,2021-11-17T19:01:00,1,2,0.85,mixed,covid19;misinformation_or_fact_checking,True,False,True,episode_19976_clip_1,2380.0,Speakers claim SNL targets those against vaccines and jokingly suggest replacing heroin needles with vaccine needles for addicts.
19999,55,3 Takeaways™,The Latest Findings in Behavioral Science and How They Can Make Your Life Better: Harvard Professor & Nudge Co-Author Cass Sunstein (#54),2021-08-17T05:00:00,1,2,0.85,neutral,covid19;personal_decision_or_uptake,False,False,False,episode_19999_clip_1,1493.9,Mentions Facebook using behavioral nudges to promote COVID-19 vaccination and mask-wearing through information provision.
20142,55,3 Takeaways™,"Founder of Khan Academy, Sal Khan: On Scaling to One Billion Students (#5)",2020-09-01T21:00:00,1,2,0.85,neutral,covid19;development_or_approval;efficacy_or_immunity,False,False,False,episode_20142_clip_1,1056.0,Sal Khan cites experts predicting a 75% chance COVID will be controlled by next year due to therapies or effective vaccines.
20334,52,Matt and Shane's Secret Podcast,Ep 323- 40 More Days,2020-11-10T02:37:01,1,2,0.85,neutral,covid19;personal_decision_or_uptake,False,False,True,episode_20334_clip_2,3657.2,Speakers note hope returning due to vaccine availability and discuss pandemic restrictions.
23029,46,Pardon My Take,"March Madness Recap, 4 Days Of Upsets, Chaos And Awesome Moments + Monday Reading About Kyler Murray",2023-03-20T08:01:02,1,2,0.85,mixed,covid19;misinformation_or_fact_checking;safety_or_side_effects,True,False,False,episode_23029_clip_1,3570.0,Speakers joke that a player's absence might be due to an experimental vaccine before blaming time distortion.
270,11,The Commune,The Wounded Healer,2022-06-05T12:16:00,1,2,0.8,neutral,other_vaccine,False,False,False,episode_270_clip_1,0.4,Speaker metaphorically refers to children eating sugar as their 'immunisation program' in a commune setting.
3768,12,Up First from NPR,"Final Stretch Of Presidential Campaign, Venezuela Turmoil, Disney & DirecTV",2024-09-03T10:00:09,1,2,0.8,neutral,mmr_measles;personal_decision_or_uptake,False,False,False,episode_3768_clip_1,740.8,"A teaser notes children are being vaccinated at lower rates, raising concerns about deadly diseases like measles."
3802,2,The Joe Rogan Experience,#2220 - Francis Foster & Konstantin Kisin,2024-10-30T17:00:00,1,2,0.8,mixed,covid19;safety_or_side_effects,False,False,False,episode_3802_clip_1,11523.5,"Speakers note Noam Chomsky's hardline pro-vaccine stance, attributing it to age-related fear of disease."
3853,6,Morbid,The Murder of Betsy Faria Part 1,2021-12-31T00:02:00,1,2,0.8,neutral,covid19;personal_decision_or_uptake,False,False,False,episode_3853_clip_1,204.2,Host attributes asymptomatic COVID infection to having received a booster and expresses gratitude for being vaccinated.
3925,18,The Megyn Kelly Show,"Dems Mad at Memes, Lemon and Reid's Racialized Crime Comments, and Michelle Can't Stand Barack, with Glenn Greenwald  |  Ep. 1161",2025-10-01T19:17:51,1,2,0.8,mixed,conspiracy_or_institutional_trust;covid19;personal_decision_or_uptake,False,True,True,episode_3925_clip_1,5822.3,"Host references past argument that unvaccinated should be denied hospital care, criticizing leader who celebrated job losses."
4584,19,Pod Save America,How a Political Party Can Rise from the Dead,2025-03-09T08:05:00,1,2,0.8,neutral,conspiracy_or_institutional_trust;covid19,False,False,True,episode_4584_clip_1,3351.6,Brief mention of Democrats defending institutions like CDC regarding COVID vaccines amidst trust issues.
4603,19,Pod Save America,Trump’s Ukraine Fallout and Crypto Grift,2025-03-04T08:05:00,1,2,0.8,neutral,misinformation_or_fact_checking;personal_decision_or_uptake,False,True,True,episode_4603_clip_1,4792.4,Discusses RFK Jr.'s history of misleading anti-vaccine messaging and how Republicans leveraged his constituency.
4782,20,SmartLess,"""Rose Byrne""",2023-08-21T07:01:00,1,2,0.8,neutral,mandates_or_policy;other_vaccine,False,False,False,episode_4782_clip_1,1347.0,
5159,8,The MeidasTouch Podcast,Trump in Terror as Newsom Twists the Screws in Him,2025-08-18T21:00:00,1,2,0.8,neutral,personal_decision_or_uptake,False,False,True,episode_5159_clip_1,687.3,
5268,2,The Joe Rogan Experience,#2133 - Brendan O'Neill,2024-04-10T17:00:00,1,2,0.8,mixed,mandates_or_policy;personal_decision_or_uptake,False,False,True,episode_5268_clip_1,3911.4,References Spotify controversy over Rogan's vaccination content while arguing against censorship.
6324,19,Pod Save America,"""Mugshots and Milk Shots."" (Live from Wisconsin!)",2023-03-20T07:05:00,1,2,0.8,neutral,mandates_or_policy;mmr_measles;other_vaccine,False,False,True,episode_6324_clip_1,3311.6,Quiz segment asks about Wisconsin Republicans blocking a student vaccination mandate for meningitis.
6528,2,The Joe Rogan Experience,#2030 - Protect Our Parks 9,2023-09-05T17:00:00,1,2,0.8,mixed,conspiracy_or_institutional_trust;covid19;personal_decision_or_uptake,False,False,True,episode_6528_clip_3,12564.1,Speakers joke about the social pressure and conspiracy theories surrounding admitting to getting vaccinated.
6547,19,Pod Save America,The Wilderness Chapter 2: Party Switchers in Virginia,2022-09-26T07:05:00,1,2,0.8,neutral,covid19;personal_decision_or_uptake,False,False,True,episode_6547_clip_1,1892.7,Hosts mention voters turned out to deliver vaccines as a past political achievement.
6701,19,Pod Save America,"""Trump Loses Georgia Again?""",2022-05-24T07:05:00,1,2,0.8,neutral,covid19;personal_decision_or_uptake,False,False,True,episode_6701_clip_1,1785.0,"Speaker recalls the 2020 pro-vaccine, pro-public health coalition as a broad group motivated by pandemic response."
6729,18,The Megyn Kelly Show,"Best of the Week: ABC's Terrible Debate Moderators, Taylor Swift's Endorsement, Feminization of Men",2024-09-15T10:00:00,1,2,0.8,mixed,covid19;mandates_or_policy;personal_decision_or_uptake,False,False,True,episode_6729_clip_1,4168.3,Speaker recounts being labeled a 'bad guy' for opposing school closures while others advocated vaccination.
6743,19,Pod Save America,"""Midterm Madness with Elizabeth Warren.""",2022-04-19T07:02:00,1,2,0.8,neutral,access_or_equity;covid19,False,False,True,episode_6743_clip_1,2076.4,"Senator Warren credits the American Rescue Plan for funding vaccines and community health distribution, aiding economic recovery."
7079,24,The Shawn Ryan Show,"#208 Alexandr Wang - CEO, Scale AI",2025-06-12T10:00:00,1,2,0.8,neutral,covid19;development_or_approval,False,False,False,episode_7079_clip_1,10204.7,
7312,19,Pod Save America,"“Green Eggs and Covid Relief Plan.""",2021-03-11T22:07:00,1,2,0.8,neutral,covid19;mandates_or_policy,False,False,True,episode_7312_clip_1,0.0,Intro mentions Republican response to vaccine funding as part of the news agenda.
7530,19,Pod Save America,“America’s Crazy Uncle.” (Town hall recap),2020-10-16T21:53:00,1,2,0.8,neutral,covid19;development_or_approval;efficacy_or_immunity,False,False,True,episode_7530_clip_1,2568.8,
7557,23,The Rest Is History,260: Croatia: The Man Who Saved The Roman Empire,2022-11-22T02:00:00,1,2,0.8,neutral,covid19;safety_or_side_effects,False,False,False,episode_7557_clip_1,1400.6,Host mentions Novak Djokovic refusing to take vaccines while describing the appearance of Roman generals.
7654,19,Pod Save America,“You’ve got (no) mail.”,2020-08-03T21:03:39,1,2,0.8,supportive,conspiracy_or_institutional_trust;other_vaccine,False,False,False,episode_7654_clip_1,3658.9,Speaker sarcastically thanks Bill Gates for vaccines while discussing monopolistic tech practices.
7833,23,The Rest Is History,189. Australian Prime Ministers: Bob Hawke - Scott Morrison (Part 3),2022-05-26T01:00:00,1,2,0.8,neutral,covid19;mandates_or_policy,False,False,True,episode_7833_clip_1,2380.0,"Hosts note Scott Morrison's pandemic management included bringing vaccines to Australia, lowering death rates."
8927,18,The Megyn Kelly Show,"DeSantis vs. Trump Fight Heats Up, and the Demise of Black Lives Matter, with Dave Rubin and Hotep Jesus | Ep. 559",2023-05-26T19:16:14,1,2,0.8,mixed,conspiracy_or_institutional_trust;misinformation_or_fact_checking,True,False,False,episode_8927_clip_1,3583.0,
8948,18,The Megyn Kelly Show,"Charlie Kirk on Tucker Carlson's True Brand Value, AOC's Funeral Selfies, DeSantis' Mistakes, and Why RNC Leaders Should Go | Ep. 555",2023-05-22T18:00:00,1,2,0.8,neutral,conspiracy_or_institutional_trust;covid19;safety_or_side_effects,False,False,True,episode_8948_clip_1,4775.7,Mentions Tucker Carlson discussed vaccine adverse events as part of his unique programming compared to peers.
9017,8,The MeidasTouch Podcast,Fox News Panics on Air as Trump Suffers Major Defeat,2025-05-29T15:00:00,1,2,0.8,neutral,covid19;mandates_or_policy;misinformation_or_fact_checking,False,True,True,episode_9017_clip_1,595.0,
9135,28,REAL AF with Andy Frisella,"909. Andy & DJ CTI: Shane Gillis’ ESPYs Monologue, Senate Passes Trump-Backed Rescission Plan & Orange County Resident Torches Illegal Immigrants",2025-07-18T09:00:00,1,2,0.8,mixed,conspiracy_or_institutional_trust;covid19;safety_or_side_effects,False,False,True,episode_9135_clip_1,5355.0,
10657,28,REAL AF with Andy Frisella,"871. Andy & DJ CTI: Trump Unfurls Plans For Double 100-Foot Flagpoles, SCOTUS Appears Poised To Side With Maryland Parents Over LGBTQ+ Books & Amish Community Helps Rebuild Western North Carolina",2025-04-25T09:00:00,1,2,0.8,mixed,covid19;mandates_or_policy,False,False,True,episode_10657_clip_1,2727.9,"Speaker compares school board arguments about parental choice to vaccine mandate arguments, criticizing the 'choice' to opt out of society."
10671,30,Candace,TO CATCH A PREDATOR! Israel BRIBING Pastors And Influencers. | Candace Ep 207,2025-06-26T22:32:00,1,2,0.8,mixed,other_vaccine;personal_decision_or_uptake,False,False,False,episode_10671_clip_1,2975.0,Speaker promotes a resource called 'Shot in the Dark' to help parents ask questions about vaccines and avoid feeling victimized by doctors.
10713,28,REAL AF with Andy Frisella,"866. Andy & DJ CTI: Elon Musk's DOGE Discovers Millions In Taxpayer Dollars Wasted On Fake People, Beijing Allowing Putin To Recruit Chinese Fighters & Tim Walz Heckled By Military Veterans",2025-04-11T09:00:00,1,2,0.8,mixed,conspiracy_or_institutional_trust;covid19;misinformation_or_fact_checking,False,False,True,episode_10713_clip_1,2380.0,"Speaker mentions vaccines as a topic causing political base erosion, grouping vaccine messaging with other perceived media manipulations."
11516,18,The Megyn Kelly Show,"Kardashian Narcissism, Kanye's Anti-Semitism, and Nuclear ""Armageddon,"" with The Fifth Column Hosts | Ep. 409",2022-10-11T19:27:00,1,2,0.8,neutral,covid19;mandates_or_policy,False,False,True,episode_11516_clip_1,0.0,
11840,2,The Joe Rogan Experience,#1712 - Bert Kreischer (Part 1),2021-09-28T20:00:00,1,2,0.8,neutral,personal_decision_or_uptake;safety_or_side_effects,False,True,False,episode_11840_clip_1,7034.3,Speaker clarifies he is not advising for or against vaccination but sharing information.
12443,18,The Megyn Kelly Show,"Horrific Buffalo Shooting Gets Grossly Politicized, with Brandon Tatum, Christian Walker, and Devin Nunes | Ep. 322",2022-05-16T19:21:10,1,2,0.8,mixed,covid19;personal_decision_or_uptake,False,False,True,episode_12443_clip_1,5646.0,"Host mentions NBA player Jonathan Isaac refused the vaccine and faced consequences, highlighting his upcoming appearance."
12660,2,The Joe Rogan Experience,#1656 - Adam Duritz,2021-05-21T17:00:00,1,2,0.8,neutral,covid19;efficacy_or_immunity;safety_or_side_effects,False,False,False,episode_12660_clip_1,6647.8,Brief discussion noting autoimmune patients remain at higher risk for severe COVID even after vaccination.
13154,24,The Shawn Ryan Show,#88 Chris Miller - Former Secretary of Defense on Toppling the Taliban | Part 1,2023-12-11T11:00:00,1,2,0.8,neutral,covid19;mandates_or_policy,False,False,False,episode_13154_clip_1,2380.0,Host notes the guest oversaw the COVID-19 vaccine rollout during their tenure as acting secretary of defense.
13830,28,REAL AF with Andy Frisella,"524. Andy & DJ CTI: Moscow Drone Strikes, LGBTQ+ Book Pulled From Target & GOP Holds FBI Director In Contempt",2023-05-31T09:00:00,1,2,0.8,mixed,conspiracy_or_institutional_trust;covid19;mandates_or_policy,True,False,True,episode_13830_clip_1,3811.2,Host lists forced vaccination among alleged actions by corrupt officials to weaken the country.
13888,8,The MeidasTouch Podcast,Canadian MP TORCHES Trump Plans in RESURFACED SPEECH,2024-12-16T10:00:00,1,2,0.8,mixed,covid19;misinformation_or_fact_checking,False,False,True,episode_13888_clip_1,251.7,Speaker notes Trump's language on vaccinations adds stress to the nation and threatens democracy.
14022,34,Finding Peak with Ryan Hanley,RHS 061 - Aubie Knight on the Impact of COVID-19 on Independent Agents and What to Do Next,2020-09-02T21:30:00,1,2,0.8,mixed,conspiracy_or_institutional_trust;covid19,True,False,False,episode_14022_clip_1,1548.4,Jokingly suggests Jeff Bezos has the vaccine because he is part of the Illuminati.
14314,2,The Joe Rogan Experience,#1560 - Mike Baker,2020-11-07T18:00:00,1,2,0.8,neutral,covid19;development_or_approval,False,False,True,episode_14314_clip_1,4933.2,
14998,18,The Megyn Kelly Show,"Victor Davis Hanson on the Crisis at the Border, the Liberal Elite's ""Abstract Empathy,"" and What He Loves About America  | Ep. 76",2021-03-15T08:00:00,1,2,0.8,supportive,access_or_equity;covid19;mandates_or_policy,False,False,True,episode_14998_clip_1,4402.1,Guest praises US capacity to distribute vaccines quickly by leveraging private pharmacies and individualism.
15094,8,The MeidasTouch Podcast,Trump GOES FULL CRAZY in FINAL DAYS,2024-10-22T09:00:00,1,2,0.8,neutral,conspiracy_or_institutional_trust;covid19;development_or_approval,False,False,True,episode_15094_clip_1,3570.0,
15335,18,The Megyn Kelly Show,"Bridget Phetasy on Trauma and Recovery, Victimhood and Entitlement, and Marriage | Ep. 44",2020-12-30T10:00:00,1,2,0.8,neutral,covid19;development_or_approval;personal_decision_or_uptake,False,False,False,episode_15335_clip_1,3983.0,"Speaker notes vaccines are being distributed and taken, expressing hope for a return to normalcy."
15568,35,Right About Now - Legendary Business Advice,"Weekly Marketing and Advertising News, September 3, 2021: Marketers Putting More Trust On TikTok",2021-09-03T08:30:00,1,2,0.8,mixed,conspiracy_or_institutional_trust;covid19;misinformation_or_fact_checking,False,False,True,episode_15568_clip_1,1844.5,Speakers jokingly suggest using controversial tags like 'vaccines don't work' to game social media algorithms.
18185,46,Pardon My Take,"Comedian Adam Friedland, Daniel Jones QB1 Again, Mt Rushmore Of Things That Make Your Friends House Cool + Guys On Camp From Camp Barstool",2025-08-20T05:29:39,1,2,0.8,mixed,conspiracy_or_institutional_trust;other_vaccine,False,False,True,episode_18185_clip_1,3995.8,Speaker sarcastically references a past era before 'these vaccines' and 'cancel culture' ruined the country.
19788,46,Pardon My Take,"Dan Orlovsky Breaking Down Super Wild Card Weekend, Notre Dame Advances, Picks And Preview + Fyre Fest Of The Week",2025-01-10T06:11:45,1,2,0.8,neutral,influenza;safety_or_side_effects,False,False,False,episode_19788_clip_1,6552.5,
19812,52,Matt and Shane's Secret Podcast,Ep 391 - Supa Gremlin,2022-04-12T19:32:00,1,2,0.8,neutral,mandates_or_policy;other_vaccine,False,False,False,episode_19812_clip_1,23.6,
19975,55,3 Takeaways™,An Insider’s Perspective on Venture Capital: Sierra Ventures Founder and Advisor Peter Wendell (#61),2021-10-05T05:00:00,1,2,0.8,neutral,covid19;development_or_approval,False,False,False,episode_19975_clip_1,1338.1,Speaker notes increased VC interest in life sciences due to unmet needs highlighted by the COVID vaccine and other conditions.
20357,52,Matt and Shane's Secret Podcast,Ep 319-CBDhab,2020-10-14T13:21:07,1,2,0.8,neutral,covid19;safety_or_side_effects,False,False,False,episode_20357_clip_1,967.6,Speaker mentions hearing vaccines are delayed due to health complications and jokes about side effects.
3744,2,The Joe Rogan Experience,#2224 - Tim Dillon,2024-11-06T03:10:00,1,2,0.75,mixed,conspiracy_or_institutional_trust;mandates_or_policy,False,False,True,episode_3744_clip_1,6895.7,Speaker speculates about a future where corporate oligarchs and government dictate vaccine choices and lifestyle restrictions.
3855,2,The Joe Rogan Experience,#2218 - Sam Tripoli,2024-10-25T17:00:00,1,2,0.75,mixed,covid19;misinformation_or_fact_checking;safety_or_side_effects,False,False,False,episode_3855_clip_1,5355.0,"Speaker compares lack of death data for gas station pills to COVID vaccines, implying similar data opacity."
3947,18,The Megyn Kelly Show,"Trump Sends National Guard to Portland, and Unhinged Leftist Reaction, with Michael Shellenberger and Leland Vittert  |  Ep. 1159",2025-09-29T19:41:39,1,2,0.75,mixed,conspiracy_or_institutional_trust;mandates_or_policy,False,False,True,episode_3947_clip_1,2803.8,Discusses digital ID systems potentially tracking vaccine records as part of broader surveillance concerns.
4609,18,The Megyn Kelly Show,"Trump's Tariff Victory Lap, Massive EU Trade Deal, and Insane Leftist Sydney Sweeney Backlash, with Victor Davis Hanson",2025-07-28T20:15:24,1,2,0.75,mixed,efficacy_or_immunity;mandates_or_policy,False,False,True,episode_4609_clip_1,1190.0,Mentions young people avoiding military service due to vaccination bans or preferences for natural immunity.
5474,19,Pod Save America,Biden Takes Action on the Border,2024-06-05T21:36:43,1,2,0.75,neutral,covid19;efficacy_or_immunity,False,False,False,episode_5474_clip_1,3043.2,Speaker advises getting a COVID booster soon to avoid getting sick again.
5707,19,Pod Save America,A Guide to the 2024 Battleground States,2024-03-20T21:05:41,1,2,0.75,neutral,mandates_or_policy;personal_decision_or_uptake,False,False,True,episode_5707_clip_1,2192.2,Speaker notes voter anger over vaccine mandates as part of a broader anti-establishment sentiment benefiting Trump among young men.
6835,23,The Rest Is History,416. The Canterbury Tales (Part 4),2024-02-08T00:10:00,1,2,0.75,neutral,covid19,False,False,False,episode_6835_clip_1,384.3,
7153,22,Wait Wait... Don't Tell Me!,Julio Torres,2022-10-01T16:07:48,1,2,0.75,neutral,personal_decision_or_uptake,False,False,False,episode_7153_clip_2,1961.6,Panelists joke about vaccination sites and farmers markets as unconventional places to find romantic dates.
7193,18,The Megyn Kelly Show,Fraud Week: Two Former NXIVM Members Speak Out on True Horrors of the Cult...And How They Got Out | Ep. 817,2024-06-13T18:00:00,1,2,0.75,mixed,conspiracy_or_institutional_trust,False,False,False,episode_7193_clip_1,5205.6,
7237,22,Wait Wait... Don't Tell Me!,Congresswoman Eleanor Holmes Norton,2022-08-27T16:00:36,1,2,0.75,neutral,covid19,False,False,False,episode_7237_clip_2,2560.9,Quiz question references a tennis star withdrawing from the U.S. Open due to COVID policies affecting vaccinated individuals.
8552,18,The Megyn Kelly Show,"McConnell's Alarming Freeze, Biden's Decline, and Elites Saying We'll ""Own Nothing,"" with Glenn Greenwald and Carol Roth | Ep. 619",2023-08-31T19:40:32,1,2,0.75,mixed,covid19;development_or_approval;mandates_or_policy,False,False,True,episode_8552_clip_1,3601.6,Speaker acknowledges controversial vaccines but defends Big Pharma's role in innovation and drug development.
10454,2,The Joe Rogan Experience,#1796 - Ali Siddiq,2022-03-24T17:00:00,1,2,0.75,neutral,covid19;personal_decision_or_uptake,False,False,False,episode_10454_clip_1,0.0,Comedian recounts having COVID before vaccines were available and perceiving new variants as weak compared to the original.
10650,30,Candace,Epstein Is INNOCENT. Tucker Carlson Is GUILTY! (Trust The Science) | Candace Ep 211,2025-07-07T21:53:00,1,2,0.75,neutral,other_vaccine,False,False,False,episode_10650_clip_1,3039.6,Speaker mentions a series committed to vaccines available on their website without detailing specific claims.
12292,2,The Joe Rogan Experience,#1681 - Brian Simpson,2021-07-12T17:00:00,1,2,0.75,neutral,covid19;personal_decision_or_uptake,False,False,False,episode_12292_clip_1,2975.0,Anecdote about a friend's mother with immune issues who was vaccinated but still required strict isolation due to lack of protection.
13173,28,REAL AF with Andy Frisella,"595. Q&AF: Deep Government Corruption, 2nd Generation Business Owner & Teaching Kids About Earning",2023-11-06T10:00:00,1,2,0.75,mixed,conspiracy_or_institutional_trust;covid19;mandates_or_policy,False,False,True,episode_13173_clip_1,1359.9,Lists vaccines alongside other issues as surface-level arguments used by elites to divide the population and maintain control.
14231,24,The Shawn Ryan Show,#72 Tony Cowden - CIA Operator's Real Life John Wick-Style Gunfight in a Warzone | Part 1,2023-08-28T10:00:00,1,2,0.75,neutral,conspiracy_or_institutional_trust;covid19;development_or_approval,False,True,True,episode_14231_clip_1,8330.0,"Speaker notes that the vaccine was approved under Trump, countering the narrative that only Democrats supported it."
14323,18,The Megyn Kelly Show,"Wesley Yang on Weaponized Fragility, Policing Debate Out of Existence, and The Successor Ideology | Ep. 150",2021-08-23T20:29:50,1,2,0.75,neutral,access_or_equity;mandates_or_policy,False,False,True,episode_14323_clip_1,6854.7,
14339,36,The Code To Winning,"STRUGGLES, SUCCESS & SOCIAL MEDIA: A CEOs JOURNEY || HAYDEN VAN HULZEN || EPISODE 019",2025-02-21T17:31:48,1,2,0.75,neutral,personal_decision_or_uptake,False,False,True,episode_14339_clip_1,2109.3,Speaker notes MAGA base largely opposed vaccines but emphasizes sticking to personal principles.
15123,35,Right About Now - Legendary Business Advice,"Weekly Marketing and Advertising News, March 11, 2022: TikTok Latest Features",2022-03-11T09:30:00,1,2,0.75,neutral,covid19;personal_decision_or_uptake,False,False,False,episode_15123_clip_1,2847.3,
15196,2,The Joe Rogan Experience,#1492 - Jocko Willink,2020-06-16T00:00:00,1,2,0.75,neutral,access_or_equity;other_vaccine,False,False,True,episode_15196_clip_1,4600.4,Mentions reliance on China for manufacturing vaccines and medical supplies as a reason to reshore production.
15333,28,REAL AF with Andy Frisella,"344. Andy, AJ & DJ CTI: Election Fraud In Colorado, Democrats Pressuring Disney To Run Abortion Ads & China's Warning To Nancy Pelosi",2022-07-27T09:00:50,1,2,0.75,mixed,covid19;mandates_or_policy;misinformation_or_fact_checking,False,False,True,episode_15333_clip_1,1250.2,Speaker criticizes vague censorship policies that punish discouraging vaccination even if the speaker is factually accurate.
19456,53,The Diary Of A CEO with Steven Bartlett,Menopause Expert: Belly Fat Grows During Menopause! Your Estrogen Levels Are Controlling You & This Hormone Is Quietly Killing Your Sex Life!,2025-03-27T06:00:00,1,2,0.75,neutral,efficacy_or_immunity;safety_or_side_effects,False,False,False,episode_19456_clip_1,5697.0,Guest notes women have stronger vaccine responses and higher autoimmune disease rates due to biological and gender differences.
19691,46,Pardon My Take,"Ryan Fitzpatrick Talking Conference Championships, Stavros Halkios And The Ravens Loss, Ohio State Wins The Natty, Bears Get Ben Johnson And Tensions Are Mounting",2025-01-22T05:59:31,1,2,0.75,mixed,covid19;mandates_or_policy;personal_decision_or_uptake,False,False,False,episode_19691_clip_1,4165.0,Briefly mentions Novak Djokovic being excluded from Australia due to his unvaccinated status during the pandemic.
19882,52,Matt and Shane's Secret Podcast,Ep 383 - The Lone Pieman,2022-02-16T18:30:00,1,2,0.75,mixed,covid19;misinformation_or_fact_checking,False,False,True,episode_19882_clip_1,1470.4,Mentions backlash against Trevor Noah for commenting on vaccine company ownership.
19922,52,Matt and Shane's Secret Podcast,Ep 378 - Jeep Ka-Ping (feat. Tim Butterly & Sidney Gantt),2022-01-13T16:34:00,1,2,0.75,mixed,conspiracy_or_institutional_trust;covid19;mandates_or_policy,False,False,True,episode_19922_clip_1,3659.0,Speaker mentions Japan allegedly taking down vaccine mandates while expressing general distrust of government institutions.
20008,55,3 Takeaways™,Risk vs. Opportunity in the Market: Investing the Assets of Michael Bloomberg with Steve Rattner (#50),2021-07-20T05:00:00,1,2,0.75,neutral,access_or_equity;covid19,False,False,False,episode_20008_clip_1,743.6,Notes Europe has finally organized its vaccine response but remains a weak economic engine due to structural issues.
20432,2,The Joe Rogan Experience,#1223 - Greg Fitzsimmons,2019-01-11T00:00:00,1,2,0.75,neutral,efficacy_or_immunity;other_vaccine,False,False,False,episode_20432_clip_1,2272.0,"Speaker notes historical high infant mortality rates were due to sickness and injury, mentioning the absence of vaccines."
5417,20,SmartLess,"""Joy Reid""",2021-07-26T10:00:00,1,2,0.7,neutral,covid19;misinformation_or_fact_checking,False,True,False,episode_5417_clip_1,60.3,Hosts briefly list getting vaccinated alongside believing in global warming and the earth being round as accepted facts.
7057,22,Wait Wait... Don't Tell Me!,Dana Carvey,2022-12-03T17:51:18,1,2,0.7,neutral,other_vaccine;personal_decision_or_uptake,False,False,False,episode_7057_clip_2,2975.0,
7173,19,Pod Save America,“That new Biden smell.” (with Sen. Bernie Sanders!),2021-06-21T21:40:00,1,2,0.7,neutral,covid19;personal_decision_or_uptake,False,False,False,episode_7173_clip_1,854.5,Speakers discuss economic recovery depending on more people getting vaccinated and the pandemic subsiding.
7274,18,The Megyn Kelly Show,"Could Trump Conviction Get Overturned on Appeal? With Dave Aronberg and Mike Davis, and Robert F. Kennedy Jr. On Fighting Collusion to Make Debate Stage | Ep. 806",2024-05-30T19:59:52,1,2,0.7,neutral,conspiracy_or_institutional_trust;covid19,False,False,True,episode_7274_clip_1,2977.3,"Host references past episodes with RFK Jr. focusing on vaccines and Fauci, noting previous platforming during controversial times."
11397,32,Money Rehab with Nicole Lapin,Trump Immigration Crackdown; Battle Over Birthright Citizenship; Record Snow In South; Soup Cough Drops?,2025-01-22T15:33:00,1,2,0.7,neutral,development_or_approval;efficacy_or_immunity,False,False,False,episode_11397_clip_1,1421.0,Speaker describes future AI potential to sequence cancer tumors and design individualized cancer vaccines.
11733,30,Candace,BREAKING: Was Kamala Harris Previously Married?! | Candace Ep 83,2024-10-15T21:30:02,1,2,0.7,critical,conspiracy_or_institutional_trust;covid19;misinformation_or_fact_checking,False,False,True,episode_11733_clip_1,2548.3,Host mentions being labeled anti-vax while discussing moon landing conspiracies and government grooming of leaders.
12140,32,Money Rehab with Nicole Lapin,Big Economic Predictions for 2024 with NYU Professor Scott Galloway,2024-01-18T08:00:00,1,2,0.7,neutral,covid19;other_vaccine,False,False,True,episode_12140_clip_1,595.0,Speaker briefly notes global preference for US technology and implies no one wants Chinese or Russian vaccines.
12849,18,The Megyn Kelly Show,"Alcohol and Caffeine, Naps, and the Science of Sleep, with Dr. Matt Walker | Ep. 284",2022-03-23T18:00:00,1,2,0.7,neutral,efficacy_or_immunity,False,False,False,episode_12849_clip_1,5662.0,Host briefly notes studies linking sleep to improved immunity and vaccine response.
14549,8,The MeidasTouch Podcast,FED UP Republicans LOSE IT on Fox over Trump Picks,2024-11-16T22:00:00,1,2,0.7,neutral,mandates_or_policy;misinformation_or_fact_checking,False,False,True,episode_14549_clip_1,695.7,Host questions a guest's support for Trump appointees despite concerns about the vaccine space.
15005,18,The Megyn Kelly Show,"Michael Knowles on Prince Harry and Meghan Markle, Entitlement and Victimhood, and the Woke Drift in Schools | Ep. 75",2021-03-12T09:00:00,1,2,0.7,neutral,covid19;mandates_or_policy,False,False,True,episode_15005_clip_1,4336.3,Speaker critiques prolonged mask mandates and lockdowns despite vaccination progress under the Biden administration.
19472,8,The MeidasTouch Podcast,Trump’s PAST RESURFACES after Biden’s LATEST MOVE,2024-04-28T07:00:00,1,2,0.7,neutral,efficacy_or_immunity;mandates_or_policy,False,False,True,episode_19472_clip_1,337.8,Clip praises Biden's administration for organizing the post-COVID vaccine rollout and achieving low uninsured rates.
20463,53,The Diary Of A CEO with Steven Bartlett,"Simon Sinek: ""Strong Thigh Muscles = More friends"", This Is Why You Can't Make Friends!",2024-06-17T05:00:00,1,2,0.7,neutral,conspiracy_or_institutional_trust;covid19;misinformation_or_fact_checking,False,False,True,episode_20463_clip_1,92.7,Speaker categorizes anti-vaxxers during COVID as part of broader anti-establishment movements driven by feeling forgotten.
7336,22,Wait Wait... Don't Tell Me!,Puja Patel,2022-07-16T15:53:57,2,1,0.95,neutral,covid19;other_vaccine,False,False,False,episode_7336_clip_2,2422.3,News quiz question mentions White House urging Americans to get vaccine boosters for Omicron.
2751,10,The Mel Robbins Podcast,3 Things You Need to Accept About Other People,2022-12-12T05:00:00,2,1,0.9,neutral,other_vaccine;personal_decision_or_uptake,False,False,False,episode_2751_clip_1,727.5,Host recounts missing puppy vaccination appointments due to busy schedule.
8017,22,Wait Wait... Don't Tell Me!,Jennifer Finney Boylan,2021-05-22T16:00:34,2,1,0.9,neutral,covid19;mandates_or_policy;safety_or_side_effects,False,False,False,episode_8017_clip_1,200.5,Comedic discussion of CDC guidance allowing vaccinated people to remove masks and public anxiety about revealing faces.
11773,28,REAL AF with Andy Frisella,"765. Andy & DJ CTI: DNC Day 2, Moscow Targeted With Largest Drone Attack & Five Bodies Found In Sunken Superyacht",2024-08-22T09:00:00,1,1,0.99,neutral,other_vaccine;safety_or_side_effects,False,False,False,episode_11773_clip_1,3654.3,Hosts recount a news story where a man bitten by a python received a tetanus vaccine at the hospital.
6448,22,Wait Wait... Don't Tell Me!,WWDTM: Danny Brown,2024-03-02T15:17:49,1,1,0.95,neutral,covid19,False,False,False,episode_6448_clip_2,2696.2,
7424,22,Wait Wait... Don't Tell Me!,Kenan Thompson,2022-06-11T15:57:13,1,1,0.95,neutral,covid19;development_or_approval,False,False,False,episode_7424_clip_2,2668.6,Quiz segment mentions FDA panel endorsing a possible new COVID vaccine.
773,6,Morbid,The Snedeker Haunting: A Haunting in Connecticut,2024-10-10T07:01:00,1,1,0.9,neutral,other_vaccine;safety_or_side_effects,False,False,False,episode_773_clip_1,3935.7,Drug ad advises patients to tell their doctor if they need a vaccine due to infection risks.
10776,24,The Shawn Ryan Show,"#133 John ""Shrek"" McPhee - The Sheriff of Baghdad",2024-09-23T10:00:00,1,1,0.85,neutral,personal_decision_or_uptake;safety_or_side_effects,False,False,False,episode_10776_clip_1,367.5,"Guest expresses fear of needles and reluctance to get shots, including vaccines."
1625,1,Dateline NBC,On the Hunt for the Zombie Hunter,2023-10-31T10:00:00,1,1,0.8,neutral,safety_or_side_effects,False,False,False,episode_1625_clip_1,1324.5,Drug ad advises patients to inform doctors about prior vaccinations before starting Tremfya treatment.
4854,2,The Joe Rogan Experience,#2159 - Sal Vulcano,2024-05-31T17:00:00,1,1,0.8,neutral,other_vaccine,False,False,False,episode_4854_clip_1,8136.9,
7814,19,Pod Save America,“The Freedom to Kill Workers Act.”,2020-04-30T21:37:55,1,1,0.8,neutral,covid19;development_or_approval,False,False,False,episode_7814_clip_1,0.0,Intro mentions global efforts to develop a coronavirus vaccine quickly.
7620,22,Wait Wait... Don't Tell Me!,Zazie Beetz,2022-03-19T16:21:42,1,1,0.75,neutral,other_vaccine;personal_decision_or_uptake,False,False,False,episode_7620_clip_2,2380.0,Joke implies Californians avoid weird food but get vaccinated.
13156,32,Money Rehab with Nicole Lapin,Elaine Welteroth on Wedding vs House Budgets and Abundance Mindset,2022-08-26T15:56:00,1,1,0.75,neutral,covid19,False,False,False,episode_13156_clip_1,1498.0,Guest describes having a Zoom wedding before vaccines or tests were readily available during the pandemic.
20165,52,Matt and Shane's Secret Podcast,Ep 346- Operation W.O.K.E.,2021-05-06T18:05:00,1,1,0.75,neutral,other_vaccine,False,False,False,episode_20165_clip_1,4623.5,A speaker makes a brief analogy comparing throwing away sandwiches to discarding unused vaccines.
55,4,The Daily,Sunday Special: What Makes a Restaurant Great?,2025-09-21T10:00:00,1,1,0.7,neutral,covid19;personal_decision_or_uptake,False,False,False,episode_55_clip_1,90.3,Speakers mention being freshly vaccinated while planning travel post-pandemic.
7152,19,Pod Save America,“Trump Mini-Me’s and Wannabe’s.”,2021-07-08T21:09:00,1,1,0.7,neutral,covid19;personal_decision_or_uptake,False,False,False,episode_7152_clip_1,722.6,Host briefly mentions being double vaccinated as a reason for feeling safe to visit a restaurant.
10455,30,Candace,Charlie Kirk Expressed Concerns About TPUSA Finances | Candace Ep 243,2025-09-25T22:44:00,1,1,0.6,neutral,other_vaccine,False,False,False,episode_10455_clip_1,2642.3,Speaker briefly mentions learning about vaccines in the context of supporting the show or buying merch.
13993,32,Money Rehab with Nicole Lapin,The Dog Ate My Wallet,2021-06-01T07:01:00,1,1,0.6,neutral,other_vaccine,False,False,False,episode_13993_clip_1,350.9,Lists vaccinations as one of many costs associated with owning a dog in the first year.
14546,35,Right About Now - Legendary Business Advice,First Class Women in Business,2023-02-14T11:28:25,1,1,0.6,neutral,other_vaccine,False,False,False,episode_14546_clip_1,919.7,Guest briefly mentions witnessing vaccinations while shadowing a surgeon in Guatemala.
14554,18,The Megyn Kelly Show,"Two Women Fighting Back, with ""ThisIsSavvy"" Savannah Edwards and Rancher Leisl Carpenter | Ep. 125",2021-07-07T08:00:00,1,1,0.5,neutral,other_vaccine,False,False,False,episode_14554_clip_1,5379.0,Rancher mentions buying vaccines for cattle as part of operational costs during the pandemic.
